edition,serial,license_no,license_printed,name,page,fund_type,amount_2025_06_bdt,share_2025_06_pct,amount_2024_06_bdt,share_2024_06_pct
2025-06,1,792,21112-01012-00792,Abalamban,228,Clients' Savings,15596866,42.92,13518873,41.84
2025-06,1,792,21112-01012-00792,Abalamban,228,Loan from Govt.,,0.0,4790000,14.83
2025-06,1,792,21112-01012-00792,Abalamban,228,Other loans,3968000,10.92,,0.0
2025-06,1,792,21112-01012-00792,Abalamban,228,Cumulative Surplus,10562644,29.07,8847383,27.38
2025-06,1,792,21112-01012-00792,Abalamban,228,Other Fund,6212510,17.1,5151422,15.94
2025-06,1,792,21112-01012-00792,Abalamban,228,Total,36340020,100,32307678,100
2025-06,2,529,03722-03365-00529,Abdul Hai Zahura Welfare Foundation,228,Clients' Savings,3611856,26.34,3048168,36.47
2025-06,2,529,03722-03365-00529,Abdul Hai Zahura Welfare Foundation,228,Other loans,4714000,34.38,,0.0
2025-06,2,529,03722-03365-00529,Abdul Hai Zahura Welfare Foundation,228,Cumulative Surplus,4552735,33.2,4568794,54.66
2025-06,2,529,03722-03365-00529,Abdul Hai Zahura Welfare Foundation,228,Other Fund,833559,6.08,742029,8.88
2025-06,2,529,03722-03365-00529,Abdul Hai Zahura Welfare Foundation,228,Total,13712150,100,8358991,100
2025-06,3,244,00584-01897-00244,Access Toward Livelihood and Welfare Organization (ALWO),228,Clients' Savings,4912636,23.34,5268201,25.74
2025-06,3,244,00584-01897-00244,Access Toward Livelihood and Welfare Organization (ALWO),228,Loan from PKSF,11981079,56.93,12721079,62.16
2025-06,3,244,00584-01897-00244,Access Toward Livelihood and Welfare Organization (ALWO),228,Donors' Fund,0,0.0,8009,0.04
2025-06,3,244,00584-01897-00244,Access Toward Livelihood and Welfare Organization (ALWO),228,Cumulative Surplus,1684128,8.0,308138,1.51
2025-06,3,244,00584-01897-00244,Access Toward Livelihood and Welfare Organization (ALWO),228,Other Fund,2467626,11.73,2158151,10.55
2025-06,3,244,00584-01897-00244,Access Toward Livelihood and Welfare Organization (ALWO),228,Total,21045470,100,20463578,100
2025-06,4,894,32021-00881-00894,Action for Community Development,228,Clients' Savings,8507824,67.76,4972129,15.69
2025-06,4,894,32021-00881-00894,Action for Community Development,228,Other loans,,0.0,25225000,79.6
2025-06,4,894,32021-00881-00894,Action for Community Development,228,Cumulative Surplus,3222290,25.66,1160801,3.66
2025-06,4,894,32021-00881-00894,Action for Community Development,228,Other Fund,825165,6.57,332975,1.05
2025-06,4,894,32021-00881-00894,Action for Community Development,228,Total,12555279,100,31690905,100
2025-06,5,265,00684-02909-00265,ACTION FOR HUMAN DEVELOPMENT ORGANIZATION AHDO,228,Clients' Savings,182812453,40.8,171144000,36.84
2025-06,5,265,00684-02909-00265,ACTION FOR HUMAN DEVELOPMENT ORGANIZATION AHDO,228,Loan from PKSF,56833335,12.68,101170960,21.78
2025-06,5,265,00684-02909-00265,ACTION FOR HUMAN DEVELOPMENT ORGANIZATION AHDO,228,Loan from Commercial Banks,9615596,2.15,,0.0
2025-06,5,265,00684-02909-00265,ACTION FOR HUMAN DEVELOPMENT ORGANIZATION AHDO,228,Cumulative Surplus,138877188,30.99,118339239,25.47
2025-06,5,265,00684-02909-00265,ACTION FOR HUMAN DEVELOPMENT ORGANIZATION AHDO,228,Other Fund,59945449,13.38,73907330,15.91
2025-06,5,265,00684-02909-00265,ACTION FOR HUMAN DEVELOPMENT ORGANIZATION AHDO,228,Total,448084021,100,464561529,100
2025-06,6,130,02008-02954-00130,Association for Development Activity of Manifold Social Work (ADAMS Foundation),228,Clients' Savings,114786119,44.55,139770958,49.93
2025-06,6,130,02008-02954-00130,Association for Development Activity of Manifold Social Work (ADAMS Foundation),228,Other loans,515601,0.2,,0.0
2025-06,6,130,02008-02954-00130,Association for Development Activity of Manifold Social Work (ADAMS Foundation),228,Donors' Fund,47074508,18.27,47074508,16.82
2025-06,6,130,02008-02954-00130,Association for Development Activity of Manifold Social Work (ADAMS Foundation),228,Cumulative Surplus,65171570,25.29,64126454,22.91
2025-06,6,130,02008-02954-00130,Association for Development Activity of Manifold Social Work (ADAMS Foundation),228,Other Fund,30118386,11.69,28949876,10.34
2025-06,6,130,02008-02954-00130,Association for Development Activity of Manifold Social Work (ADAMS Foundation),228,Total,257666184,100,279921796,100
2025-06,7,406,01863-00447-00406,Adarsho Manob Kallyan Sangha,228,Clients' Savings,11884955,23.43,11846980,24.16
2025-06,7,406,01863-00447-00406,Adarsho Manob Kallyan Sangha,228,Other loans,16050000,31.64,16050000,32.73
2025-06,7,406,01863-00447-00406,Adarsho Manob Kallyan Sangha,228,Cumulative Surplus,12877478,25.38,12007320,24.49
2025-06,7,406,01863-00447-00406,Adarsho Manob Kallyan Sangha,228,Other Fund,9916290,19.55,9128693,18.62
2025-06,7,406,01863-00447-00406,Adarsho Manob Kallyan Sangha,228,Total,50728723,100,49032993,100
2025-06,8,96,01730-00149-00096,Ad-din Welfare Centre (Ad-din),228,Clients' Savings,3061840515,28.05,2509450907,27.32
2025-06,8,96,01730-00149-00096,Ad-din Welfare Centre (Ad-din),228,Loan from PKSF,2194914317,20.11,1676399177,18.25
2025-06,8,96,01730-00149-00096,Ad-din Welfare Centre (Ad-din),228,Loan from Other MFIs,338625063,3.1,211879294,2.31
2025-06,8,96,01730-00149-00096,Ad-din Welfare Centre (Ad-din),228,Loan from Commercial Banks,1978500362,18.12,1982517623,21.58
2025-06,8,96,01730-00149-00096,Ad-din Welfare Centre (Ad-din),228,Cumulative Surplus,2736557706,25.07,2293146094,24.97
2025-06,8,96,01730-00149-00096,Ad-din Welfare Centre (Ad-din),228,Other Fund,605879509,5.55,511611954,5.57
2025-06,8,96,01730-00149-00096,Ad-din Welfare Centre (Ad-din),228,Total,10916317472,100,9185005049,100
2025-06,9,79,00091-00396-00079,Association of Development for Economic & Social Help (ADESH),229,Clients' Savings,69739637,53.81,70049643,34.79
2025-06,9,79,00091-00396-00079,Association of Development for Economic & Social Help (ADESH),229,Loan from Commercial Banks,14508452,11.19,87377991,43.4
2025-06,9,79,00091-00396-00079,Association of Development for Economic & Social Help (ADESH),229,Other loans,12494000,9.64,12494000,6.21
2025-06,9,79,00091-00396-00079,Association of Development for Economic & Social Help (ADESH),229,Donors' Fund,2520000,1.94,2520000,1.25
2025-06,9,79,00091-00396-00079,Association of Development for Economic & Social Help (ADESH),229,Cumulative Surplus,22851945,17.63,22386580,11.12
2025-06,9,79,00091-00396-00079,Association of Development for Economic & Social Help (ADESH),229,Other Fund,7501309,5.79,6519081,3.24
2025-06,9,79,00091-00396-00079,Association of Development for Economic & Social Help (ADESH),229,Total,129615343,100,201347295,100
2025-06,10,73,01865-02314-00073,ADRSO Shomaj Kallyan Sangstha (ADRSO),229,Clients' Savings,23547982,49.51,20574380,49.9
2025-06,10,73,01865-02314-00073,ADRSO Shomaj Kallyan Sangstha (ADRSO),229,Other loans,3050210,6.41,2463780,5.98
2025-06,10,73,01865-02314-00073,ADRSO Shomaj Kallyan Sangstha (ADRSO),229,Cumulative Surplus,17170402,36.1,14948470,36.26
2025-06,10,73,01865-02314-00073,ADRSO Shomaj Kallyan Sangstha (ADRSO),229,Other Fund,3796288,7.98,3244536,7.87
2025-06,10,73,01865-02314-00073,ADRSO Shomaj Kallyan Sangstha (ADRSO),229,Total,47564882,100,41231166,100
2025-06,11,753,05060-04245-00753,Advanced Society for Any Research & Active Life Oriented Work,229,Clients' Savings,24650833,20.57,19863484,22.32
2025-06,11,753,05060-04245-00753,Advanced Society for Any Research & Active Life Oriented Work,229,Other loans,83215000,69.43,59365000,66.69
2025-06,11,753,05060-04245-00753,Advanced Society for Any Research & Active Life Oriented Work,229,Donors' Fund,1300000,1.08,1300000,1.46
2025-06,11,753,05060-04245-00753,Advanced Society for Any Research & Active Life Oriented Work,229,Cumulative Surplus,8132089,6.78,6951905,7.81
2025-06,11,753,05060-04245-00753,Advanced Society for Any Research & Active Life Oriented Work,229,Other Fund,2563361,2.14,1532866,1.72
2025-06,11,753,05060-04245-00753,Advanced Society for Any Research & Active Life Oriented Work,229,Total,119861283,100,89013255,100
2025-06,12,837,21112-01214-00837,Agamir Shwapno (AS),229,Clients' Savings,505810,11.6,615603,19.3
2025-06,12,837,21112-01214-00837,Agamir Shwapno (AS),229,Cumulative Surplus,3583463,82.21,2187960,68.6
2025-06,12,837,21112-01214-00837,Agamir Shwapno (AS),229,Other Fund,269596,6.18,385886,12.1
2025-06,12,837,21112-01214-00837,Agamir Shwapno (AS),229,Total,4358869,100,3189449,100
2025-06,13,189,05774-00474-00189,Agragati,229,Clients' Savings,44496261,21.63,48528125,21.83
2025-06,13,189,05774-00474-00189,Agragati,229,Loan from PKSF,95016644,46.19,109783311,49.38
2025-06,13,189,05774-00474-00189,Agragati,229,Other loans,6067577,2.95,5670955,2.55
2025-06,13,189,05774-00474-00189,Agragati,229,Cumulative Surplus,49555310,24.09,48595470,21.86
2025-06,13,189,05774-00474-00189,Agragati,229,Other Fund,10568640,5.14,9735297,4.38
2025-06,13,189,05774-00474-00189,Agragati,229,Total,205704432,100,222313158,100
2025-06,14,672,00648-01479-00672,Agragati Seba Sangstha (A S S),229,Clients' Savings,55005139,21.24,53714473,24.16
2025-06,14,672,00648-01479-00672,Agragati Seba Sangstha (A S S),229,Loan from Commercial Banks,3657160,1.41,10456856,4.7
2025-06,14,672,00648-01479-00672,Agragati Seba Sangstha (A S S),229,Other loans,158773308,61.32,8669438,3.9
2025-06,14,672,00648-01479-00672,Agragati Seba Sangstha (A S S),229,Cumulative Surplus,22297447,8.61,20691448,9.31
2025-06,14,672,00648-01479-00672,Agragati Seba Sangstha (A S S),229,Other Fund,19183416,7.41,128781863,57.93
2025-06,14,672,00648-01479-00672,Agragati Seba Sangstha (A S S),229,Total,258916470,100,222314078,100
2025-06,15,727,07086-04175-00727,AGROGAMI UNNAYAN SANGASTHA(AGROGAMI),229,Clients' Savings,80094694,76.6,79603016,79.22
2025-06,15,727,07086-04175-00727,AGROGAMI UNNAYAN SANGASTHA(AGROGAMI),229,Cumulative Surplus,16698959,15.97,13582219,13.52
2025-06,15,727,07086-04175-00727,AGROGAMI UNNAYAN SANGASTHA(AGROGAMI),229,Other Fund,7771145,7.43,7299200,7.26
2025-06,15,727,07086-04175-00727,AGROGAMI UNNAYAN SANGASTHA(AGROGAMI),229,Total,104564798,100,100484435,100
2025-06,16,276,01180-01615-00276,Ahead Social Organization (ASO),229,Clients' Savings,530853040,24.83,424722020,24.76
2025-06,16,276,01180-01615-00276,Ahead Social Organization (ASO),229,Loan from PKSF,1008433319,47.17,759916655,44.3
2025-06,16,276,01180-01615-00276,Ahead Social Organization (ASO),229,Loan from Other MFIs,,0.0,26946488,1.57
2025-06,16,276,01180-01615-00276,Ahead Social Organization (ASO),229,Other loans,21608776,1.01,,0.0
2025-06,16,276,01180-01615-00276,Ahead Social Organization (ASO),229,Donors' Fund,,0.0,36057948,2.1
2025-06,16,276,01180-01615-00276,Ahead Social Organization (ASO),229,Cumulative Surplus,455645291,21.31,324521537,18.92
2025-06,16,276,01180-01615-00276,Ahead Social Organization (ASO),229,Other Fund,121250305,5.67,143058024,8.34
2025-06,16,276,01180-01615-00276,Ahead Social Organization (ASO),229,Total,2137790731,100,1715222673,100
2025-06,17,32,01493-01429-00032,Action in Development (AID),230,Clients' Savings,2355121,0.69,2378832,0.75
2025-06,17,32,01493-01429-00032,Action in Development (AID),230,Loan from Commercial Banks,293531721,86.41,293651721,93.14
2025-06,17,32,01493-01429-00032,Action in Development (AID),230,Other loans,24287196,7.15,,0.0
2025-06,17,32,01493-01429-00032,Action in Development (AID),230,Cumulative Surplus,17482203,5.15,6078992,1.93
2025-06,17,32,01493-01429-00032,Action in Development (AID),230,Other Fund,2042726,0.6,13162071,4.17
2025-06,17,32,01493-01429-00032,Action in Development (AID),230,Total,339698967,100,315271616,100
2025-06,18,401,03092-01106-00401,Akota Samaj Unnayan Kenddra (ASUK),230,Clients' Savings,3586525,31.85,3649850,33.02
2025-06,18,401,03092-01106-00401,Akota Samaj Unnayan Kenddra (ASUK),230,Other loans,200000,1.78,200000,1.81
2025-06,18,401,03092-01106-00401,Akota Samaj Unnayan Kenddra (ASUK),230,Cumulative Surplus,6355233,56.44,6205516,56.15
2025-06,18,401,03092-01106-00401,Akota Samaj Unnayan Kenddra (ASUK),230,Other Fund,1118995,9.94,997125,9.02
2025-06,18,401,03092-01106-00401,Akota Samaj Unnayan Kenddra (ASUK),230,Total,11260753,100,11052491,100
2025-06,19,663,00597-00726-00663,Al Kariem Shikkha O Paribesh Unnayan Foundation,230,Clients' Savings,4896172,40.2,4583770,39.48
2025-06,19,663,00597-00726-00663,Al Kariem Shikkha O Paribesh Unnayan Foundation,230,Other loans,2019813,16.59,2019813,17.4
2025-06,19,663,00597-00726-00663,Al Kariem Shikkha O Paribesh Unnayan Foundation,230,Cumulative Surplus,4425032,36.33,4248250,36.59
2025-06,19,663,00597-00726-00663,Al Kariem Shikkha O Paribesh Unnayan Foundation,230,Other Fund,837427,6.88,759113,6.54
2025-06,19,663,00597-00726-00663,Al Kariem Shikkha O Paribesh Unnayan Foundation,230,Total,12178444,100,11610946,100
2025-06,20,571,00688-00122-00571,ALAP- Association for Landless and Poor,230,Clients' Savings,17456225,32.46,17644507,33.12
2025-06,20,571,00688-00122-00571,ALAP- Association for Landless and Poor,230,Other loans,18450000,34.31,19991000,37.52
2025-06,20,571,00688-00122-00571,ALAP- Association for Landless and Poor,230,Cumulative Surplus,13950000,25.94,12453884,23.38
2025-06,20,571,00688-00122-00571,ALAP- Association for Landless and Poor,230,Other Fund,3924492,7.3,3185646,5.98
2025-06,20,571,00688-00122-00571,ALAP- Association for Landless and Poor,230,Total,53780717,100,53275037,100
2025-06,21,177,00339-03482-00177,Al-Falah Aam Unnayan Sangstha (AFAUS),230,Clients' Savings,404018864,56.14,405357490,57.32
2025-06,21,177,00339-03482-00177,Al-Falah Aam Unnayan Sangstha (AFAUS),230,Loan from PKSF,11500000,1.6,24500000,3.46
2025-06,21,177,00339-03482-00177,Al-Falah Aam Unnayan Sangstha (AFAUS),230,Loan from Govt.,11960622,1.66,14772215,2.09
2025-06,21,177,00339-03482-00177,Al-Falah Aam Unnayan Sangstha (AFAUS),230,Cumulative Surplus,233989462,32.51,213486938,30.19
2025-06,21,177,00339-03482-00177,Al-Falah Aam Unnayan Sangstha (AFAUS),230,Other Fund,58166873,8.08,49043888,6.94
2025-06,21,177,00339-03482-00177,Al-Falah Aam Unnayan Sangstha (AFAUS),230,Total,719635821,100,707160531,100
2025-06,22,108,03260-01158-00108,Aloha Social Services Bangladesh (ASSB),230,Clients' Savings,146452625,25.69,125320405,24.89
2025-06,22,108,03260-01158-00108,Aloha Social Services Bangladesh (ASSB),230,Loan from Commercial Banks,25965861,4.56,20862252,4.14
2025-06,22,108,03260-01158-00108,Aloha Social Services Bangladesh (ASSB),230,Other loans,11280000,1.98,17298020,3.44
2025-06,22,108,03260-01158-00108,Aloha Social Services Bangladesh (ASSB),230,Cumulative Surplus,314422378,55.16,285931659,56.79
2025-06,22,108,03260-01158-00108,Aloha Social Services Bangladesh (ASSB),230,Other Fund,71929621,12.62,54041683,10.73
2025-06,22,108,03260-01158-00108,Aloha Social Services Bangladesh (ASSB),230,Total,570050485,100,503454019,100
2025-06,23,859,21112-00080-00859,ALOK BANGLA (An Initiative to Promote People’s Self-Help),230,Clients' Savings,8743913,25.36,7317883,26.33
2025-06,23,859,21112-00080-00859,ALOK BANGLA (An Initiative to Promote People’s Self-Help),230,Other loans,20242598,58.72,16263818,58.51
2025-06,23,859,21112-00080-00859,ALOK BANGLA (An Initiative to Promote People’s Self-Help),230,Cumulative Surplus,3455607,10.02,2526357,9.09
2025-06,23,859,21112-00080-00859,ALOK BANGLA (An Initiative to Promote People’s Self-Help),230,Other Fund,2032227,5.89,1690009,6.08
2025-06,23,859,21112-00080-00859,ALOK BANGLA (An Initiative to Promote People’s Self-Help),230,Total,34474345,100,27798067,100
2025-06,24,824,21112-00187-00824,Alor Disha Foundation,230,Clients' Savings,33015600,49.5,37166665,56.62
2025-06,24,824,21112-00187-00824,Alor Disha Foundation,230,Other loans,11684000,17.52,9762000,14.87
2025-06,24,824,21112-00187-00824,Alor Disha Foundation,230,Cumulative Surplus,15886953,23.82,13402284,20.42
2025-06,24,824,21112-00187-00824,Alor Disha Foundation,230,Other Fund,6117213,9.17,5310783,8.09
2025-06,24,824,21112-00187-00824,Alor Disha Foundation,230,Total,66703766,100,65641732,100
2025-06,25,789,21112-00792-00789,Alor Dishari Mohila Unnayan Sangstha,230,Clients' Savings,5936350,27.22,4360855,22.76
2025-06,25,789,21112-00792-00789,Alor Dishari Mohila Unnayan Sangstha,230,Other loans,6206048,28.45,,0.0
2025-06,25,789,21112-00792-00789,Alor Dishari Mohila Unnayan Sangstha,230,Cumulative Surplus,8130578,37.28,7322655,38.23
2025-06,25,789,21112-00792-00789,Alor Dishari Mohila Unnayan Sangstha,230,Other Fund,1537481,7.05,7472843,39.01
2025-06,25,789,21112-00792-00789,Alor Dishari Mohila Unnayan Sangstha,230,Total,21810457,100,19156353,100
2025-06,26,671,04781-01544-00671,Alor Nir Somity (A N S),231,Clients' Savings,74871423,57.78,56167474,57.03
2025-06,26,671,04781-01544-00671,Alor Nir Somity (A N S),231,Loan from Commercial Banks,2493351,1.92,1514674,1.54
2025-06,26,671,04781-01544-00671,Alor Nir Somity (A N S),231,Other loans,1450000,1.12,,0.0
2025-06,26,671,04781-01544-00671,Alor Nir Somity (A N S),231,Cumulative Surplus,38584685,29.78,28087176,28.52
2025-06,26,671,04781-01544-00671,Alor Nir Somity (A N S),231,Other Fund,12185653,9.4,12712864,12.91
2025-06,26,671,04781-01544-00671,Alor Nir Somity (A N S),231,Total,129585112,100,98482188,100
2025-06,27,597,04066-00937-00597,Alor Pothe (AP),231,Clients' Savings,8192242,66.98,6725271,63.6
2025-06,27,597,04066-00937-00597,Alor Pothe (AP),231,Cumulative Surplus,1864045,15.24,2144453,20.28
2025-06,27,597,04066-00937-00597,Alor Pothe (AP),231,Other Fund,2174502,17.78,1704850,16.12
2025-06,27,597,04066-00937-00597,Alor Pothe (AP),231,Total,12230789,100,10574574,100
2025-06,28,303,00711-00027-00303,Alternative Development Initiative (ADI),231,Clients' Savings,812387204,35.59,773046047,36.89
2025-06,28,303,00711-00027-00303,Alternative Development Initiative (ADI),231,Loan from PKSF,735150000,32.21,557266665,26.59
2025-06,28,303,00711-00027-00303,Alternative Development Initiative (ADI),231,Loan from Commercial Banks,110634136,4.85,212477930,10.14
2025-06,28,303,00711-00027-00303,Alternative Development Initiative (ADI),231,Other loans,68729027,3.01,61887257,2.95
2025-06,28,303,00711-00027-00303,Alternative Development Initiative (ADI),231,Cumulative Surplus,387220289,16.96,385496979,18.4
2025-06,28,303,00711-00027-00303,Alternative Development Initiative (ADI),231,Other Fund,168583561,7.39,105437875,5.03
2025-06,28,303,00711-00027-00303,Alternative Development Initiative (ADI),231,Total,2282704217,100,2095612753,100
2025-06,29,86,00350-01308-00086,Ambala Foundation,231,Clients' Savings,6499049787,56.11,5315680921,50.99
2025-06,29,86,00350-01308-00086,Ambala Foundation,231,Loan from PKSF,687399999,5.93,573733334,5.5
2025-06,29,86,00350-01308-00086,Ambala Foundation,231,Loan from Commercial Banks,2686151108,23.19,2863470642,27.47
2025-06,29,86,00350-01308-00086,Ambala Foundation,231,Other loans,,0.0,171008112,1.64
2025-06,29,86,00350-01308-00086,Ambala Foundation,231,Donors' Fund,6450000,0.06,,0.0
2025-06,29,86,00350-01308-00086,Ambala Foundation,231,Cumulative Surplus,1544932269,13.34,1385604467,13.29
2025-06,29,86,00350-01308-00086,Ambala Foundation,231,Other Fund,159319146,1.38,115817047,1.11
2025-06,29,86,00350-01308-00086,Ambala Foundation,231,Total,11583302309,100,10425314523,100
2025-06,30,344,00136-00610-00344,AMDA Health & Environment Development Society,231,Clients' Savings,25789621,52.17,25471897,56.62
2025-06,30,344,00136-00610-00344,AMDA Health & Environment Development Society,231,Other loans,9237224,18.69,6151847,13.68
2025-06,30,344,00136-00610-00344,AMDA Health & Environment Development Society,231,Cumulative Surplus,11466271,23.19,11104810,24.69
2025-06,30,344,00136-00610-00344,AMDA Health & Environment Development Society,231,Other Fund,2942790,5.95,2255150,5.01
2025-06,30,344,00136-00610-00344,AMDA Health & Environment Development Society,231,Total,49435906,100,44983704,100
2025-06,31,856,21112-00044-00856,AMENA Foundation (A.F),231,Clients' Savings,3162441,24.59,2435298,46.19
2025-06,31,856,21112-00044-00856,AMENA Foundation (A.F),231,Other loans,5866901,45.62,,0.0
2025-06,31,856,21112-00044-00856,AMENA Foundation (A.F),231,Cumulative Surplus,2499293,19.43,2709429,51.39
2025-06,31,856,21112-00044-00856,AMENA Foundation (A.F),231,Other Fund,1332218,10.36,127518,2.42
2025-06,31,856,21112-00044-00856,AMENA Foundation (A.F),231,Total,12860853,100,5272245,100
2025-06,32,778,21112-00215-00778,AMITY MANOB UNNAYAN SANGSTHA,231,Clients' Savings,8054356,42.82,6236003,30.58
2025-06,32,778,21112-00215-00778,AMITY MANOB UNNAYAN SANGSTHA,231,Other loans,6000000,31.9,8100000,39.72
2025-06,32,778,21112-00215-00778,AMITY MANOB UNNAYAN SANGSTHA,231,Cumulative Surplus,4754005,25.28,4514891,22.14
2025-06,32,778,21112-00215-00778,AMITY MANOB UNNAYAN SANGSTHA,231,Other Fund,,0.0,1541025,7.56
2025-06,32,778,21112-00215-00778,AMITY MANOB UNNAYAN SANGSTHA,231,Total,18808361,100,20391919,100
2025-06,33,661,01613-01081-00661,Amra Kaj Kory(AKK),231,Clients' Savings,173339604,27.97,129863302,23.38
2025-06,33,661,01613-01081-00661,Amra Kaj Kory(AKK),231,Loan from PKSF,287333313,46.36,310433312,55.89
2025-06,33,661,01613-01081-00661,Amra Kaj Kory(AKK),231,Loan from Commercial Banks,27750873,4.48,,0.0
2025-06,33,661,01613-01081-00661,Amra Kaj Kory(AKK),231,Donors' Fund,10901222,1.76,10901222,1.96
2025-06,33,661,01613-01081-00661,Amra Kaj Kory(AKK),231,Cumulative Surplus,91592611,14.78,75892102,13.66
2025-06,33,661,01613-01081-00661,Amra Kaj Kory(AKK),231,Other Fund,28845665,4.65,28391465,5.11
2025-06,33,661,01613-01081-00661,Amra Kaj Kory(AKK),231,Total,619763288,100,555481403,100
2025-06,34,232,02060-01912-00232,Anando,232,Clients' Savings,125203070,28.62,109298727,28.33
2025-06,34,232,02060-01912-00232,Anando,232,Loan from PKSF,500000,0.11,,0.0
2025-06,34,232,02060-01912-00232,Anando,232,Other loans,200000,0.05,200000,0.05
2025-06,34,232,02060-01912-00232,Anando,232,Donors' Fund,198928600,45.47,196043600,50.82
2025-06,34,232,02060-01912-00232,Anando,232,Cumulative Surplus,77228110,17.65,72228695,18.72
2025-06,34,232,02060-01912-00232,Anando,232,Other Fund,35440670,8.1,8025411,2.08
2025-06,34,232,02060-01912-00232,Anando,232,Total,437500450,100,385796433,100
2025-06,35,637,00846-01064-00637,Ancholic Polli Unnayan Sangstha (APUS),232,Clients' Savings,6494802,28.24,6945555,27.05
2025-06,35,637,00846-01064-00637,Ancholic Polli Unnayan Sangstha (APUS),232,Other loans,7637670,33.21,11643768,45.34
2025-06,35,637,00846-01064-00637,Ancholic Polli Unnayan Sangstha (APUS),232,Donors' Fund,,0.0,4540644,17.68
2025-06,35,637,00846-01064-00637,Ancholic Polli Unnayan Sangstha (APUS),232,Cumulative Surplus,5088280,22.12,,0.0
2025-06,35,637,00846-01064-00637,Ancholic Polli Unnayan Sangstha (APUS),232,Other Fund,3778381,16.43,2549238,9.93
2025-06,35,637,00846-01064-00637,Ancholic Polli Unnayan Sangstha (APUS),232,Total,22999133,100,25679205,100
2025-06,36,294,00701-00968-00294,Anirban Samaj Unnayan Sangstha,232,Clients' Savings,2965258,47.89,2898171,47.32
2025-06,36,294,00701-00968-00294,Anirban Samaj Unnayan Sangstha,232,Other loans,1675205,27.05,1661200,27.13
2025-06,36,294,00701-00968-00294,Anirban Samaj Unnayan Sangstha,232,Cumulative Surplus,1398241,22.58,1245969,20.35
2025-06,36,294,00701-00968-00294,Anirban Samaj Unnayan Sangstha,232,Other Fund,153559,2.48,318714,5.2
2025-06,36,294,00701-00968-00294,Anirban Samaj Unnayan Sangstha,232,Total,6192263,100,6124054,100
2025-06,37,321,00669-03433-00321,Ansar Ali Foundation for Integrated Development (AAFID),232,Clients' Savings,24436874,25.65,25964192,25.34
2025-06,37,321,00669-03433-00321,Ansar Ali Foundation for Integrated Development (AAFID),232,Loan from PKSF,32850000,34.47,40050000,39.08
2025-06,37,321,00669-03433-00321,Ansar Ali Foundation for Integrated Development (AAFID),232,Cumulative Surplus,37767388,39.64,36300154,35.42
2025-06,37,321,00669-03433-00321,Ansar Ali Foundation for Integrated Development (AAFID),232,Other Fund,233496,0.25,156462,0.15
2025-06,37,321,00669-03433-00321,Ansar Ali Foundation for Integrated Development (AAFID),232,Total,95287758,100,102470808,100
2025-06,38,829,21112-00498-00829,Apon (Artho Samajik Unnyon Songstha),232,Clients' Savings,19681123,64.03,19369221,67.34
2025-06,38,829,21112-00498-00829,Apon (Artho Samajik Unnyon Songstha),232,Cumulative Surplus,5067224,16.49,4072471,14.16
2025-06,38,829,21112-00498-00829,Apon (Artho Samajik Unnyon Songstha),232,Other Fund,5987890,19.48,5323345,18.51
2025-06,38,829,21112-00498-00829,Apon (Artho Samajik Unnyon Songstha),232,Total,30736237,100,28765037,100
2025-06,39,405,02814-03211-00405,ARS-Bangladesh (ARS-BD),232,Clients' Savings,555489641,18.86,519761147,20.48
2025-06,39,405,02814-03211-00405,ARS-Bangladesh (ARS-BD),232,Loan from Commercial Banks,1044926668,35.47,1148598884,45.26
2025-06,39,405,02814-03211-00405,ARS-Bangladesh (ARS-BD),232,Other loans,387261034,13.15,279694849,11.02
2025-06,39,405,02814-03211-00405,ARS-Bangladesh (ARS-BD),232,Cumulative Surplus,691797604,23.48,523649680,20.63
2025-06,39,405,02814-03211-00405,ARS-Bangladesh (ARS-BD),232,Other Fund,266453698,9.04,66269244,2.61
2025-06,39,405,02814-03211-00405,ARS-Bangladesh (ARS-BD),232,Total,2945928645,100,2537973804,100
2025-06,40,466,00886-02685-00466,Artha-Samajik o Paribesh Unnayan Sangstha,232,Clients' Savings,14423355,58.17,17606592,60.43
2025-06,40,466,00886-02685-00466,Artha-Samajik o Paribesh Unnayan Sangstha,232,Other loans,3539725,14.28,4985316,17.11
2025-06,40,466,00886-02685-00466,Artha-Samajik o Paribesh Unnayan Sangstha,232,Cumulative Surplus,6831237,27.55,6542845,22.46
2025-06,40,466,00886-02685-00466,Artha-Samajik o Paribesh Unnayan Sangstha,232,Total,24794317,100,29134753,100
2025-06,41,325,02676-02019-00325,Aushgara Unnayan Sangstha,232,Clients' Savings,51764380,53.66,44241899,54.87
2025-06,41,325,02676-02019-00325,Aushgara Unnayan Sangstha,232,Cumulative Surplus,26651775,27.63,21615828,26.81
2025-06,41,325,02676-02019-00325,Aushgara Unnayan Sangstha,232,Other Fund,18049632,18.71,14776440,18.33
2025-06,41,325,02676-02019-00325,Aushgara Unnayan Sangstha,232,Total,96465787,100,80634167,100
2025-06,42,100,00470-00538-00100,ASA,232,Clients' Savings,97518419103,25.84,98689385498,28.99
2025-06,42,100,00470-00538-00100,ASA,232,Loan from Govt.,1202331944,0.32,,0.0
2025-06,42,100,00470-00538-00100,ASA,232,Loan from Commercial Banks,,0.0,1202337500,0.35
2025-06,42,100,00470-00538-00100,ASA,232,Other loans,,0.0,1851985874,0.54
2025-06,42,100,00470-00538-00100,ASA,232,Cumulative Surplus,254116089006,67.34,238630034196,70.11
2025-06,42,100,00470-00538-00100,ASA,232,Other Fund,24552554702,6.51,,0.0
2025-06,42,100,00470-00538-00100,ASA,232,Total,377389394755,100,340373743068,100
2025-06,43,200,00609-01019-00200,Ashrai,233,Clients' Savings,488830433,16.27,513638573,20.5
2025-06,43,200,00609-01019-00200,Ashrai,233,Loan from PKSF,,0.0,420000,0.02
2025-06,43,200,00609-01019-00200,Ashrai,233,Loan from Commercial Banks,1559255269,51.9,1089786628,43.49
2025-06,43,200,00609-01019-00200,Ashrai,233,Other loans,68264342,2.27,50208402,2.0
2025-06,43,200,00609-01019-00200,Ashrai,233,Cumulative Surplus,261828197,8.72,225791722,9.01
2025-06,43,200,00609-01019-00200,Ashrai,233,Other Fund,625921539,20.84,625803466,24.98
2025-06,43,200,00609-01019-00200,Ashrai,233,Total,3004099780,100,2505648791,100
2025-06,44,199,00178-00261-00199,ASPADA Paribesh Unnayan Foundation,233,Clients' Savings,1628825537,49.79,2378974129,57.65
2025-06,44,199,00178-00261-00199,ASPADA Paribesh Unnayan Foundation,233,Loan from PKSF,30000000,0.92,71000000,1.72
2025-06,44,199,00178-00261-00199,ASPADA Paribesh Unnayan Foundation,233,Loan from Commercial Banks,806999716,24.67,804026234,19.49
2025-06,44,199,00178-00261-00199,ASPADA Paribesh Unnayan Foundation,233,Cumulative Surplus,677290018,20.7,632531645,15.33
2025-06,44,199,00178-00261-00199,ASPADA Paribesh Unnayan Foundation,233,Other Fund,128337428,3.92,239735911,5.81
2025-06,44,199,00178-00261-00199,ASPADA Paribesh Unnayan Foundation,233,Total,3271452699,100,4126267919,100
2025-06,45,127,01173-01986-00127,Assistance for Social Organization and Development -ASOD,233,Clients' Savings,4943692,2.32,6248071,2.78
2025-06,45,127,01173-01986-00127,Assistance for Social Organization and Development -ASOD,233,Loan from PKSF,159216667,74.85,169216667,75.42
2025-06,45,127,01173-01986-00127,Assistance for Social Organization and Development -ASOD,233,Other loans,5033162,2.37,6010137,2.68
2025-06,45,127,01173-01986-00127,Assistance for Social Organization and Development -ASOD,233,Cumulative Surplus,43514088,20.46,38489766,17.16
2025-06,45,127,01173-01986-00127,Assistance for Social Organization and Development -ASOD,233,Other Fund,,0.0,4388353,1.96
2025-06,45,127,01173-01986-00127,Assistance for Social Organization and Development -ASOD,233,Total,212707609,100,224352994,100
2025-06,46,576,00752-00253-00576,Assistance for the Livelihood of the Origins (ALO),233,Clients' Savings,645133,67.41,,0.0
2025-06,46,576,00752-00253-00576,Assistance for the Livelihood of the Origins (ALO),233,Loan from PKSF,,0.0,5556000,100.0
2025-06,46,576,00752-00253-00576,Assistance for the Livelihood of the Origins (ALO),233,Cumulative Surplus,311955,32.59,,0.0
2025-06,46,576,00752-00253-00576,Assistance for the Livelihood of the Origins (ALO),233,Total,957088,100,5556000,100
2025-06,47,102,01672-00390-00102,Association for Advancement & Development,233,Clients' Savings,179783221,29.05,163124486,24.97
2025-06,47,102,01672-00390-00102,Association for Advancement & Development,233,Loan from Commercial Banks,244556081,39.51,269844048,41.31
2025-06,47,102,01672-00390-00102,Association for Advancement & Development,233,Other loans,49306000,7.97,102364000,15.67
2025-06,47,102,01672-00390-00102,Association for Advancement & Development,233,Cumulative Surplus,116194499,18.77,117950938,18.06
2025-06,47,102,01672-00390-00102,Association for Advancement & Development,233,Other Fund,29067885,4.7,,0.0
2025-06,47,102,01672-00390-00102,Association for Advancement & Development,233,Total,618907686,100,653283472,100
2025-06,48,146,00429-00140-00146,Association for Integrated Development-Comilla (AID-Comilla),233,Clients' Savings,139107888,43.55,124407996,44.34
2025-06,48,146,00429-00140-00146,Association for Integrated Development-Comilla (AID-Comilla),233,Loan from PKSF,107416666,33.63,30194000,10.76
2025-06,48,146,00429-00140-00146,Association for Integrated Development-Comilla (AID-Comilla),233,Loan from Commercial Banks,,0.0,27023484,9.63
2025-06,48,146,00429-00140-00146,Association for Integrated Development-Comilla (AID-Comilla),233,Other loans,39900000,12.49,44584000,15.89
2025-06,48,146,00429-00140-00146,Association for Integrated Development-Comilla (AID-Comilla),233,Cumulative Surplus,29547842,9.25,37210223,13.26
2025-06,48,146,00429-00140-00146,Association for Integrated Development-Comilla (AID-Comilla),233,Other Fund,3434592,1.08,17160661,6.12
2025-06,48,146,00429-00140-00146,Association for Integrated Development-Comilla (AID-Comilla),233,Total,319406988,100,280580364,100
2025-06,49,812,21112-00537-00812,Association for Peoples Development Stream (APDS),233,Clients' Savings,45610102,24.06,41114682,22.34
2025-06,49,812,21112-00537-00812,Association for Peoples Development Stream (APDS),233,Loan from Commercial Banks,42158237,22.24,54566738,29.65
2025-06,49,812,21112-00537-00812,Association for Peoples Development Stream (APDS),233,Other loans,11656026,6.15,,0.0
2025-06,49,812,21112-00537-00812,Association for Peoples Development Stream (APDS),233,Cumulative Surplus,9198649,4.85,8531935,4.64
2025-06,49,812,21112-00537-00812,Association for Peoples Development Stream (APDS),233,Other Fund,80919201,42.69,79808444,43.37
2025-06,49,812,21112-00537-00812,Association for Peoples Development Stream (APDS),233,Total,189542215,100,184021799,100
2025-06,50,66,01482-00179-00066,Association For Realisation of Basic Needs-ARBAN,233,Clients' Savings,133139870,46.84,147752389,56.19
2025-06,50,66,01482-00179-00066,Association For Realisation of Basic Needs-ARBAN,233,Loan from Commercial Banks,25599017,9.01,17544283,6.67
2025-06,50,66,01482-00179-00066,Association For Realisation of Basic Needs-ARBAN,233,Other loans,25680000,9.04,26247561,9.98
2025-06,50,66,01482-00179-00066,Association For Realisation of Basic Needs-ARBAN,233,Donors' Fund,6545370,2.3,6545370,2.49
2025-06,50,66,01482-00179-00066,Association For Realisation of Basic Needs-ARBAN,233,Cumulative Surplus,38220431,13.45,34737622,13.21
2025-06,50,66,01482-00179-00066,Association For Realisation of Basic Needs-ARBAN,233,Other Fund,55037482,19.36,30102225,11.45
2025-06,50,66,01482-00179-00066,Association For Realisation of Basic Needs-ARBAN,233,Total,284222170,100,262929450,100
2025-06,51,56,00307-02179-00056,Association for Renovation of Community Health Education Services (ARCHES),234,Clients' Savings,87266662,49.05,76011662,45.35
2025-06,51,56,00307-02179-00056,Association for Renovation of Community Health Education Services (ARCHES),234,Loan from PKSF,58550000,32.91,62383334,37.22
2025-06,51,56,00307-02179-00056,Association for Renovation of Community Health Education Services (ARCHES),234,Loan from Other MFIs,1625006,0.91,,0.0
2025-06,51,56,00307-02179-00056,Association for Renovation of Community Health Education Services (ARCHES),234,Other loans,12889663,7.25,,0.0
2025-06,51,56,00307-02179-00056,Association for Renovation of Community Health Education Services (ARCHES),234,Cumulative Surplus,10596631,5.96,6086886,3.63
2025-06,51,56,00307-02179-00056,Association for Renovation of Community Health Education Services (ARCHES),234,Other Fund,6981135,3.92,23143743,13.81
2025-06,51,56,00307-02179-00056,Association for Renovation of Community Health Education Services (ARCHES),234,Total,177909097,100,167625625,100
2025-06,52,42,02015-00479-00042,Association for Rural Advancement in Bangladesh (ARAB),234,Clients' Savings,104057757,19.26,113407525,21.26
2025-06,52,42,02015-00479-00042,Association for Rural Advancement in Bangladesh (ARAB),234,Loan from PKSF,30400005,5.63,51550005,9.66
2025-06,52,42,02015-00479-00042,Association for Rural Advancement in Bangladesh (ARAB),234,Cumulative Surplus,348223741,64.46,326647578,61.23
2025-06,52,42,02015-00479-00042,Association for Rural Advancement in Bangladesh (ARAB),234,Other Fund,57553521,10.65,41832420,7.84
2025-06,52,42,02015-00479-00042,Association for Rural Advancement in Bangladesh (ARAB),234,Total,540235024,100,533437528,100
2025-06,53,593,01234-03143-00593,Association for Social Development (A.S.D),234,Clients' Savings,11038080,37.4,9714633,39.47
2025-06,53,593,01234-03143-00593,Association for Social Development (A.S.D),234,Other loans,7298682,24.73,700000,2.84
2025-06,53,593,01234-03143-00593,Association for Social Development (A.S.D),234,Donors' Fund,2067925,7.01,2067925,8.4
2025-06,53,593,01234-03143-00593,Association for Social Development (A.S.D),234,Cumulative Surplus,8775903,29.74,7787462,31.64
2025-06,53,593,01234-03143-00593,Association for Social Development (A.S.D),234,Other Fund,329068,1.12,4343419,17.65
2025-06,53,593,01234-03143-00593,Association for Social Development (A.S.D),234,Total,29509659,100,24613439,100
2025-06,54,447,02471-01868-00447,Association for Social Development,234,Clients' Savings,6685235,41.49,6643796,41.56
2025-06,54,447,02471-01868-00447,Association for Social Development,234,Other loans,7003684,43.46,6559162,41.03
2025-06,54,447,02471-01868-00447,Association for Social Development,234,Cumulative Surplus,1142297,7.09,1612755,10.09
2025-06,54,447,02471-01868-00447,Association for Social Development,234,Other Fund,1282499,7.96,1170426,7.32
2025-06,54,447,02471-01868-00447,Association for Social Development,234,Total,16113715,100,15986139,100
2025-06,55,164,00104-03016-00164,Association for Socio-Economic Advancement of Bangladesh (ASEAB),234,Clients' Savings,93482059,41.62,88706566,42.14
2025-06,55,164,00104-03016-00164,Association for Socio-Economic Advancement of Bangladesh (ASEAB),234,Loan from Other MFIs,,0.0,5252000,2.5
2025-06,55,164,00104-03016-00164,Association for Socio-Economic Advancement of Bangladesh (ASEAB),234,Other loans,1950000,0.87,47553460,22.59
2025-06,55,164,00104-03016-00164,Association for Socio-Economic Advancement of Bangladesh (ASEAB),234,Cumulative Surplus,54888531,24.44,53662378,25.49
2025-06,55,164,00104-03016-00164,Association for Socio-Economic Advancement of Bangladesh (ASEAB),234,Other Fund,74308172,33.08,15319879,7.28
2025-06,55,164,00104-03016-00164,Association for Socio-Economic Advancement of Bangladesh (ASEAB),234,Total,224628762,100,210494283,100
2025-06,56,58,00527-00392-00058,Association for Under-Privileged People-AUP,234,Clients' Savings,499289637,43.54,416875735,34.7
2025-06,56,58,00527-00392-00058,Association for Under-Privileged People-AUP,234,Loan from PKSF,202999989,17.7,400224991,33.31
2025-06,56,58,00527-00392-00058,Association for Under-Privileged People-AUP,234,Loan from Commercial Banks,111245453,9.7,87003796,7.24
2025-06,56,58,00527-00392-00058,Association for Under-Privileged People-AUP,234,Other loans,36572104,3.19,54955613,4.57
2025-06,56,58,00527-00392-00058,Association for Under-Privileged People-AUP,234,Cumulative Surplus,221437165,19.31,182198287,15.16
2025-06,56,58,00527-00392-00058,Association for Under-Privileged People-AUP,234,Other Fund,75199328,6.56,60283667,5.02
2025-06,56,58,00527-00392-00058,Association for Under-Privileged People-AUP,234,Total,1146743676,100,1201542088,100
2025-06,57,436,01457-00321-00436,Association for Women Empowerment and Child Right’s (AWAC),234,Clients' Savings,29605535,49.7,28221725,49.25
2025-06,57,436,01457-00321-00436,Association for Women Empowerment and Child Right’s (AWAC),234,Loan from Commercial Banks,1628674,2.73,3988174,6.96
2025-06,57,436,01457-00321-00436,Association for Women Empowerment and Child Right’s (AWAC),234,Other loans,3123000,5.24,2774000,4.84
2025-06,57,436,01457-00321-00436,Association for Women Empowerment and Child Right’s (AWAC),234,Cumulative Surplus,17877022,30.01,15573028,27.18
2025-06,57,436,01457-00321-00436,Association for Women Empowerment and Child Right’s (AWAC),234,Other Fund,7329049,12.3,6747076,11.77
2025-06,57,436,01457-00321-00436,Association for Women Empowerment and Child Right’s (AWAC),234,Total,59563280,100,57304003,100
2025-06,58,754,03416-01262-00754,Association of Workers for Alternative Rural Development (AWARD),235,Clients' Savings,10724247,56.39,6836667,26.18
2025-06,58,754,03416-01262-00754,Association of Workers for Alternative Rural Development (AWARD),235,Other loans,2850000,14.99,3770613,14.44
2025-06,58,754,03416-01262-00754,Association of Workers for Alternative Rural Development (AWARD),235,Cumulative Surplus,5442323,28.62,15418447,59.03
2025-06,58,754,03416-01262-00754,Association of Workers for Alternative Rural Development (AWARD),235,Other Fund,,0.0,92050,0.35
2025-06,58,754,03416-01262-00754,Association of Workers for Alternative Rural Development (AWARD),235,Total,19016570,100,26117777,100
2025-06,59,134,00245-02077-00134,Aungkur Palli Unnayan Kendra,235,Clients' Savings,188204910,27.8,173713001,35.65
2025-06,59,134,00245-02077-00134,Aungkur Palli Unnayan Kendra,235,Loan from PKSF,335699995,49.58,136933324,28.1
2025-06,59,134,00245-02077-00134,Aungkur Palli Unnayan Kendra,235,Loan from Commercial Banks,11732932,1.73,49581494,10.17
2025-06,59,134,00245-02077-00134,Aungkur Palli Unnayan Kendra,235,Cumulative Surplus,94039400,13.89,86185134,17.69
2025-06,59,134,00245-02077-00134,Aungkur Palli Unnayan Kendra,235,Other Fund,47419589,7.0,40901373,8.39
2025-06,59,134,00245-02077-00134,Aungkur Palli Unnayan Kendra,235,Total,677096826,100,487314326,100
2025-06,60,326,00244-00343-00326,Jugabani Samaj Kallayan Sangstha (JSKS),235,Clients' Savings,347244860,78.31,259801910,60.39
2025-06,60,326,00244-00343-00326,Jugabani Samaj Kallayan Sangstha (JSKS),235,Loan from Commercial Banks,12443487,2.81,21058657,4.89
2025-06,60,326,00244-00343-00326,Jugabani Samaj Kallayan Sangstha (JSKS),235,Other loans,,0.0,74628970,17.35
2025-06,60,326,00244-00343-00326,Jugabani Samaj Kallayan Sangstha (JSKS),235,Cumulative Surplus,48870741,11.02,45693672,10.62
2025-06,60,326,00244-00343-00326,Jugabani Samaj Kallayan Sangstha (JSKS),235,Other Fund,34839823,7.86,29030029,6.75
2025-06,60,326,00244-00343-00326,Jugabani Samaj Kallayan Sangstha (JSKS),235,Total,443398911,100,430213238,100
2025-06,61,470,05305-00792-00470,AVA Development Society,235,Clients' Savings,186704228,23.3,132372867,21.97
2025-06,61,470,05305-00792-00470,AVA Development Society,235,Loan from PKSF,333499988,41.62,297366653,49.35
2025-06,61,470,05305-00792-00470,AVA Development Society,235,Other loans,145078922,18.11,62500000,10.37
2025-06,61,470,05305-00792-00470,AVA Development Society,235,Cumulative Surplus,101192571,12.63,85870538,14.25
2025-06,61,470,05305-00792-00470,AVA Development Society,235,Other Fund,34780891,4.34,24452709,4.06
2025-06,61,470,05305-00792-00470,AVA Development Society,235,Total,801256600,100,602562767,100
2025-06,62,892,32021-00245-00892,Bachar Thikana Unnoyon Songstha,235,Clients' Savings,3092444,26.14,2414407,50.74
2025-06,62,892,32021-00245-00892,Bachar Thikana Unnoyon Songstha,235,Other loans,6164969,52.11,,0.0
2025-06,62,892,32021-00245-00892,Bachar Thikana Unnoyon Songstha,235,Cumulative Surplus,-844735,-7.14,989859,20.8
2025-06,62,892,32021-00245-00892,Bachar Thikana Unnoyon Songstha,235,Other Fund,3417808,28.89,1354244,28.46
2025-06,62,892,32021-00245-00892,Bachar Thikana Unnoyon Songstha,235,Total,11830486,100,4758510,100
2025-06,63,673,04782-01547-00673,BADHAN GRAM UNNAYAN FOUNDATION,235,Clients' Savings,3571973,22.7,3466926,23.23
2025-06,63,673,04782-01547-00673,BADHAN GRAM UNNAYAN FOUNDATION,235,Other loans,200000,1.27,1000000,6.7
2025-06,63,673,04782-01547-00673,BADHAN GRAM UNNAYAN FOUNDATION,235,Cumulative Surplus,10769389,68.43,9410466,63.06
2025-06,63,673,04782-01547-00673,BADHAN GRAM UNNAYAN FOUNDATION,235,Other Fund,1195878,7.6,1044886,7.0
2025-06,63,673,04782-01547-00673,BADHAN GRAM UNNAYAN FOUNDATION,235,Total,15737240,100,14922278,100
2025-06,64,12,00198-00021-00012,Bajitpur Rural Advancement Society (BRAS),235,Clients' Savings,35260603,42.35,32050750,41.47
2025-06,64,12,00198-00021-00012,Bajitpur Rural Advancement Society (BRAS),235,Loan from Other MFIs,26150000,31.41,24600000,31.83
2025-06,64,12,00198-00021-00012,Bajitpur Rural Advancement Society (BRAS),235,Cumulative Surplus,11600795,13.93,11332683,14.66
2025-06,64,12,00198-00021-00012,Bajitpur Rural Advancement Society (BRAS),235,Other Fund,10255202,12.32,9307240,12.04
2025-06,64,12,00198-00021-00012,Bajitpur Rural Advancement Society (BRAS),235,Total,83266600,100,77290673,100
2025-06,65,682,00983-00016-00682,Bakergonj Forum,235,Clients' Savings,5397083,54.48,4661017,50.55
2025-06,65,682,00983-00016-00682,Bakergonj Forum,235,Loan from Commercial Banks,225875,2.28,225000,2.44
2025-06,65,682,00983-00016-00682,Bakergonj Forum,235,Other loans,608766,6.15,721394,7.82
2025-06,65,682,00983-00016-00682,Bakergonj Forum,235,Cumulative Surplus,3601509,36.36,3539628,38.39
2025-06,65,682,00983-00016-00682,Bakergonj Forum,235,Other Fund,72789,0.73,72789,0.79
2025-06,65,682,00983-00016-00682,Bakergonj Forum,235,Total,9906022,100,9219828,100
2025-06,66,395,00331-01733-00395,Banaful Social Welfare Organization (BSWO),235,Clients' Savings,209510529,62.85,210411459,59.33
2025-06,66,395,00331-01733-00395,Banaful Social Welfare Organization (BSWO),235,Loan from Commercial Banks,,0.0,30982659,8.74
2025-06,66,395,00331-01733-00395,Banaful Social Welfare Organization (BSWO),235,Cumulative Surplus,85792886,25.73,77091668,21.74
2025-06,66,395,00331-01733-00395,Banaful Social Welfare Organization (BSWO),235,Other Fund,38069557,11.42,36163098,10.2
2025-06,66,395,00331-01733-00395,Banaful Social Welfare Organization (BSWO),235,Total,333372972,100,354648884,100
2025-06,67,879,21112-00285-00879,Banchte Chai Samaj Unnayan Songstha (BSDO),236,Clients' Savings,6822366,18.54,4878882,17.34
2025-06,67,879,21112-00285-00879,Banchte Chai Samaj Unnayan Songstha (BSDO),236,Loan from Commercial Banks,2000000,5.43,,0.0
2025-06,67,879,21112-00285-00879,Banchte Chai Samaj Unnayan Songstha (BSDO),236,Other loans,10698970,29.07,8935970,31.76
2025-06,67,879,21112-00285-00879,Banchte Chai Samaj Unnayan Songstha (BSDO),236,Donors' Fund,6600000,17.93,,0.0
2025-06,67,879,21112-00285-00879,Banchte Chai Samaj Unnayan Songstha (BSDO),236,Cumulative Surplus,8033052,21.83,6111661,21.72
2025-06,67,879,21112-00285-00879,Banchte Chai Samaj Unnayan Songstha (BSDO),236,Other Fund,2651138,7.2,8205740,29.17
2025-06,67,879,21112-00285-00879,Banchte Chai Samaj Unnayan Songstha (BSDO),236,Total,36805526,100,28132253,100
2025-06,68,328,03446-01309-00328,Banchte Shekha (BS),236,Clients' Savings,276796132,34.25,206151713,28.91
2025-06,68,328,03446-01309-00328,Banchte Shekha (BS),236,Loan from Commercial Banks,359979211,44.55,359962086,50.47
2025-06,68,328,03446-01309-00328,Banchte Shekha (BS),236,Other loans,3090000,0.38,2290000,0.32
2025-06,68,328,03446-01309-00328,Banchte Shekha (BS),236,Cumulative Surplus,75673108,9.36,70209327,9.84
2025-06,68,328,03446-01309-00328,Banchte Shekha (BS),236,Other Fund,92550674,11.45,74554109,10.45
2025-06,68,328,03446-01309-00328,Banchte Shekha (BS),236,Total,808089125,100,713167235,100
2025-06,69,410,02535-00745-00410,Bandhan Sangstha,236,Clients' Savings,27202878,18.77,21073686,17.97
2025-06,69,410,02535-00745-00410,Bandhan Sangstha,236,Other loans,12026396,8.3,9763113,8.33
2025-06,69,410,02535-00745-00410,Bandhan Sangstha,236,Cumulative Surplus,105724786,72.94,77765322,66.33
2025-06,69,410,02535-00745-00410,Bandhan Sangstha,236,Other Fund,,0.0,8640984,7.37
2025-06,69,410,02535-00745-00410,Bandhan Sangstha,236,Total,144954060,100,117243105,100
2025-06,70,305,01490-00330-00305,Bandhu Kallyan Foundation,236,Clients' Savings,537091649,30.19,486993769,31.39
2025-06,70,305,01490-00330-00305,Bandhu Kallyan Foundation,236,Loan from PKSF,745166663,41.88,611383335,39.4
2025-06,70,305,01490-00330-00305,Bandhu Kallyan Foundation,236,Loan from Govt.,11785716,0.66,2642860,0.17
2025-06,70,305,01490-00330-00305,Bandhu Kallyan Foundation,236,Other loans,178042941,10.01,183334004,11.82
2025-06,70,305,01490-00330-00305,Bandhu Kallyan Foundation,236,Cumulative Surplus,276173324,15.52,240638551,15.51
2025-06,70,305,01490-00330-00305,Bandhu Kallyan Foundation,236,Other Fund,31000952,1.74,26656913,1.72
2025-06,70,305,01490-00330-00305,Bandhu Kallyan Foundation,236,Total,1779261245,100,1551649432,100
2025-06,71,445,02839-00454-00445,Bangio Gonounnayan samity (BGS),236,Clients' Savings,5709622,35.89,5118539,31.08
2025-06,71,445,02839-00454-00445,Bangio Gonounnayan samity (BGS),236,Loan from Other MFIs,,0.0,1400000,8.5
2025-06,71,445,02839-00454-00445,Bangio Gonounnayan samity (BGS),236,Other loans,3252886,20.45,,0.0
2025-06,71,445,02839-00454-00445,Bangio Gonounnayan samity (BGS),236,Cumulative Surplus,4400922,27.66,4061324,24.66
2025-06,71,445,02839-00454-00445,Bangio Gonounnayan samity (BGS),236,Other Fund,2546279,16.0,5889492,35.76
2025-06,71,445,02839-00454-00445,Bangio Gonounnayan samity (BGS),236,Total,15909709,100,16469355,100
2025-06,72,685,01740-01729-00685,Bangladesh Agricultural Working Peoples Association (BAWPA),236,Clients' Savings,32779260,44.17,31599273,45.91
2025-06,72,685,01740-01729-00685,Bangladesh Agricultural Working Peoples Association (BAWPA),236,Other loans,7775881,10.48,7672375,11.15
2025-06,72,685,01740-01729-00685,Bangladesh Agricultural Working Peoples Association (BAWPA),236,Cumulative Surplus,17823557,24.02,16051535,23.32
2025-06,72,685,01740-01729-00685,Bangladesh Agricultural Working Peoples Association (BAWPA),236,Other Fund,15828478,21.33,13512596,19.63
2025-06,72,685,01740-01729-00685,Bangladesh Agricultural Working Peoples Association (BAWPA),236,Total,74207176,100,68835779,100
2025-06,73,560,00291-02364-00560,Bangladesh Association for Community Education (BACE),236,Clients' Savings,186344418,49.41,186645091,51.14
2025-06,73,560,00291-02364-00560,Bangladesh Association for Community Education (BACE),236,Other loans,25590140,6.79,26012558,7.13
2025-06,73,560,00291-02364-00560,Bangladesh Association for Community Education (BACE),236,Donors' Fund,55179272,14.63,55179272,15.12
2025-06,73,560,00291-02364-00560,Bangladesh Association for Community Education (BACE),236,Cumulative Surplus,72684109,19.27,64484833,17.67
2025-06,73,560,00291-02364-00560,Bangladesh Association for Community Education (BACE),236,Other Fund,37357126,9.9,32682026,8.95
2025-06,73,560,00291-02364-00560,Bangladesh Association for Community Education (BACE),236,Total,377155065,100,365003780,100
2025-06,74,431,05518-04426-00431,Bangladesh Association for Sustainable Development (BASD),236,Clients' Savings,28490220,61.66,25310984,59.45
2025-06,74,431,05518-04426-00431,Bangladesh Association for Sustainable Development (BASD),236,Donors' Fund,3930076,8.51,2690076,6.32
2025-06,74,431,05518-04426-00431,Bangladesh Association for Sustainable Development (BASD),236,Cumulative Surplus,5924546,12.82,6964796,16.36
2025-06,74,431,05518-04426-00431,Bangladesh Association for Sustainable Development (BASD),236,Other Fund,7861622,17.01,7611683,17.88
2025-06,74,431,05518-04426-00431,Bangladesh Association for Sustainable Development (BASD),236,Total,46206464,100,42577539,100
2025-06,75,355,03160-02702-00355,Bangladesh Development Society (BDS),237,Clients' Savings,279793683,28.71,257335923,27.38
2025-06,75,355,03160-02702-00355,Bangladesh Development Society (BDS),237,Loan from PKSF,473000000,48.54,388000000,41.27
2025-06,75,355,03160-02702-00355,Bangladesh Development Society (BDS),237,Loan from Commercial Banks,42052813,4.32,147500000,15.69
2025-06,75,355,03160-02702-00355,Bangladesh Development Society (BDS),237,Cumulative Surplus,126033860,12.93,102258265,10.88
2025-06,75,355,03160-02702-00355,Bangladesh Development Society (BDS),237,Other Fund,53663594,5.51,44944462,4.78
2025-06,75,355,03160-02702-00355,Bangladesh Development Society (BDS),237,Total,974543950,100,940038650,100
2025-06,76,263,00572-02517-00263,Bangladesh Extension Education Services (BEES),237,Clients' Savings,11330628677,31.54,9721793107,34.52
2025-06,76,263,00572-02517-00263,Bangladesh Extension Education Services (BEES),237,Loan from PKSF,1056866665,2.94,930650125,3.3
2025-06,76,263,00572-02517-00263,Bangladesh Extension Education Services (BEES),237,Loan from Commercial Banks,9307955703,25.91,7251540758,25.75
2025-06,76,263,00572-02517-00263,Bangladesh Extension Education Services (BEES),237,Other loans,9424550092,26.24,6921609742,24.58
2025-06,76,263,00572-02517-00263,Bangladesh Extension Education Services (BEES),237,Cumulative Surplus,3130243525,8.71,2149115519,7.63
2025-06,76,263,00572-02517-00263,Bangladesh Extension Education Services (BEES),237,Other Fund,1671352906,4.65,1187163646,4.22
2025-06,76,263,00572-02517-00263,Bangladesh Extension Education Services (BEES),237,Total,35921597568,100,28161872897,100
2025-06,77,866,00171-00155-00866,Bangladesh Fellowship Foundation,237,Clients' Savings,564071790,46.78,493020711,45.33
2025-06,77,866,00171-00155-00866,Bangladesh Fellowship Foundation,237,Donors' Fund,102631119,8.51,,0.0
2025-06,77,866,00171-00155-00866,Bangladesh Fellowship Foundation,237,Cumulative Surplus,395966429,32.84,54939688,5.05
2025-06,77,866,00171-00155-00866,Bangladesh Fellowship Foundation,237,Other Fund,143211007,11.88,539706567,49.62
2025-06,77,866,00171-00155-00866,Bangladesh Fellowship Foundation,237,Total,1205880345,100,1087666966,100
2025-06,78,458,03072-01354-00458,Bangladesh Grameen Seba Sangstha,237,Clients' Savings,16851375,29.88,15867078,31.57
2025-06,78,458,03072-01354-00458,Bangladesh Grameen Seba Sangstha,237,Other loans,33352743,59.13,29261941,58.23
2025-06,78,458,03072-01354-00458,Bangladesh Grameen Seba Sangstha,237,Cumulative Surplus,5471182,9.7,4471088,8.9
2025-06,78,458,03072-01354-00458,Bangladesh Grameen Seba Sangstha,237,Other Fund,725936,1.29,656072,1.31
2025-06,78,458,03072-01354-00458,Bangladesh Grameen Seba Sangstha,237,Total,56401236,100,50256179,100
2025-06,79,739,01191-02411-00739,BANGLADESH HEALTH AND EDUCATION DEVELOPMENT SOCIETY,237,Clients' Savings,24938070,57.6,22671613,56.07
2025-06,79,739,01191-02411-00739,BANGLADESH HEALTH AND EDUCATION DEVELOPMENT SOCIETY,237,Loan from Commercial Banks,,0.0,2408285,5.96
2025-06,79,739,01191-02411-00739,BANGLADESH HEALTH AND EDUCATION DEVELOPMENT SOCIETY,237,Other loans,8747395,20.2,7581455,18.75
2025-06,79,739,01191-02411-00739,BANGLADESH HEALTH AND EDUCATION DEVELOPMENT SOCIETY,237,Donors' Fund,200000,0.46,200000,0.49
2025-06,79,739,01191-02411-00739,BANGLADESH HEALTH AND EDUCATION DEVELOPMENT SOCIETY,237,Cumulative Surplus,4941719,11.41,3739706,9.25
2025-06,79,739,01191-02411-00739,BANGLADESH HEALTH AND EDUCATION DEVELOPMENT SOCIETY,237,Other Fund,4468415,10.32,3833053,9.48
2025-06,79,739,01191-02411-00739,BANGLADESH HEALTH AND EDUCATION DEVELOPMENT SOCIETY,237,Total,43295599,100,40434112,100
2025-06,80,340,02908-03316-00340,Bangladesh Ignite Youth Society (BIYS),237,Clients' Savings,407675437,40.77,408654578,40.69
2025-06,80,340,02908-03316-00340,Bangladesh Ignite Youth Society (BIYS),237,Loan from Commercial Banks,75000002,7.5,84116032,8.38
2025-06,80,340,02908-03316-00340,Bangladesh Ignite Youth Society (BIYS),237,Other loans,387476459,38.75,392034046,39.04
2025-06,80,340,02908-03316-00340,Bangladesh Ignite Youth Society (BIYS),237,Cumulative Surplus,22729866,2.27,10731812,1.07
2025-06,80,340,02908-03316-00340,Bangladesh Ignite Youth Society (BIYS),237,Other Fund,106988807,10.7,108770273,10.83
2025-06,80,340,02908-03316-00340,Bangladesh Ignite Youth Society (BIYS),237,Total,999870571,100,1004306741,100
2025-06,81,486,00719-00077-00486,Bangladesh JanaKallyan Songstha,237,Clients' Savings,890071,17.96,1216796,19.98
2025-06,81,486,00719-00077-00486,Bangladesh JanaKallyan Songstha,237,Other loans,56000,1.13,487329,8.0
2025-06,81,486,00719-00077-00486,Bangladesh JanaKallyan Songstha,237,Donors' Fund,56055,1.13,,0.0
2025-06,81,486,00719-00077-00486,Bangladesh JanaKallyan Songstha,237,Cumulative Surplus,3297213,66.52,3738214,61.39
2025-06,81,486,00719-00077-00486,Bangladesh JanaKallyan Songstha,237,Other Fund,657385,13.26,647385,10.63
2025-06,81,486,00719-00077-00486,Bangladesh JanaKallyan Songstha,237,Total,4956724,100,6089724,100
2025-06,82,562,01650-02256-00562,Bangladesh Palli Unnayon Foundation (B. P. D. F),237,Clients' Savings,2452853,61.82,2606024,64.12
2025-06,82,562,01650-02256-00562,Bangladesh Palli Unnayon Foundation (B. P. D. F),237,Other loans,114060,2.87,114060,2.81
2025-06,82,562,01650-02256-00562,Bangladesh Palli Unnayon Foundation (B. P. D. F),237,Cumulative Surplus,1376931,34.7,1320192,32.48
2025-06,82,562,01650-02256-00562,Bangladesh Palli Unnayon Foundation (B. P. D. F),237,Other Fund,24000,0.6,24000,0.59
2025-06,82,562,01650-02256-00562,Bangladesh Palli Unnayon Foundation (B. P. D. F),237,Total,3967844,100,4064276,100
2025-06,83,234,02798-00553-00234,Bangla-German Sampreeti (BGS),238,Clients' Savings,326738944,37.56,299995122,38.65
2025-06,83,234,02798-00553-00234,Bangla-German Sampreeti (BGS),238,Loan from PKSF,120466664,13.85,15900000,2.05
2025-06,83,234,02798-00553-00234,Bangla-German Sampreeti (BGS),238,Loan from Commercial Banks,12095019,1.39,68126745,8.78
2025-06,83,234,02798-00553-00234,Bangla-German Sampreeti (BGS),238,Other loans,8155000,0.94,21505000,2.77
2025-06,83,234,02798-00553-00234,Bangla-German Sampreeti (BGS),238,Donors' Fund,158174446,18.18,157724446,20.32
2025-06,83,234,02798-00553-00234,Bangla-German Sampreeti (BGS),238,Cumulative Surplus,91312308,10.5,73222623,9.43
2025-06,83,234,02798-00553-00234,Bangla-German Sampreeti (BGS),238,Other Fund,152921659,17.58,139700444,18.0
2025-06,83,234,02798-00553-00234,Bangla-German Sampreeti (BGS),238,Total,869864040,100,776174380,100
2025-06,84,354,04153-01588-00354,Banglar Mela Sangstha (BMS),238,Clients' Savings,17803547,16.07,25321440,17.48
2025-06,84,354,04153-01588-00354,Banglar Mela Sangstha (BMS),238,Other loans,82397629,74.38,108388772,74.81
2025-06,84,354,04153-01588-00354,Banglar Mela Sangstha (BMS),238,Cumulative Surplus,3925101,3.54,3823891,2.64
2025-06,84,354,04153-01588-00354,Banglar Mela Sangstha (BMS),238,Other Fund,6653012,6.01,7358830,5.08
2025-06,84,354,04153-01588-00354,Banglar Mela Sangstha (BMS),238,Total,110779289,100,144892933,100
2025-06,85,543,01491-00102-00543,Benupur Nayapara Janoseba Sangstha (BNJS),238,Clients' Savings,13910158,61.4,11553177,63.56
2025-06,85,543,01491-00102-00543,Benupur Nayapara Janoseba Sangstha (BNJS),238,Other loans,1029400,4.54,429400,2.36
2025-06,85,543,01491-00102-00543,Benupur Nayapara Janoseba Sangstha (BNJS),238,Cumulative Surplus,6232206,27.51,4803224,26.43
2025-06,85,543,01491-00102-00543,Benupur Nayapara Janoseba Sangstha (BNJS),238,Other Fund,1483785,6.55,1390265,7.65
2025-06,85,543,01491-00102-00543,Benupur Nayapara Janoseba Sangstha (BNJS),238,Total,22655549,100,18176066,100
2025-06,86,832,21112-00670-00832,BARAL foundation for environment & sustainable development,238,Clients' Savings,2570484,36.6,2498734,37.29
2025-06,86,832,21112-00670-00832,BARAL foundation for environment & sustainable development,238,Other loans,1463000,20.83,2217500,33.1
2025-06,86,832,21112-00670-00832,BARAL foundation for environment & sustainable development,238,Cumulative Surplus,2068460,29.45,1738667,25.95
2025-06,86,832,21112-00670-00832,BARAL foundation for environment & sustainable development,238,Other Fund,921786,13.12,245407,3.66
2025-06,86,832,21112-00670-00832,BARAL foundation for environment & sustainable development,238,Total,7023730,100,6700308,100
2025-06,87,796,21112-00573-00796,Barendra Economic Development Organization (BEDO),238,Clients' Savings,74772767,53.64,56281405,52.53
2025-06,87,796,21112-00573-00796,Barendra Economic Development Organization (BEDO),238,Loan from Commercial Banks,30251770,21.7,28377803,26.49
2025-06,87,796,21112-00573-00796,Barendra Economic Development Organization (BEDO),238,Other loans,16000000,11.48,7000000,6.53
2025-06,87,796,21112-00573-00796,Barendra Economic Development Organization (BEDO),238,Cumulative Surplus,6933446,4.97,6428409,6.0
2025-06,87,796,21112-00573-00796,Barendra Economic Development Organization (BEDO),238,Other Fund,11439081,8.21,9045018,8.44
2025-06,87,796,21112-00573-00796,Barendra Economic Development Organization (BEDO),238,Total,139397064,100,107132635,100
2025-06,88,40,01570-00073-00040,Barendrabhumi Samaj Unnyan Sangstha (BSDO),238,Clients' Savings,43580035,18.25,48582954,17.68
2025-06,88,40,01570-00073-00040,Barendrabhumi Samaj Unnyan Sangstha (BSDO),238,Loan from PKSF,26833331,11.23,62799998,22.85
2025-06,88,40,01570-00073-00040,Barendrabhumi Samaj Unnyan Sangstha (BSDO),238,Other loans,23900000,10.01,84506044,30.75
2025-06,88,40,01570-00073-00040,Barendrabhumi Samaj Unnyan Sangstha (BSDO),238,Cumulative Surplus,89381221,37.42,78941792,28.72
2025-06,88,40,01570-00073-00040,Barendrabhumi Samaj Unnyan Sangstha (BSDO),238,Other Fund,55156400,23.09,,0.0
2025-06,88,40,01570-00073-00040,Barendrabhumi Samaj Unnyan Sangstha (BSDO),238,Total,238850987,100,274830788,100
2025-06,89,46,00377-00115-00046,BASA Foundation,238,Clients' Savings,996793260,31.76,840998496,26.48
2025-06,89,46,00377-00115-00046,BASA Foundation,238,Loan from PKSF,1071637480,34.14,921333317,29.01
2025-06,89,46,00377-00115-00046,BASA Foundation,238,Loan from Commercial Banks,310852797,9.9,478010656,15.05
2025-06,89,46,00377-00115-00046,BASA Foundation,238,Other loans,,0.0,489926034,15.43
2025-06,89,46,00377-00115-00046,BASA Foundation,238,Cumulative Surplus,191811718,6.11,394355276,12.42
2025-06,89,46,00377-00115-00046,BASA Foundation,238,Other Fund,567798057,18.09,50828197,1.6
2025-06,89,46,00377-00115-00046,BASA Foundation,238,Total,3138893312,100,3175451976,100
2025-06,90,483,00131-02952-00483,Basoti Shomaj O Poribesh Unnayon Foundation (Basoti),238,Clients' Savings,77649105,43.59,73266442,45.7
2025-06,90,483,00131-02952-00483,Basoti Shomaj O Poribesh Unnayon Foundation (Basoti),238,Other loans,62139599,34.88,51458573,32.1
2025-06,90,483,00131-02952-00483,Basoti Shomaj O Poribesh Unnayon Foundation (Basoti),238,Cumulative Surplus,23584589,13.24,22079673,13.77
2025-06,90,483,00131-02952-00483,Basoti Shomaj O Poribesh Unnayon Foundation (Basoti),238,Other Fund,14762974,8.29,13519922,8.43
2025-06,90,483,00131-02952-00483,Basoti Shomaj O Poribesh Unnayon Foundation (Basoti),238,Total,178136267,100,160324610,100
2025-06,91,330,00829-02739-00330,BASCO Foundation,239,Clients' Savings,11334877,35.82,10577406,40.89
2025-06,91,330,00829-02739-00330,BASCO Foundation,239,Loan from Commercial Banks,1000000,3.16,1000000,3.87
2025-06,91,330,00829-02739-00330,BASCO Foundation,239,Other loans,11077248,35.0,6850000,26.48
2025-06,91,330,00829-02739-00330,BASCO Foundation,239,Cumulative Surplus,8119042,25.65,7325995,28.32
2025-06,91,330,00829-02739-00330,BASCO Foundation,239,Other Fund,116000,0.37,113000,0.44
2025-06,91,330,00829-02739-00330,BASCO Foundation,239,Total,31647167,100,25866401,100
2025-06,92,781,21112-00018-00781,Basic Aid for Local Action King Association (BALAKA),239,Clients' Savings,65512013,36.16,61270481,34.04
2025-06,92,781,21112-00018-00781,Basic Aid for Local Action King Association (BALAKA),239,Loan from PKSF,8800000,4.86,500000,0.28
2025-06,92,781,21112-00018-00781,Basic Aid for Local Action King Association (BALAKA),239,Other loans,28875000,15.94,62375000,34.66
2025-06,92,781,21112-00018-00781,Basic Aid for Local Action King Association (BALAKA),239,Donors' Fund,250000,0.14,1000000,0.56
2025-06,92,781,21112-00018-00781,Basic Aid for Local Action King Association (BALAKA),239,Cumulative Surplus,68469484,37.79,52637610,29.25
2025-06,92,781,21112-00018-00781,Basic Aid for Local Action King Association (BALAKA),239,Other Fund,9283428,5.12,2201288,1.22
2025-06,92,781,21112-00018-00781,Basic Aid for Local Action King Association (BALAKA),239,Total,181189925,100,179984379,100
2025-06,93,80,01132-00227-00080,Basic Organization Network for Development and Humanitarian Aid for Nation (BONDHAN),239,Clients' Savings,232306634,35.33,191068844,34.62
2025-06,93,80,01132-00227-00080,Basic Organization Network for Development and Humanitarian Aid for Nation (BONDHAN),239,Loan from Other MFIs,280000,0.04,280000,0.05
2025-06,93,80,01132-00227-00080,Basic Organization Network for Development and Humanitarian Aid for Nation (BONDHAN),239,Loan from Commercial Banks,91599348,13.93,59000000,10.69
2025-06,93,80,01132-00227-00080,Basic Organization Network for Development and Humanitarian Aid for Nation (BONDHAN),239,Other loans,168338679,25.6,151982581,27.54
2025-06,93,80,01132-00227-00080,Basic Organization Network for Development and Humanitarian Aid for Nation (BONDHAN),239,Cumulative Surplus,120095361,18.27,110841794,20.09
2025-06,93,80,01132-00227-00080,Basic Organization Network for Development and Humanitarian Aid for Nation (BONDHAN),239,Other Fund,44850501,6.82,38681122,7.01
2025-06,93,80,01132-00227-00080,Basic Organization Network for Development and Humanitarian Aid for Nation (BONDHAN),239,Total,657470523,100,551854341,100
2025-06,94,888,32021-00521-00888,BASONA JANAKALYAN SANGSTHA (BJS),239,Clients' Savings,8947253,19.47,6770552,18.3
2025-06,94,888,32021-00521-00888,BASONA JANAKALYAN SANGSTHA (BJS),239,Loan from Commercial Banks,990000,2.15,,0.0
2025-06,94,888,32021-00521-00888,BASONA JANAKALYAN SANGSTHA (BJS),239,Other loans,25174624,54.78,24774624,66.96
2025-06,94,888,32021-00521-00888,BASONA JANAKALYAN SANGSTHA (BJS),239,Donors' Fund,4409751,9.59,,0.0
2025-06,94,888,32021-00521-00888,BASONA JANAKALYAN SANGSTHA (BJS),239,Cumulative Surplus,2967376,6.46,4889352,13.21
2025-06,94,888,32021-00521-00888,BASONA JANAKALYAN SANGSTHA (BJS),239,Other Fund,3469859,7.55,565261,1.53
2025-06,94,888,32021-00521-00888,BASONA JANAKALYAN SANGSTHA (BJS),239,Total,45958862,100,36999789,100
2025-06,95,346,01029-00170-00346,Bastob- Initiative for Peoples Self Development,239,Clients' Savings,1998400841,44.44,1744724579,44.38
2025-06,95,346,01029-00170-00346,Bastob- Initiative for Peoples Self Development,239,Loan from PKSF,1178912731,26.21,1028778788,26.17
2025-06,95,346,01029-00170-00346,Bastob- Initiative for Peoples Self Development,239,Loan from Commercial Banks,656014407,14.59,633596741,16.12
2025-06,95,346,01029-00170-00346,Bastob- Initiative for Peoples Self Development,239,Other loans,92092272,2.05,8382459,0.21
2025-06,95,346,01029-00170-00346,Bastob- Initiative for Peoples Self Development,239,Cumulative Surplus,454301571,10.1,412983810,10.51
2025-06,95,346,01029-00170-00346,Bastob- Initiative for Peoples Self Development,239,Other Fund,117433333,2.61,102684517,2.61
2025-06,95,346,01029-00170-00346,Bastob- Initiative for Peoples Self Development,239,Total,4497155155,100,3931150894,100
2025-06,96,16,00558-00067-00016,BEDO,239,Clients' Savings,376882571,25.84,319559728,25.09
2025-06,96,16,00558-00067-00016,BEDO,239,Loan from PKSF,721312460,49.46,586536621,46.06
2025-06,96,16,00558-00067-00016,BEDO,239,Loan from Commercial Banks,57188844,3.92,89935578,7.06
2025-06,96,16,00558-00067-00016,BEDO,239,Other loans,52130000,3.57,76950000,6.04
2025-06,96,16,00558-00067-00016,BEDO,239,Donors' Fund,213845704,14.66,,0.0
2025-06,96,16,00558-00067-00016,BEDO,239,Cumulative Surplus,,0.0,188378908,14.79
2025-06,96,16,00558-00067-00016,BEDO,239,Other Fund,37077479,2.54,12142718,0.95
2025-06,96,16,00558-00067-00016,BEDO,239,Total,1458437058,100,1273503553,100
2025-06,97,644,01612-01383-00644,Benefi ciary’s Friendship Forum (B.F.F),239,Clients' Savings,18751241,39.33,16401405,46.46
2025-06,97,644,01612-01383-00644,Benefi ciary’s Friendship Forum (B.F.F),239,Loan from Commercial Banks,14775543,30.99,5490000,15.55
2025-06,97,644,01612-01383-00644,Benefi ciary’s Friendship Forum (B.F.F),239,Cumulative Surplus,11882796,24.93,11454303,32.45
2025-06,97,644,01612-01383-00644,Benefi ciary’s Friendship Forum (B.F.F),239,Other Fund,2264208,4.75,1956098,5.54
2025-06,97,644,01612-01383-00644,Benefi ciary’s Friendship Forum (B.F.F),239,Total,47673788,100,35301806,100
2025-06,98,528,05346-03315-00528,Bhagya Unnayan Shangstha,240,Clients' Savings,37150715,39.37,37543906,36.51
2025-06,98,528,05346-03315-00528,Bhagya Unnayan Shangstha,240,Loan from Commercial Banks,3830087,4.06,7243234,7.04
2025-06,98,528,05346-03315-00528,Bhagya Unnayan Shangstha,240,Other loans,34845000,36.92,37688000,36.65
2025-06,98,528,05346-03315-00528,Bhagya Unnayan Shangstha,240,Cumulative Surplus,18547873,19.65,20370670,19.81
2025-06,98,528,05346-03315-00528,Bhagya Unnayan Shangstha,240,Total,94373675,100,102845810,100
2025-06,99,479,03223-02173-00479,Bhumija Foundation,240,Clients' Savings,5822455,37.42,5257669,34.75
2025-06,99,479,03223-02173-00479,Bhumija Foundation,240,Loan from Commercial Banks,4000000,25.71,4000000,26.44
2025-06,99,479,03223-02173-00479,Bhumija Foundation,240,Donors' Fund,1900000,12.21,1900000,12.56
2025-06,99,479,03223-02173-00479,Bhumija Foundation,240,Cumulative Surplus,3836447,24.66,3910942,25.85
2025-06,99,479,03223-02173-00479,Bhumija Foundation,240,Other Fund,,0.0,59343,0.39
2025-06,99,479,03223-02173-00479,Bhumija Foundation,240,Total,15558902,100,15127954,100
2025-06,100,70,00454-00263-00070,BIVA,240,Clients' Savings,21589375,51.34,19071863,44.67
2025-06,100,70,00454-00263-00070,BIVA,240,Loan from Commercial Banks,,0.0,2280000,5.34
2025-06,100,70,00454-00263-00070,BIVA,240,Other loans,4800000,11.41,5610650,13.14
2025-06,100,70,00454-00263-00070,BIVA,240,Cumulative Surplus,10858973,25.82,11480863,26.89
2025-06,100,70,00454-00263-00070,BIVA,240,Other Fund,4805218,11.43,4252547,9.96
2025-06,100,70,00454-00263-00070,BIVA,240,Total,42053566,100,42695923,100
2025-06,101,296,01626-00704-00296,Blind Education and Rehabilitation Development Organization (BERDO),240,Clients' Savings,28339829,29.44,26727269,26.91
2025-06,101,296,01626-00704-00296,Blind Education and Rehabilitation Development Organization (BERDO),240,Loan from PKSF,3350000,3.48,7950000,8.0
2025-06,101,296,01626-00704-00296,Blind Education and Rehabilitation Development Organization (BERDO),240,Loan from Commercial Banks,15856034,16.47,17271034,17.39
2025-06,101,296,01626-00704-00296,Blind Education and Rehabilitation Development Organization (BERDO),240,Cumulative Surplus,15989562,16.61,13336126,13.43
2025-06,101,296,01626-00704-00296,Blind Education and Rehabilitation Development Organization (BERDO),240,Other Fund,32723570,34.0,34039986,34.27
2025-06,101,296,01626-00704-00296,Blind Education and Rehabilitation Development Organization (BERDO),240,Total,96258995,100,99324415,100
2025-06,102,379,00044-00204-00379,BNPS Microfi nance Trust,240,Clients' Savings,386381065,49.48,359485524,49.14
2025-06,102,379,00044-00204-00379,BNPS Microfi nance Trust,240,Other loans,100404429,12.86,114034041,15.59
2025-06,102,379,00044-00204-00379,BNPS Microfi nance Trust,240,Donors' Fund,24255206,3.11,24255206,3.32
2025-06,102,379,00044-00204-00379,BNPS Microfi nance Trust,240,Cumulative Surplus,195718523,25.06,170894014,23.36
2025-06,102,379,00044-00204-00379,BNPS Microfi nance Trust,240,Other Fund,74133423,9.49,62923822,8.6
2025-06,102,379,00044-00204-00379,BNPS Microfi nance Trust,240,Total,780892646,100,731592607,100
2025-06,103,65,00488-00186-00065,BRAC,240,Clients' Savings,268675805182,57.01,213273871397,51.94
2025-06,103,65,00488-00186-00065,BRAC,240,Loan from Commercial Banks,19218060858,4.08,31699884965,7.72
2025-06,103,65,00488-00186-00065,BRAC,240,Other loans,3659666609,0.78,6256594732,1.52
2025-06,103,65,00488-00186-00065,BRAC,240,Cumulative Surplus,179750957034,38.14,159396668833,38.82
2025-06,103,65,00488-00186-00065,BRAC,240,Total,471304489683,100,410627019927,100
2025-06,104,19,00280-00080-00019,Bridge M.F.I,240,Clients' Savings,7662715,7.99,10187384,10.34
2025-06,104,19,00280-00080-00019,Bridge M.F.I,240,Loan from PKSF,3073000,3.2,3228000,3.28
2025-06,104,19,00280-00080-00019,Bridge M.F.I,240,Loan from Commercial Banks,76311462,79.53,76311462,77.42
2025-06,104,19,00280-00080-00019,Bridge M.F.I,240,Cumulative Surplus,1851068,1.93,1845954,1.87
2025-06,104,19,00280-00080-00019,Bridge M.F.I,240,Other Fund,7058389,7.36,6989139,7.09
2025-06,104,19,00280-00080-00019,Bridge M.F.I,240,Total,95956634,100,98561939,100
2025-06,105,875,21112-00269-00875,Brotee Samaj Kallyan Sangstha,240,Clients' Savings,10264643,37.05,9619616,81.53
2025-06,105,875,21112-00269-00875,Brotee Samaj Kallyan Sangstha,240,Other loans,14711733,53.1,,0.0
2025-06,105,875,21112-00269-00875,Brotee Samaj Kallyan Sangstha,240,Cumulative Surplus,670417,2.42,310460,2.63
2025-06,105,875,21112-00269-00875,Brotee Samaj Kallyan Sangstha,240,Other Fund,2057980,7.43,1868494,15.84
2025-06,105,875,21112-00269-00875,Brotee Samaj Kallyan Sangstha,240,Total,27704773,100,11798570,100
2025-06,106,288,00004-00394-00288,BURO Bangladesh,241,Clients' Savings,49375358648,37.03,43999425376,36.68
2025-06,106,288,00004-00394-00288,BURO Bangladesh,241,Loan from Commercial Banks,40465231313,30.35,38280705283,31.91
2025-06,106,288,00004-00394-00288,BURO Bangladesh,241,Donors' Fund,382909556,0.29,366424044,0.31
2025-06,106,288,00004-00394-00288,BURO Bangladesh,241,Cumulative Surplus,38713689039,29.03,33042560278,27.55
2025-06,106,288,00004-00394-00288,BURO Bangladesh,241,Other Fund,4397924212,3.3,4256885927,3.55
2025-06,106,288,00004-00394-00288,BURO Bangladesh,241,Total,133335112768,100,119946000908,100
2025-06,107,184,00032-00286-00184,CARITAS Bangladesh,241,Clients' Savings,2315683395,42.6,2198546144,44.3
2025-06,107,184,00032-00286-00184,CARITAS Bangladesh,241,Loan from Commercial Banks,105672806,1.94,240916528,4.85
2025-06,107,184,00032-00286-00184,CARITAS Bangladesh,241,Other loans,433229124,7.97,28213418,0.57
2025-06,107,184,00032-00286-00184,CARITAS Bangladesh,241,Donors' Fund,246748887,4.54,246248887,4.96
2025-06,107,184,00032-00286-00184,CARITAS Bangladesh,241,Cumulative Surplus,1276271965,23.48,1241451303,25.02
2025-06,107,184,00032-00286-00184,CARITAS Bangladesh,241,Other Fund,1058058061,19.47,1007322950,20.3
2025-06,107,184,00032-00286-00184,CARITAS Bangladesh,241,Total,5435664238,100,4962699230,100
2025-06,108,10,01834-00654-00010,CARSA Foundation,241,Clients' Savings,509370713,42.88,49629914,4.01
2025-06,108,10,01834-00654-00010,CARSA Foundation,241,Loan from PKSF,356391363,30.0,470033030,37.95
2025-06,108,10,01834-00654-00010,CARSA Foundation,241,Donors' Fund,1989000,0.17,,0.0
2025-06,108,10,01834-00654-00010,CARSA Foundation,241,Cumulative Surplus,240871095,20.28,208570368,16.84
2025-06,108,10,01834-00654-00010,CARSA Foundation,241,Other Fund,79250510,6.67,510446366,41.21
2025-06,108,10,01834-00654-00010,CARSA Foundation,241,Total,1187872681,100,1238679678,100
2025-06,109,610,01912-00886-00610,CDO (Community Development Organization),241,Clients' Savings,1396171,13.14,1379597,15.44
2025-06,109,610,01912-00886-00610,CDO (Community Development Organization),241,Other loans,6645082,62.54,5143444,57.57
2025-06,109,610,01912-00886-00610,CDO (Community Development Organization),241,Cumulative Surplus,2042387,19.22,1950900,21.84
2025-06,109,610,01912-00886-00610,CDO (Community Development Organization),241,Other Fund,541020,5.09,460440,5.15
2025-06,109,610,01912-00886-00610,CDO (Community Development Organization),241,Total,10624660,100,8934381,100
2025-06,110,361,00929-04366-00361,CEDAR (Concern for Environmental Development and Research),241,Clients' Savings,58891786,28.83,52862375,28.16
2025-06,110,361,00929-04366-00361,CEDAR (Concern for Environmental Development and Research),241,Loan from PKSF,97550001,47.76,76500005,40.75
2025-06,110,361,00929-04366-00361,CEDAR (Concern for Environmental Development and Research),241,Other loans,5100000,2.5,3000000,1.6
2025-06,110,361,00929-04366-00361,CEDAR (Concern for Environmental Development and Research),241,Cumulative Surplus,10563974,5.17,22296154,11.88
2025-06,110,361,00929-04366-00361,CEDAR (Concern for Environmental Development and Research),241,Other Fund,32137643,15.73,33087485,17.62
2025-06,110,361,00929-04366-00361,CEDAR (Concern for Environmental Development and Research),241,Total,204243404,100,187746019,100
2025-06,111,583,02593-01229-00583,Center for Rural Service Society (C.R.S.S),241,Clients' Savings,23862133,53.81,20528572,19.44
2025-06,111,583,02593-01229-00583,Center for Rural Service Society (C.R.S.S),241,Loan from Commercial Banks,,0.0,14266109,13.51
2025-06,111,583,02593-01229-00583,Center for Rural Service Society (C.R.S.S),241,Other loans,,0.0,54010467,51.14
2025-06,111,583,02593-01229-00583,Center for Rural Service Society (C.R.S.S),241,Donors' Fund,3139835,7.08,6806478,6.44
2025-06,111,583,02593-01229-00583,Center for Rural Service Society (C.R.S.S),241,Cumulative Surplus,10447503,23.56,4454011,4.22
2025-06,111,583,02593-01229-00583,Center for Rural Service Society (C.R.S.S),241,Other Fund,6898427,15.56,5548335,5.25
2025-06,111,583,02593-01229-00583,Center for Rural Service Society (C.R.S.S),241,Total,44347898,100,105613972,100
2025-06,112,170,02047-00565-00170,Centre for Action Research-Barind (CARB),241,Clients' Savings,124032761,17.7,104601055,14.86
2025-06,112,170,02047-00565-00170,Centre for Action Research-Barind (CARB),241,Loan from PKSF,303000000,43.23,310000000,44.05
2025-06,112,170,02047-00565-00170,Centre for Action Research-Barind (CARB),241,Loan from Commercial Banks,90000000,12.84,90000000,12.79
2025-06,112,170,02047-00565-00170,Centre for Action Research-Barind (CARB),241,Cumulative Surplus,155455078,22.18,152239474,21.63
2025-06,112,170,02047-00565-00170,Centre for Action Research-Barind (CARB),241,Other Fund,28389319,4.05,46896515,6.66
2025-06,112,170,02047-00565-00170,Centre for Action Research-Barind (CARB),241,Total,700877158,100,703737044,100
2025-06,113,221,00826-00499-00221,Centre for Advanced Research and Social Action,241,Clients' Savings,387411016,29.12,319374646,29.09
2025-06,113,221,00826-00499-00221,Centre for Advanced Research and Social Action,241,Loan from PKSF,615350000,46.26,509766661,46.43
2025-06,113,221,00826-00499-00221,Centre for Advanced Research and Social Action,241,Loan from Commercial Banks,36668000,2.76,,0.0
2025-06,113,221,00826-00499-00221,Centre for Advanced Research and Social Action,241,Other loans,21191989,1.59,32833088,2.99
2025-06,113,221,00826-00499-00221,Centre for Advanced Research and Social Action,241,Cumulative Surplus,230171804,17.3,172878549,15.75
2025-06,113,221,00826-00499-00221,Centre for Advanced Research and Social Action,241,Other Fund,39401257,2.96,63008372,5.74
2025-06,113,221,00826-00499-00221,Centre for Advanced Research and Social Action,241,Total,1330194066,100,1097861316,100
2025-06,114,245,01032-01788-00245,Centre for Community Development Assistance (CCDA),242,Clients' Savings,2844774191,34.28,2543175469,32.29
2025-06,114,245,01032-01788-00245,Centre for Community Development Assistance (CCDA),242,Loan from PKSF,2036899996,24.55,1560111661,19.81
2025-06,114,245,01032-01788-00245,Centre for Community Development Assistance (CCDA),242,Loan from Commercial Banks,235892789,2.84,925337642,11.75
2025-06,114,245,01032-01788-00245,Centre for Community Development Assistance (CCDA),242,Cumulative Surplus,2783882467,33.55,2473498349,31.4
2025-06,114,245,01032-01788-00245,Centre for Community Development Assistance (CCDA),242,Other Fund,396300940,4.78,374126842,4.75
2025-06,114,245,01032-01788-00245,Centre for Community Development Assistance (CCDA),242,Total,8297750383,100,7876249963,100
2025-06,115,97,00341-00727-00097,Centre for Development Innovation and Practices,242,Clients' Savings,7225539561,38.03,6432718937,35.37
2025-06,115,97,00341-00727-00097,Centre for Development Innovation and Practices,242,Loan from PKSF,1711270840,9.01,1205633340,6.63
2025-06,115,97,00341-00727-00097,Centre for Development Innovation and Practices,242,Loan from Govt.,430000000,2.26,,0.0
2025-06,115,97,00341-00727-00097,Centre for Development Innovation and Practices,242,Loan from Commercial Banks,2145636422,11.29,4391736338,24.15
2025-06,115,97,00341-00727-00097,Centre for Development Innovation and Practices,242,Other loans,1312105483,6.91,430000000,2.36
2025-06,115,97,00341-00727-00097,Centre for Development Innovation and Practices,242,Cumulative Surplus,4842234115,25.48,4417286599,24.29
2025-06,115,97,00341-00727-00097,Centre for Development Innovation and Practices,242,Other Fund,1333752513,7.02,1311292848,7.21
2025-06,115,97,00341-00727-00097,Centre for Development Innovation and Practices,242,Total,19000538934,100,18188668062,100
2025-06,116,322,02522-03607-00322,Centre for Development Services (CDS),242,Clients' Savings,4530694,30.25,4274363,30.19
2025-06,116,322,02522-03607-00322,Centre for Development Services (CDS),242,Cumulative Surplus,8860226,59.16,8408121,59.38
2025-06,116,322,02522-03607-00322,Centre for Development Services (CDS),242,Other Fund,1584868,10.58,1476958,10.43
2025-06,116,322,02522-03607-00322,Centre for Development Services (CDS),242,Total,14975788,100,14159442,100
2025-06,117,624,03812-00620-00624,Centre for Integrated Programme & Development (CIPD),242,Clients' Savings,29259385,34.28,29918356,30.77
2025-06,117,624,03812-00620-00624,Centre for Integrated Programme & Development (CIPD),242,Loan from PKSF,36800000,43.12,46450000,47.77
2025-06,117,624,03812-00620-00624,Centre for Integrated Programme & Development (CIPD),242,Other loans,,0.0,5999328,6.17
2025-06,117,624,03812-00620-00624,Centre for Integrated Programme & Development (CIPD),242,Cumulative Surplus,24584,0.03,,0.0
2025-06,117,624,03812-00620-00624,Centre for Integrated Programme & Development (CIPD),242,Other Fund,19266099,22.57,14869201,15.29
2025-06,117,624,03812-00620-00624,Centre for Integrated Programme & Development (CIPD),242,Total,85350067,100,97236885,100
2025-06,118,365,01425-00165-00365,Centre for Mass Education in science,242,Clients' Savings,26872806,31.42,24970232,28.1
2025-06,118,365,01425-00165-00365,Centre for Mass Education in science,242,Loan from PKSF,24800000,29.0,17600000,19.81
2025-06,118,365,01425-00165-00365,Centre for Mass Education in science,242,Other loans,,0.0,16000000,18.01
2025-06,118,365,01425-00165-00365,Centre for Mass Education in science,242,Cumulative Surplus,16227595,18.98,14351900,16.15
2025-06,118,365,01425-00165-00365,Centre for Mass Education in science,242,Other Fund,17617089,20.6,15926679,17.93
2025-06,118,365,01425-00165-00365,Centre for Mass Education in science,242,Total,85517490,100,88848811,100
2025-06,119,358,01079-03171-00358,Centre for Rehabilitation Education Earning Development (CREED),242,Clients' Savings,468807360,79.09,419072108,75.38
2025-06,119,358,01079-03171-00358,Centre for Rehabilitation Education Earning Development (CREED),242,Loan from PKSF,,0.0,1500000,0.27
2025-06,119,358,01079-03171-00358,Centre for Rehabilitation Education Earning Development (CREED),242,Loan from Other MFIs,13225219,2.23,,0.0
2025-06,119,358,01079-03171-00358,Centre for Rehabilitation Education Earning Development (CREED),242,Loan from Commercial Banks,1362888,0.23,,0.0
2025-06,119,358,01079-03171-00358,Centre for Rehabilitation Education Earning Development (CREED),242,Other loans,1013646,0.17,6500000,1.17
2025-06,119,358,01079-03171-00358,Centre for Rehabilitation Education Earning Development (CREED),242,Cumulative Surplus,108311133,18.27,107058286,19.26
2025-06,119,358,01079-03171-00358,Centre for Rehabilitation Education Earning Development (CREED),242,Other Fund,54334,0.01,21825030,3.93
2025-06,119,358,01079-03171-00358,Centre for Rehabilitation Education Earning Development (CREED),242,Total,592774580,100,555955424,100
2025-06,120,723,05555-01006-00723,Chaltya Shekha,243,Clients' Savings,12960677,70.05,13882146,71.7
2025-06,120,723,05555-01006-00723,Chaltya Shekha,243,Cumulative Surplus,5541405,29.95,5478882,28.3
2025-06,120,723,05555-01006-00723,Chaltya Shekha,243,Total,18502082,100,19361028,100
2025-06,121,788,21112-00109-00788,Chandpur Socio-Economic Development Organization,243,Clients' Savings,8682289,50.09,7678224,46.98
2025-06,121,788,21112-00109-00788,Chandpur Socio-Economic Development Organization,243,Other loans,5000000,28.84,5400000,33.04
2025-06,121,788,21112-00109-00788,Chandpur Socio-Economic Development Organization,243,Cumulative Surplus,2037264,11.75,1868064,11.43
2025-06,121,788,21112-00109-00788,Chandpur Socio-Economic Development Organization,243,Other Fund,1614734,9.32,1396404,8.54
2025-06,121,788,21112-00109-00788,Chandpur Socio-Economic Development Organization,243,Total,17334287,100,16342692,100
2025-06,122,13,01342-00771-00013,Charcha,243,Clients' Savings,51183589,43.45,48793653,42.6
2025-06,122,13,01342-00771-00013,Charcha,243,Donors' Fund,459086,0.39,,0.0
2025-06,122,13,01342-00771-00013,Charcha,243,Cumulative Surplus,53650769,45.54,53970734,47.13
2025-06,122,13,01342-00771-00013,Charcha,243,Other Fund,12506099,10.62,11762362,10.27
2025-06,122,13,01342-00771-00013,Charcha,243,Total,117799543,100,114526749,100
2025-06,123,780,21112-00433-00780,Chetona Manobik Unnayan Sangstha,243,Clients' Savings,14241759,21.68,13442562,22.5
2025-06,123,780,21112-00433-00780,Chetona Manobik Unnayan Sangstha,243,Loan from Govt.,35000,0.05,,0.0
2025-06,123,780,21112-00433-00780,Chetona Manobik Unnayan Sangstha,243,Loan from Other MFIs,795404,1.21,,0.0
2025-06,123,780,21112-00433-00780,Chetona Manobik Unnayan Sangstha,243,Loan from Commercial Banks,2379290,3.62,4400000,7.36
2025-06,123,780,21112-00433-00780,Chetona Manobik Unnayan Sangstha,243,Other loans,36938223,56.23,30606749,51.23
2025-06,123,780,21112-00433-00780,Chetona Manobik Unnayan Sangstha,243,Cumulative Surplus,10469087,15.94,9034077,15.12
2025-06,123,780,21112-00433-00780,Chetona Manobik Unnayan Sangstha,243,Other Fund,833168,1.27,2266062,3.79
2025-06,123,780,21112-00433-00780,Chetona Manobik Unnayan Sangstha,243,Total,65691931,100,59749450,100
2025-06,124,662,05619-01326-00662,Chatihati Nabo Uddipon Songgo,243,Clients' Savings,15327295,24.29,14031403,54.37
2025-06,124,662,05619-01326-00662,Chatihati Nabo Uddipon Songgo,243,Other loans,41591000,65.91,6611000,25.62
2025-06,124,662,05619-01326-00662,Chatihati Nabo Uddipon Songgo,243,Cumulative Surplus,1794273,2.84,1408380,5.46
2025-06,124,662,05619-01326-00662,Chatihati Nabo Uddipon Songgo,243,Other Fund,4392289,6.96,3754346,14.55
2025-06,124,662,05619-01326-00662,Chatihati Nabo Uddipon Songgo,243,Total,63104857,100,25805129,100
2025-06,125,98,00074-00002-00098,CHIRONTONI,243,Clients' Savings,157009316,62.95,120833912,39.44
2025-06,125,98,00074-00002-00098,CHIRONTONI,243,Loan from Commercial Banks,572000,0.23,,0.0
2025-06,125,98,00074-00002-00098,CHIRONTONI,243,Other loans,1250000,0.5,88400000,28.85
2025-06,125,98,00074-00002-00098,CHIRONTONI,243,Cumulative Surplus,32075432,12.86,23770009,7.76
2025-06,125,98,00074-00002-00098,CHIRONTONI,243,Other Fund,58501916,23.46,73385454,23.95
2025-06,125,98,00074-00002-00098,CHIRONTONI,243,Total,249408664,100,306389375,100
2025-06,126,295,02636-03667-00295,Christian Commission for Development in Bangladesh,244,Clients' Savings,469667923,43.81,421605110,50.83
2025-06,126,295,02636-03667-00295,Christian Commission for Development in Bangladesh,244,Other loans,125373742,11.69,,0.0
2025-06,126,295,02636-03667-00295,Christian Commission for Development in Bangladesh,244,Cumulative Surplus,405993130,37.87,377998458,45.57
2025-06,126,295,02636-03667-00295,Christian Commission for Development in Bangladesh,244,Other Fund,71118389,6.63,29904754,3.61
2025-06,126,295,02636-03667-00295,Christian Commission for Development in Bangladesh,244,Total,1072153184,100,829508322,100
2025-06,127,129,02578-01977-00129,Christian Service Society,244,Clients' Savings,3260353332,35.58,3138053870,36.34
2025-06,127,129,02578-01977-00129,Christian Service Society,244,Other loans,607417979,6.63,619617979,7.18
2025-06,127,129,02578-01977-00129,Christian Service Society,244,Cumulative Surplus,4562670740,49.79,432537214,5.01
2025-06,127,129,02578-01977-00129,Christian Service Society,244,Other Fund,733894043,8.01,4444099831,51.47
2025-06,127,129,02578-01977-00129,Christian Service Society,244,Total,9164336094,100,8634308894,100
2025-06,128,506,00996-00096-00506,CLOG (Children Life Organization of Genus),244,Clients' Savings,11256540,26.62,10724868,29.01
2025-06,128,506,00996-00096-00506,CLOG (Children Life Organization of Genus),244,Cumulative Surplus,28836658,68.2,24498941,66.27
2025-06,128,506,00996-00096-00506,CLOG (Children Life Organization of Genus),244,Other Fund,2190726,5.18,1743534,4.72
2025-06,128,506,00996-00096-00506,CLOG (Children Life Organization of Genus),244,Total,42283924,100,36967343,100
2025-06,129,68,00956-04041-00068,COAST Foundation,244,Clients' Savings,2767056137,44.56,2465654749,38.28
2025-06,129,68,00956-04041-00068,COAST Foundation,244,Loan from PKSF,1409069987,22.69,1068706654,16.59
2025-06,129,68,00956-04041-00068,COAST Foundation,244,Loan from Commercial Banks,561004752,9.03,1081159825,16.78
2025-06,129,68,00956-04041-00068,COAST Foundation,244,Other loans,4656380,0.07,402358835,6.25
2025-06,129,68,00956-04041-00068,COAST Foundation,244,Donors' Fund,,0.0,13945500,0.22
2025-06,129,68,00956-04041-00068,COAST Foundation,244,Cumulative Surplus,1088752981,17.53,999042710,15.51
2025-06,129,68,00956-04041-00068,COAST Foundation,244,Other Fund,379200549,6.11,411005550,6.38
2025-06,129,68,00956-04041-00068,COAST Foundation,244,Total,6209740786,100,6441873823,100
2025-06,130,217,00512-00608-00217,Come to Work-CTW,244,Clients' Savings,136906344,28.9,121600217,30.77
2025-06,130,217,00512-00608-00217,Come to Work-CTW,244,Loan from PKSF,153416665,32.38,137433326,34.77
2025-06,130,217,00512-00608-00217,Come to Work-CTW,244,Loan from Commercial Banks,26053752,5.5,16723466,4.23
2025-06,130,217,00512-00608-00217,Come to Work-CTW,244,Cumulative Surplus,127229356,26.85,112479822,28.46
2025-06,130,217,00512-00608-00217,Come to Work-CTW,244,Other Fund,30187016,6.37,6983594,1.77
2025-06,130,217,00512-00608-00217,Come to Work-CTW,244,Total,473793133,100,395220425,100
2025-06,131,214,02257-03643-00214,Community Development And Health Care Centre (CDHC),244,Clients' Savings,130069714,33.18,103272051,33.17
2025-06,131,214,02257-03643-00214,Community Development And Health Care Centre (CDHC),244,Loan from PKSF,177850000,45.36,135250000,43.44
2025-06,131,214,02257-03643-00214,Community Development And Health Care Centre (CDHC),244,Cumulative Surplus,59410478,15.15,49394510,15.86
2025-06,131,214,02257-03643-00214,Community Development And Health Care Centre (CDHC),244,Other Fund,24730950,6.31,23427220,7.52
2025-06,131,214,02257-03643-00214,Community Development And Health Care Centre (CDHC),244,Total,392061142,100,311343781,100
2025-06,132,103,01781-00048-00103,Community Development Centre (CODEC),244,Clients' Savings,3101991034,36.29,2682663091,36.2
2025-06,132,103,01781-00048-00103,Community Development Centre (CODEC),244,Loan from PKSF,2508643844,29.35,1753487581,23.66
2025-06,132,103,01781-00048-00103,Community Development Centre (CODEC),244,Loan from Other MFIs,,0.0,56640626,0.76
2025-06,132,103,01781-00048-00103,Community Development Centre (CODEC),244,Loan from Commercial Banks,,0.0,590891964,7.97
2025-06,132,103,01781-00048-00103,Community Development Centre (CODEC),244,Other loans,10000000,0.12,,0.0
2025-06,132,103,01781-00048-00103,Community Development Centre (CODEC),244,Donors' Fund,182426844,2.13,182426844,2.46
2025-06,132,103,01781-00048-00103,Community Development Centre (CODEC),244,Cumulative Surplus,2042701160,23.89,1601236424,21.61
2025-06,132,103,01781-00048-00103,Community Development Centre (CODEC),244,Other Fund,703031439,8.22,543814991,7.34
2025-06,132,103,01781-00048-00103,Community Development Centre (CODEC),244,Total,8548794321,100,7411161521,100
2025-06,133,806,21112-00153-00806,Community Development Society (CDS),245,Clients' Savings,4390190,19.5,3770251,19.27
2025-06,133,806,21112-00153-00806,Community Development Society (CDS),245,Other loans,7583923,33.69,5733923,29.3
2025-06,133,806,21112-00153-00806,Community Development Society (CDS),245,Cumulative Surplus,8998651,39.98,8774828,44.84
2025-06,133,806,21112-00153-00806,Community Development Society (CDS),245,Other Fund,1537907,6.83,1290207,6.59
2025-06,133,806,21112-00153-00806,Community Development Society (CDS),245,Total,22510671,100,19569209,100
2025-06,134,871,21112-00893-00871,COUNTRY AND HUMAN DEVELOPMENT SOCIETY (CHDS),245,Clients' Savings,16131227,19.13,58233882,69.12
2025-06,134,871,21112-00893-00871,COUNTRY AND HUMAN DEVELOPMENT SOCIETY (CHDS),245,Loan from Other MFIs,18533404,21.98,,0.0
2025-06,134,871,21112-00893-00871,COUNTRY AND HUMAN DEVELOPMENT SOCIETY (CHDS),245,Other loans,41304224,48.99,,0.0
2025-06,134,871,21112-00893-00871,COUNTRY AND HUMAN DEVELOPMENT SOCIETY (CHDS),245,Donors' Fund,,0.0,21568358,25.6
2025-06,134,871,21112-00893-00871,COUNTRY AND HUMAN DEVELOPMENT SOCIETY (CHDS),245,Cumulative Surplus,4752144,5.64,4448459,5.28
2025-06,134,871,21112-00893-00871,COUNTRY AND HUMAN DEVELOPMENT SOCIETY (CHDS),245,Other Fund,3595576,4.26,,0.0
2025-06,134,871,21112-00893-00871,COUNTRY AND HUMAN DEVELOPMENT SOCIETY (CHDS),245,Total,84316575,100,84250699,100
2025-06,135,555,01509-00458-00555,Crescent,245,Clients' Savings,33051141,60.37,33340118,52.94
2025-06,135,555,01509-00458-00555,Crescent,245,Loan from Commercial Banks,6000000,10.96,5900000,9.37
2025-06,135,555,01509-00458-00555,Crescent,245,Other loans,,0.0,10463009,16.61
2025-06,135,555,01509-00458-00555,Crescent,245,Cumulative Surplus,13493259,24.65,13271642,21.07
2025-06,135,555,01509-00458-00555,Crescent,245,Other Fund,2198752,4.02,,0.0
2025-06,135,555,01509-00458-00555,Crescent,245,Total,54743152,100,62974769,100
2025-06,136,862,21112-00195-00862,DABI (Daridra Bimochon),245,Clients' Savings,12782276,42.69,12560371,41.84
2025-06,136,862,21112-00195-00862,DABI (Daridra Bimochon),245,Loan from Commercial Banks,760000,2.54,760000,2.53
2025-06,136,862,21112-00195-00862,DABI (Daridra Bimochon),245,Donors' Fund,4347763,14.52,4347763,14.48
2025-06,136,862,21112-00195-00862,DABI (Daridra Bimochon),245,Cumulative Surplus,5115735,17.09,5701690,18.99
2025-06,136,862,21112-00195-00862,DABI (Daridra Bimochon),245,Other Fund,6936025,23.17,6651662,22.16
2025-06,136,862,21112-00195-00862,DABI (Daridra Bimochon),245,Total,29941799,100,30021486,100
2025-06,137,21,00947-00710-00021,Dabi Moulik Unnayan Sangstha,245,Clients' Savings,800067502,32.21,675200033,29.94
2025-06,137,21,00947-00710-00021,Dabi Moulik Unnayan Sangstha,245,Loan from PKSF,714811315,28.78,636268218,28.22
2025-06,137,21,00947-00710-00021,Dabi Moulik Unnayan Sangstha,245,Loan from Commercial Banks,,0.0,77500000,3.44
2025-06,137,21,00947-00710-00021,Dabi Moulik Unnayan Sangstha,245,Other loans,78000000,3.14,108000000,4.79
2025-06,137,21,00947-00710-00021,Dabi Moulik Unnayan Sangstha,245,Cumulative Surplus,701145434,28.23,571823674,25.36
2025-06,137,21,00947-00710-00021,Dabi Moulik Unnayan Sangstha,245,Other Fund,189878263,7.64,186045098,8.25
2025-06,137,21,00947-00710-00021,Dabi Moulik Unnayan Sangstha,245,Total,2483902514,100,2254837023,100
2025-06,138,237,01121-00835-00237,Dak Diye Jai,246,Clients' Savings,596242803,30.84,532111477,33.57
2025-06,138,237,01121-00835-00237,Dak Diye Jai,246,Loan from PKSF,787362503,40.73,570229173,35.98
2025-06,138,237,01121-00835-00237,Dak Diye Jai,246,Loan from Commercial Banks,171946636,8.89,151926319,9.59
2025-06,138,237,01121-00835-00237,Dak Diye Jai,246,Other loans,,0.0,5357139,0.34
2025-06,138,237,01121-00835-00237,Dak Diye Jai,246,Cumulative Surplus,233506175,12.08,200455730,12.65
2025-06,138,237,01121-00835-00237,Dak Diye Jai,246,Other Fund,144197427,7.46,124768955,7.87
2025-06,138,237,01121-00835-00237,Dak Diye Jai,246,Total,1933255544,100,1584848793,100
2025-06,139,747,00109-02243-00747,DAM FOUNDATION FOR ECONOMIC DEVELOPMENT,246,Clients' Savings,2796788230,32.87,3042982843,35.96
2025-06,139,747,00109-02243-00747,DAM FOUNDATION FOR ECONOMIC DEVELOPMENT,246,Loan from PKSF,1214333340,14.27,1286883341,15.21
2025-06,139,747,00109-02243-00747,DAM FOUNDATION FOR ECONOMIC DEVELOPMENT,246,Loan from Commercial Banks,2891531319,33.98,2666473759,31.51
2025-06,139,747,00109-02243-00747,DAM FOUNDATION FOR ECONOMIC DEVELOPMENT,246,Cumulative Surplus,1143785764,13.44,1062498177,12.56
2025-06,139,747,00109-02243-00747,DAM FOUNDATION FOR ECONOMIC DEVELOPMENT,246,Other Fund,462365107,5.43,403354873,4.77
2025-06,139,747,00109-02243-00747,DAM FOUNDATION FOR ECONOMIC DEVELOPMENT,246,Total,8508803760,100,8462192993,100
2025-06,140,266,00791-01632-00266,Daridra Bimochon Shangstha (DBS),246,Clients' Savings,417327187,22.5,380196285,24.34
2025-06,140,266,00791-01632-00266,Daridra Bimochon Shangstha (DBS),246,Loan from PKSF,892016667,48.08,701416666,44.9
2025-06,140,266,00791-01632-00266,Daridra Bimochon Shangstha (DBS),246,Loan from Other MFIs,543567,0.03,1663567,0.11
2025-06,140,266,00791-01632-00266,Daridra Bimochon Shangstha (DBS),246,Cumulative Surplus,373088060,20.11,303605698,19.43
2025-06,140,266,00791-01632-00266,Daridra Bimochon Shangstha (DBS),246,Other Fund,172112323,9.28,175441377,11.23
2025-06,140,266,00791-01632-00266,Daridra Bimochon Shangstha (DBS),246,Total,1855087804,100,1562323593,100
2025-06,141,729,03933-03378-00729,Daridro & Paribash Unnaon Society,246,Clients' Savings,11788675,51.04,12591865,64.09
2025-06,141,729,03933-03378-00729,Daridro & Paribash Unnaon Society,246,Other loans,,0.0,1747530,8.89
2025-06,141,729,03933-03378-00729,Daridro & Paribash Unnaon Society,246,Cumulative Surplus,4945783,21.41,3913296,19.92
2025-06,141,729,03933-03378-00729,Daridro & Paribash Unnaon Society,246,Other Fund,6363108,27.55,1394698,7.1
2025-06,141,729,03933-03378-00729,Daridro & Paribash Unnaon Society,246,Total,23097566,100,19647389,100
2025-06,142,810,21112-00368-00810,DESH DEVELOPMENT CENTER (DDC),246,Clients' Savings,8233793,43.11,5553280,34.64
2025-06,142,810,21112-00368-00810,DESH DEVELOPMENT CENTER (DDC),246,Other loans,6500000,34.03,6758833,42.15
2025-06,142,810,21112-00368-00810,DESH DEVELOPMENT CENTER (DDC),246,Cumulative Surplus,2532575,13.26,2204800,13.75
2025-06,142,810,21112-00368-00810,DESH DEVELOPMENT CENTER (DDC),246,Other Fund,1832580,9.6,1516459,9.46
2025-06,142,810,21112-00368-00810,DESH DEVELOPMENT CENTER (DDC),246,Total,19098948,100,16033372,100
2025-06,143,804,21112-00163-00804,DESH FOUNDATION,246,Clients' Savings,3638466,18.29,3592571,19.98
2025-06,143,804,21112-00163-00804,DESH FOUNDATION,246,Loan from Commercial Banks,485675,2.44,2991660,16.64
2025-06,143,804,21112-00163-00804,DESH FOUNDATION,246,Other loans,11443550,57.53,7534550,41.91
2025-06,143,804,21112-00163-00804,DESH FOUNDATION,246,Cumulative Surplus,3051178,15.34,2851251,15.86
2025-06,143,804,21112-00163-00804,DESH FOUNDATION,246,Other Fund,1271698,6.39,1009611,5.62
2025-06,143,804,21112-00163-00804,DESH FOUNDATION,246,Total,19890567,100,17979643,100
2025-06,144,141,00590-00236-00141,Desha Shechchashebi Artho-Samajik Unnayan O Manobik Kallyan Sangstha,247,Clients' Savings,1263175126,22.15,1158648788,23.03
2025-06,144,141,00590-00236-00141,Desha Shechchashebi Artho-Samajik Unnayan O Manobik Kallyan Sangstha,247,Loan from PKSF,1835289991,32.18,1541072159,30.64
2025-06,144,141,00590-00236-00141,Desha Shechchashebi Artho-Samajik Unnayan O Manobik Kallyan Sangstha,247,Loan from Other MFIs,10726424,0.19,,0.0
2025-06,144,141,00590-00236-00141,Desha Shechchashebi Artho-Samajik Unnayan O Manobik Kallyan Sangstha,247,Loan from Commercial Banks,852155651,14.94,880604658,17.51
2025-06,144,141,00590-00236-00141,Desha Shechchashebi Artho-Samajik Unnayan O Manobik Kallyan Sangstha,247,Cumulative Surplus,1427180844,25.02,1183156972,23.52
2025-06,144,141,00590-00236-00141,Desha Shechchashebi Artho-Samajik Unnayan O Manobik Kallyan Sangstha,247,Other Fund,314716430,5.52,266497301,5.3
2025-06,144,141,00590-00236-00141,Desha Shechchashebi Artho-Samajik Unnayan O Manobik Kallyan Sangstha,247,Total,5703244466,100,5029979878,100
2025-06,145,775,21112-00296-00775,Deshari Unnayan Sangstha,247,Clients' Savings,7429937,35.16,6028052,30.18
2025-06,145,775,21112-00296-00775,Deshari Unnayan Sangstha,247,Other loans,8500000,40.22,,0.0
2025-06,145,775,21112-00296-00775,Deshari Unnayan Sangstha,247,Donors' Fund,,0.0,9500000,47.56
2025-06,145,775,21112-00296-00775,Deshari Unnayan Sangstha,247,Cumulative Surplus,2230307,10.55,1887907,9.45
2025-06,145,775,21112-00296-00775,Deshari Unnayan Sangstha,247,Other Fund,2974300,14.07,2557262,12.8
2025-06,145,775,21112-00296-00775,Deshari Unnayan Sangstha,247,Total,21134544,100,19973221,100
2025-06,146,250,00369-00813-00250,Development for Society,247,Clients' Savings,69928963,58.55,61528149,57.41
2025-06,146,250,00369-00813-00250,Development for Society,247,Loan from Commercial Banks,9937635,8.32,9943233,9.28
2025-06,146,250,00369-00813-00250,Development for Society,247,Other loans,2337938,1.96,,0.0
2025-06,146,250,00369-00813-00250,Development for Society,247,Cumulative Surplus,26345580,22.06,23826510,22.23
2025-06,146,250,00369-00813-00250,Development for Society,247,Other Fund,10884108,9.11,11866453,11.07
2025-06,146,250,00369-00813-00250,Development for Society,247,Total,119434224,100,107164345,100
2025-06,147,724,03016-00167-00724,Development Activities of Society-DAS,247,Clients' Savings,49688208,25.75,65409612,34.24
2025-06,147,724,03016-00167-00724,Development Activities of Society-DAS,247,Loan from Commercial Banks,4000000,2.07,367918,0.19
2025-06,147,724,03016-00167-00724,Development Activities of Society-DAS,247,Other loans,82367366,42.68,77782630,40.72
2025-06,147,724,03016-00167-00724,Development Activities of Society-DAS,247,Cumulative Surplus,51773759,26.83,41508973,21.73
2025-06,147,724,03016-00167-00724,Development Activities of Society-DAS,247,Other Fund,5169083,2.68,5963632,3.12
2025-06,147,724,03016-00167-00724,Development Activities of Society-DAS,247,Total,192998416,100,191032765,100
2025-06,148,24,01306-00480-00024,Development Initiative for Social Advancement (DISA),247,Clients' Savings,1932320363,36.88,1796235370,38.96
2025-06,148,24,01306-00480-00024,Development Initiative for Social Advancement (DISA),247,Loan from Commercial Banks,2908113618,55.5,2364242856,51.27
2025-06,148,24,01306-00480-00024,Development Initiative for Social Advancement (DISA),247,Cumulative Surplus,294015659,5.61,264463940,5.74
2025-06,148,24,01306-00480-00024,Development Initiative for Social Advancement (DISA),247,Other Fund,105698180,2.02,186030716,4.03
2025-06,148,24,01306-00480-00024,Development Initiative for Social Advancement (DISA),247,Total,5240147820,100,4610972882,100
2025-06,149,791,21112-01034-00791,Development Initiative for Human Advancement (DIHA),247,Clients' Savings,44553305,53.33,37921513,59.15
2025-06,149,791,21112-01034-00791,Development Initiative for Human Advancement (DIHA),247,Loan from Other MFIs,850000,1.02,,0.0
2025-06,149,791,21112-01034-00791,Development Initiative for Human Advancement (DIHA),247,Loan from Commercial Banks,17332000,20.75,14745751,23.0
2025-06,149,791,21112-01034-00791,Development Initiative for Human Advancement (DIHA),247,Other loans,,0.0,350000,0.55
2025-06,149,791,21112-01034-00791,Development Initiative for Human Advancement (DIHA),247,Cumulative Surplus,12378220,14.82,10077247,15.72
2025-06,149,791,21112-01034-00791,Development Initiative for Human Advancement (DIHA),247,Other Fund,8428992,10.09,1021339,1.59
2025-06,149,791,21112-01034-00791,Development Initiative for Human Advancement (DIHA),247,Total,83542517,100,64115850,100
2025-06,150,241,02026-02628-00241,Development of Integrated for Social Association - DISA,248,Clients' Savings,4981932,34.34,4128859,32.31
2025-06,150,241,02026-02628-00241,Development of Integrated for Social Association - DISA,248,Other loans,3431964,23.66,3314689,25.94
2025-06,150,241,02026-02628-00241,Development of Integrated for Social Association - DISA,248,Cumulative Surplus,5128362,35.35,5058586,39.58
2025-06,150,241,02026-02628-00241,Development of Integrated for Social Association - DISA,248,Other Fund,965145,6.65,277815,2.17
2025-06,150,241,02026-02628-00241,Development of Integrated for Social Association - DISA,248,Total,14507403,100,12779949,100
2025-06,151,185,01795-01411-00185,Development Organisation of the Rural Poor (DORP),248,Clients' Savings,72343348,17.78,67689735,25.98
2025-06,151,185,01795-01411-00185,Development Organisation of the Rural Poor (DORP),248,Loan from PKSF,126550000,31.1,91750000,35.21
2025-06,151,185,01795-01411-00185,Development Organisation of the Rural Poor (DORP),248,Loan from Other MFIs,,0.0,22350000,8.58
2025-06,151,185,01795-01411-00185,Development Organisation of the Rural Poor (DORP),248,Loan from Commercial Banks,73892545,18.16,56976753,21.87
2025-06,151,185,01795-01411-00185,Development Organisation of the Rural Poor (DORP),248,Other loans,43918985,10.79,1000000,0.38
2025-06,151,185,01795-01411-00185,Development Organisation of the Rural Poor (DORP),248,Cumulative Surplus,80368032,19.75,12268380,4.71
2025-06,151,185,01795-01411-00185,Development Organisation of the Rural Poor (DORP),248,Other Fund,9850704,2.42,8529304,3.27
2025-06,151,185,01795-01411-00185,Development Organisation of the Rural Poor (DORP),248,Total,406923614,100,260564172,100
2025-06,152,491,06028-02305-00491,Development Organization of Rural Peoples (DOORP),248,Clients' Savings,44646462,70.71,30725751,68.76
2025-06,152,491,06028-02305-00491,Development Organization of Rural Peoples (DOORP),248,Loan from Commercial Banks,4411505,6.99,,0.0
2025-06,152,491,06028-02305-00491,Development Organization of Rural Peoples (DOORP),248,Other loans,,0.0,770000,1.72
2025-06,152,491,06028-02305-00491,Development Organization of Rural Peoples (DOORP),248,Cumulative Surplus,12523777,19.84,11939845,26.72
2025-06,152,491,06028-02305-00491,Development Organization of Rural Peoples (DOORP),248,Other Fund,1554106,2.46,1247808,2.79
2025-06,152,491,06028-02305-00491,Development Organization of Rural Peoples (DOORP),248,Total,63135850,100,44683404,100
2025-06,153,787,21112-00190-00787,DHAKA PALLI SHEBA SANGSTHA,248,Clients' Savings,6065578,27.77,5761940,41.73
2025-06,153,787,21112-00190-00787,DHAKA PALLI SHEBA SANGSTHA,248,Other loans,10842000,49.63,3852000,27.9
2025-06,153,787,21112-00190-00787,DHAKA PALLI SHEBA SANGSTHA,248,Cumulative Surplus,3419406,15.65,2889190,20.93
2025-06,153,787,21112-00190-00787,DHAKA PALLI SHEBA SANGSTHA,248,Other Fund,1518677,6.95,1304017,9.44
2025-06,153,787,21112-00190-00787,DHAKA PALLI SHEBA SANGSTHA,248,Total,21845661,100,13807147,100
2025-06,154,655,03909-02115-00655,Dharani Samaj Kallayan Sangstha,248,Clients' Savings,13792251,53.1,11610420,50.9
2025-06,154,655,03909-02115-00655,Dharani Samaj Kallayan Sangstha,248,Cumulative Surplus,10921225,42.05,10057692,44.09
2025-06,154,655,03909-02115-00655,Dharani Samaj Kallayan Sangstha,248,Other Fund,1259253,4.85,1142629,5.01
2025-06,154,655,03909-02115-00655,Dharani Samaj Kallayan Sangstha,248,Total,25972729,100,22810741,100
2025-06,155,816,21112-00512-00816,"DHAU HEALTH, EDUCATION & ENVIRONMENT DEVELOPMENT SOCIETY",248,Clients' Savings,4299367,92.74,4764742,98.76
2025-06,155,816,21112-00512-00816,"DHAU HEALTH, EDUCATION & ENVIRONMENT DEVELOPMENT SOCIETY",248,Other loans,1300000,28.04,1100000,22.8
2025-06,155,816,21112-00512-00816,"DHAU HEALTH, EDUCATION & ENVIRONMENT DEVELOPMENT SOCIETY",248,Total,4635908,100,4824496,100
2025-06,156,770,21112-00126-00770,Diganta Foundation,248,Clients' Savings,5085229,32.81,5673430,37.96
2025-06,156,770,21112-00126-00770,Diganta Foundation,248,Other loans,6433340,41.51,5906355,39.52
2025-06,156,770,21112-00126-00770,Diganta Foundation,248,Cumulative Surplus,2741682,17.69,2289661,15.32
2025-06,156,770,21112-00126-00770,Diganta Foundation,248,Other Fund,1236843,7.98,1076389,7.2
2025-06,156,770,21112-00126-00770,Diganta Foundation,248,Total,15497094,100,14945835,100
2025-06,157,251,00656-01009-00251,Diganta,249,Clients' Savings,17756234,44.22,17105948,44.33
2025-06,157,251,00656-01009-00251,Diganta,249,Other loans,17679150,44.03,16704950,43.3
2025-06,157,251,00656-01009-00251,Diganta,249,Cumulative Surplus,3412111,8.5,3393389,8.79
2025-06,157,251,00656-01009-00251,Diganta,249,Other Fund,1303426,3.25,1379371,3.58
2025-06,157,251,00656-01009-00251,Diganta,249,Total,40150921,100,38583658,100
2025-06,158,868,21112-00200-00868,Dinajpur Polli Unnayan Prochesta (D.P.U.P),249,Clients' Savings,19371267,37.36,17644761,40.98
2025-06,158,868,21112-00200-00868,Dinajpur Polli Unnayan Prochesta (D.P.U.P),249,Loan from Commercial Banks,10756438,20.74,5658997,13.14
2025-06,158,868,21112-00200-00868,Dinajpur Polli Unnayan Prochesta (D.P.U.P),249,Other loans,14164715,27.32,13511638,31.38
2025-06,158,868,21112-00200-00868,Dinajpur Polli Unnayan Prochesta (D.P.U.P),249,Cumulative Surplus,7564141,14.59,6238717,14.49
2025-06,158,868,21112-00200-00868,Dinajpur Polli Unnayan Prochesta (D.P.U.P),249,Total,51856561,100,43054113,100
2025-06,159,349,00681-04542-00349,"DIPSHIKHA Non-Formal Education, Training and Research Society for Village Development",249,Clients' Savings,98356090,24.66,85216349,24.84
2025-06,159,349,00681-04542-00349,"DIPSHIKHA Non-Formal Education, Training and Research Society for Village Development",249,Loan from Commercial Banks,60000000,15.04,24912277,7.26
2025-06,159,349,00681-04542-00349,"DIPSHIKHA Non-Formal Education, Training and Research Society for Village Development",249,Other loans,16458130,4.13,25505471,7.44
2025-06,159,349,00681-04542-00349,"DIPSHIKHA Non-Formal Education, Training and Research Society for Village Development",249,Donors' Fund,96984156,24.32,97558564,28.44
2025-06,159,349,00681-04542-00349,"DIPSHIKHA Non-Formal Education, Training and Research Society for Village Development",249,Cumulative Surplus,89853229,22.53,80395749,23.44
2025-06,159,349,00681-04542-00349,"DIPSHIKHA Non-Formal Education, Training and Research Society for Village Development",249,Other Fund,37202242,9.33,29443082,8.58
2025-06,159,349,00681-04542-00349,"DIPSHIKHA Non-Formal Education, Training and Research Society for Village Development",249,Total,398853847,100,343031492,100
2025-06,160,631,01537-03317-00631,Dipti Foundation,249,Clients' Savings,3619942,19.86,3269613,24.83
2025-06,160,631,01537-03317-00631,Dipti Foundation,249,Loan from Other MFIs,4530686,24.86,,0.0
2025-06,160,631,01537-03317-00631,Dipti Foundation,249,Loan from Commercial Banks,500000,2.74,500000,3.8
2025-06,160,631,01537-03317-00631,Dipti Foundation,249,Other loans,5328435,29.24,5533359,42.02
2025-06,160,631,01537-03317-00631,Dipti Foundation,249,Cumulative Surplus,3673326,20.15,3577224,27.17
2025-06,160,631,01537-03317-00631,Dipti Foundation,249,Other Fund,573090,3.14,287490,2.18
2025-06,160,631,01537-03317-00631,Dipti Foundation,249,Total,18225479,100,13167686,100
2025-06,161,821,21112-00378-00821,DIPTI SHOMAJ UNNOYAN SANGSTHA,249,Clients' Savings,11673104,33.83,10429293,32.41
2025-06,161,821,21112-00378-00821,DIPTI SHOMAJ UNNOYAN SANGSTHA,249,Other loans,10537876,30.54,,0.0
2025-06,161,821,21112-00378-00821,DIPTI SHOMAJ UNNOYAN SANGSTHA,249,Cumulative Surplus,7532535,21.83,7261610,22.56
2025-06,161,821,21112-00378-00821,DIPTI SHOMAJ UNNOYAN SANGSTHA,249,Other Fund,4765159,13.81,14492474,45.03
2025-06,161,821,21112-00378-00821,DIPTI SHOMAJ UNNOYAN SANGSTHA,249,Total,34508674,100,32183377,100
2025-06,162,694,00732-03883-00694,Disa Bangladesh,249,Clients' Savings,179579902,66.52,177214141,62.11
2025-06,162,694,00732-03883-00694,Disa Bangladesh,249,Loan from Commercial Banks,65507105,24.27,85211464,29.86
2025-06,162,694,00732-03883-00694,Disa Bangladesh,249,Cumulative Surplus,13978741,5.18,10999319,3.86
2025-06,162,694,00732-03883-00694,Disa Bangladesh,249,Other Fund,10886225,4.03,11897395,4.17
2025-06,162,694,00732-03883-00694,Disa Bangladesh,249,Total,269951973,100,285322319,100
2025-06,163,882,21112-00040-00882,Disable Development & Educational Foundation (DDEF),250,Clients' Savings,1907731,12.15,1628428,11.18
2025-06,163,882,21112-00040-00882,Disable Development & Educational Foundation (DDEF),250,Other loans,9597179,61.1,8634282,59.26
2025-06,163,882,21112-00040-00882,Disable Development & Educational Foundation (DDEF),250,Donors' Fund,,0.0,3607301,24.76
2025-06,163,882,21112-00040-00882,Disable Development & Educational Foundation (DDEF),250,Cumulative Surplus,3909421,24.89,120946,0.83
2025-06,163,882,21112-00040-00882,Disable Development & Educational Foundation (DDEF),250,Other Fund,293370,1.87,579446,3.98
2025-06,163,882,21112-00040-00882,Disable Development & Educational Foundation (DDEF),250,Total,15707701,100,14570403,100
2025-06,164,220,01284-00322-00220,Doel (Development Organisation for Equity & Love),250,Clients' Savings,23032253,44.34,21314747,40.15
2025-06,164,220,01284-00322-00220,Doel (Development Organisation for Equity & Love),250,Other loans,19326500,37.21,18885000,35.58
2025-06,164,220,01284-00322-00220,Doel (Development Organisation for Equity & Love),250,Cumulative Surplus,6141604,11.82,5869679,11.06
2025-06,164,220,01284-00322-00220,Doel (Development Organisation for Equity & Love),250,Other Fund,3440944,6.62,7013649,13.21
2025-06,164,220,01284-00322-00220,Doel (Development Organisation for Equity & Love),250,Total,51941301,100,53083075,100
2025-06,165,828,21112-00561-00828,DREAM HEAVEN ASSOCIATION (DHA),250,Clients' Savings,2875637,52.09,3479372,25.1
2025-06,165,828,21112-00561-00828,DREAM HEAVEN ASSOCIATION (DHA),250,Cumulative Surplus,1845062,33.42,1814760,13.09
2025-06,165,828,21112-00561-00828,DREAM HEAVEN ASSOCIATION (DHA),250,Other Fund,800252,14.49,8567571,61.81
2025-06,165,828,21112-00561-00828,DREAM HEAVEN ASSOCIATION (DHA),250,Total,5520951,100,13861703,100
2025-06,166,27,02854-01466-00027,DRISHTIDAN,250,Clients' Savings,17355580,21.12,16709518,19.84
2025-06,166,27,02854-01466-00027,DRISHTIDAN,250,Loan from PKSF,53350000,64.91,54650000,64.89
2025-06,166,27,02854-01466-00027,DRISHTIDAN,250,Cumulative Surplus,7657621,9.32,9787087,11.62
2025-06,166,27,02854-01466-00027,DRISHTIDAN,250,Other Fund,3829176,4.66,3075340,3.65
2025-06,166,27,02854-01466-00027,DRISHTIDAN,250,Total,82192377,100,84221945,100
2025-06,167,369,02100-01985-00369,Dushtha Shasthya Kendra (DSK),250,Clients' Savings,6065847390,39.33,5124604575,36.68
2025-06,167,369,02100-01985-00369,Dushtha Shasthya Kendra (DSK),250,Loan from PKSF,1879278634,12.18,1787459236,12.79
2025-06,167,369,02100-01985-00369,Dushtha Shasthya Kendra (DSK),250,Loan from Commercial Banks,4043590247,26.22,3498979948,25.04
2025-06,167,369,02100-01985-00369,Dushtha Shasthya Kendra (DSK),250,Cumulative Surplus,2934870337,19.03,2734457527,19.57
2025-06,167,369,02100-01985-00369,Dushtha Shasthya Kendra (DSK),250,Other Fund,500084565,3.24,825340579,5.91
2025-06,167,369,02100-01985-00369,Dushtha Shasthya Kendra (DSK),250,Total,15423671173,100,13970841865,100
2025-06,168,847,21112-00909-00847,Dustha Manab Unnayan Society (DMUS),250,Clients' Savings,14078461,32.01,13447056,56.83
2025-06,168,847,21112-00909-00847,Dustha Manab Unnayan Society (DMUS),250,Cumulative Surplus,25321078,57.58,6404696,27.07
2025-06,168,847,21112-00909-00847,Dustha Manab Unnayan Society (DMUS),250,Other Fund,4578689,10.41,3810668,16.1
2025-06,168,847,21112-00909-00847,Dustha Manab Unnayan Society (DMUS),250,Total,43978228,100,23662420,100
2025-06,169,756,03229-01099-00756,Dustha Manobatar Seba Sangstha (DMSS),250,Clients' Savings,19540968,30.32,18648503,29.07
2025-06,169,756,03229-01099-00756,Dustha Manobatar Seba Sangstha (DMSS),250,Other loans,18896842,29.32,20720442,32.3
2025-06,169,756,03229-01099-00756,Dustha Manobatar Seba Sangstha (DMSS),250,Donors' Fund,4000000,6.21,4000000,6.24
2025-06,169,756,03229-01099-00756,Dustha Manobatar Seba Sangstha (DMSS),250,Cumulative Surplus,18695596,29.01,17633596,27.49
2025-06,169,756,03229-01099-00756,Dustha Manobatar Seba Sangstha (DMSS),250,Other Fund,3311439,5.14,3140910,4.9
2025-06,169,756,03229-01099-00756,Dustha Manobatar Seba Sangstha (DMSS),250,Total,64444845,100,64143451,100
2025-06,170,798,21112-00041-00798,DUSTHO MOHILA SANGSTHA,251,Clients' Savings,7264120,19.13,6871085,18.56
2025-06,170,798,21112-00041-00798,DUSTHO MOHILA SANGSTHA,251,Loan from PKSF,11000000,28.97,,0.0
2025-06,170,798,21112-00041-00798,DUSTHO MOHILA SANGSTHA,251,Other loans,1613343,4.25,,0.0
2025-06,170,798,21112-00041-00798,DUSTHO MOHILA SANGSTHA,251,Donors' Fund,,0.0,11000000,29.72
2025-06,170,798,21112-00041-00798,DUSTHO MOHILA SANGSTHA,251,Cumulative Surplus,18056937,47.55,14284827,38.59
2025-06,170,798,21112-00041-00798,DUSTHO MOHILA SANGSTHA,251,Other Fund,37500,0.1,4857680,13.12
2025-06,170,798,21112-00041-00798,DUSTHO MOHILA SANGSTHA,251,Total,37971900,100,37013592,100
2025-06,171,33,00654-00234-00033,Dwip Unnayan Sangstha,251,Clients' Savings,398350761,21.69,384206550,25.29
2025-06,171,33,00654-00234-00033,Dwip Unnayan Sangstha,251,Loan from PKSF,631212494,34.37,575987487,37.92
2025-06,171,33,00654-00234-00033,Dwip Unnayan Sangstha,251,Cumulative Surplus,425736047,23.18,385649001,25.39
2025-06,171,33,00654-00234-00033,Dwip Unnayan Sangstha,251,Other Fund,381332357,20.76,173159938,11.4
2025-06,171,33,00654-00234-00033,Dwip Unnayan Sangstha,251,Total,1836631659,100,1519002976,100
2025-06,172,203,01059-03355-00203,Eco-Social Development Organization (ESDO),251,Clients' Savings,5333283606,38.1,4494090657,37.24
2025-06,172,203,01059-03355-00203,Eco-Social Development Organization (ESDO),251,Loan from PKSF,3564214330,25.46,2475157597,20.51
2025-06,172,203,01059-03355-00203,Eco-Social Development Organization (ESDO),251,Loan from Govt.,39285716,0.28,7142861,0.06
2025-06,172,203,01059-03355-00203,Eco-Social Development Organization (ESDO),251,Loan from Commercial Banks,773200718,5.52,934462125,7.74
2025-06,172,203,01059-03355-00203,Eco-Social Development Organization (ESDO),251,Other loans,,0.0,668700000,5.54
2025-06,172,203,01059-03355-00203,Eco-Social Development Organization (ESDO),251,Cumulative Surplus,3769958790,26.93,3068367334,25.42
2025-06,172,203,01059-03355-00203,Eco-Social Development Organization (ESDO),251,Other Fund,518916732,3.71,420676695,3.49
2025-06,172,203,01059-03355-00203,Eco-Social Development Organization (ESDO),251,Total,13998859892,100,12068597269,100
2025-06,173,31,01109-00117-00031,ENDEAVOUR(Ensure Development Activities for Vulnerable Under Privileged Rural People),251,Clients' Savings,241813152,39.75,171333159,36.05
2025-06,173,31,01109-00117-00031,ENDEAVOUR(Ensure Development Activities for Vulnerable Under Privileged Rural People),251,Loan from PKSF,221766654,36.46,199683325,42.01
2025-06,173,31,01109-00117-00031,ENDEAVOUR(Ensure Development Activities for Vulnerable Under Privileged Rural People),251,Loan from Commercial Banks,29860538,4.91,19451162,4.09
2025-06,173,31,01109-00117-00031,ENDEAVOUR(Ensure Development Activities for Vulnerable Under Privileged Rural People),251,Other loans,17138629,2.82,5909681,1.24
2025-06,173,31,01109-00117-00031,ENDEAVOUR(Ensure Development Activities for Vulnerable Under Privileged Rural People),251,Cumulative Surplus,63589848,10.45,54741997,11.52
2025-06,173,31,01109-00117-00031,ENDEAVOUR(Ensure Development Activities for Vulnerable Under Privileged Rural People),251,Other Fund,34136396,5.61,24183284,5.09
2025-06,173,31,01109-00117-00031,ENDEAVOUR(Ensure Development Activities for Vulnerable Under Privileged Rural People),251,Total,608305217,100,475302608,100
2025-06,174,173,00273-03453-00173,Eskander Welfare Foundation (EWF),251,Clients' Savings,22912259,25.85,25223930,28.47
2025-06,174,173,00273-03453-00173,Eskander Welfare Foundation (EWF),251,Loan from PKSF,49450000,55.79,51250000,57.84
2025-06,174,173,00273-03453-00173,Eskander Welfare Foundation (EWF),251,Other loans,3449290,3.89,3624586,4.09
2025-06,174,173,00273-03453-00173,Eskander Welfare Foundation (EWF),251,Cumulative Surplus,-1119247,-1.26,-5315980,-6.0
2025-06,174,173,00273-03453-00173,Eskander Welfare Foundation (EWF),251,Other Fund,13937880,15.73,13826645,15.6
2025-06,174,173,00273-03453-00173,Eskander Welfare Foundation (EWF),251,Total,88630182,100,88609181,100
2025-06,175,467,03032-02138-00467,Aso Gori Unnayan Sangstha (AGUS),251,Clients' Savings,588715531,69.12,500150192,70.37
2025-06,175,467,03032-02138-00467,Aso Gori Unnayan Sangstha (AGUS),251,Loan from Commercial Banks,114290155,13.42,104095243,14.65
2025-06,175,467,03032-02138-00467,Aso Gori Unnayan Sangstha (AGUS),251,Other loans,38896512,4.57,13868962,1.95
2025-06,175,467,03032-02138-00467,Aso Gori Unnayan Sangstha (AGUS),251,Cumulative Surplus,58357595,6.85,47219869,6.64
2025-06,175,467,03032-02138-00467,Aso Gori Unnayan Sangstha (AGUS),251,Other Fund,51479737,6.04,45384574,6.39
2025-06,175,467,03032-02138-00467,Aso Gori Unnayan Sangstha (AGUS),251,Total,851739530,100,710718840,100
2025-06,176,841,21112-00056-00841,EURO BANGLA FOUNDATION (EBF),252,Clients' Savings,1324000,40.2,1049335,24.62
2025-06,176,841,21112-00056-00841,EURO BANGLA FOUNDATION (EBF),252,Loan from Commercial Banks,584021,17.73,2185382,51.28
2025-06,176,841,21112-00056-00841,EURO BANGLA FOUNDATION (EBF),252,Other loans,,0.0,204737,4.8
2025-06,176,841,21112-00056-00841,EURO BANGLA FOUNDATION (EBF),252,Donors' Fund,603100,18.31,603100,14.15
2025-06,176,841,21112-00056-00841,EURO BANGLA FOUNDATION (EBF),252,Cumulative Surplus,-38701,-1.18,-56834,-1.33
2025-06,176,841,21112-00056-00841,EURO BANGLA FOUNDATION (EBF),252,Other Fund,821023,24.93,275820,6.47
2025-06,176,841,21112-00056-00841,EURO BANGLA FOUNDATION (EBF),252,Total,3293443,100,4261540,100
2025-06,177,181,00657-02312-00181,Environment & Agricultural Development Association (EADA),252,Clients' Savings,60457673,36.57,59019960,39.8
2025-06,177,181,00657-02312-00181,Environment & Agricultural Development Association (EADA),252,Other loans,34646769,20.96,29788025,20.09
2025-06,177,181,00657-02312-00181,Environment & Agricultural Development Association (EADA),252,Cumulative Surplus,50128259,30.32,41907947,28.26
2025-06,177,181,00657-02312-00181,Environment & Agricultural Development Association (EADA),252,Other Fund,20106144,12.16,17580084,11.85
2025-06,177,181,00657-02312-00181,Environment & Agricultural Development Association (EADA),252,Total,165338845,100,148296016,100
2025-06,178,274,04594-01141-00274,Family Development Service & Research,252,Clients' Savings,4566187,16.16,4955295,16.26
2025-06,178,274,04594-01141-00274,Family Development Service & Research,252,Loan from PKSF,6400000,22.65,9200000,30.19
2025-06,178,274,04594-01141-00274,Family Development Service & Research,252,Cumulative Surplus,7909496,28.0,7197164,23.62
2025-06,178,274,04594-01141-00274,Family Development Service & Research,252,Other Fund,9376748,33.19,9117798,29.92
2025-06,178,274,04594-01141-00274,Family Development Service & Research,252,Total,28252431,100,30470257,100
2025-06,179,438,03423-02757-00438,Faridpur Development Agency (FDA),252,Clients' Savings,633331895,33.77,556803571,37.81
2025-06,179,438,03423-02757-00438,Faridpur Development Agency (FDA),252,Loan from Other MFIs,13871702,0.74,13871702,0.94
2025-06,179,438,03423-02757-00438,Faridpur Development Agency (FDA),252,Loan from Commercial Banks,61069782,3.26,30247277,2.05
2025-06,179,438,03423-02757-00438,Faridpur Development Agency (FDA),252,Other loans,435800252,23.24,293765109,19.95
2025-06,179,438,03423-02757-00438,Faridpur Development Agency (FDA),252,Cumulative Surplus,689333508,36.76,543531645,36.91
2025-06,179,438,03423-02757-00438,Faridpur Development Agency (FDA),252,Other Fund,41900586,2.23,34249969,2.33
2025-06,179,438,03423-02757-00438,Faridpur Development Agency (FDA),252,Total,1875307725,100,1472469273,100
2025-06,180,209,00728-00812-00209,Focus Society,252,Clients' Savings,191693672,27.16,154152324,24.95
2025-06,180,209,00728-00812-00209,Focus Society,252,Loan from PKSF,409833326,58.06,366099993,59.26
2025-06,180,209,00728-00812-00209,Focus Society,252,Loan from Commercial Banks,1340145,0.19,9881025,1.6
2025-06,180,209,00728-00812-00209,Focus Society,252,Cumulative Surplus,67971109,9.63,54789413,8.87
2025-06,180,209,00728-00812-00209,Focus Society,252,Other Fund,35020369,4.96,32875427,5.32
2025-06,180,209,00728-00812-00209,Focus Society,252,Total,705858621,100,617798182,100
2025-06,181,423,01688-00841-00423,Friends in Village Development Bangladesh,252,Clients' Savings,766576705,29.75,678971232,31.13
2025-06,181,423,01688-00841-00423,Friends in Village Development Bangladesh,252,Loan from PKSF,604991668,23.48,442433336,20.29
2025-06,181,423,01688-00841-00423,Friends in Village Development Bangladesh,252,Other loans,3972580,0.15,3972580,0.18
2025-06,181,423,01688-00841-00423,Friends in Village Development Bangladesh,252,Cumulative Surplus,996572291,38.68,879231521,40.32
2025-06,181,423,01688-00841-00423,Friends in Village Development Bangladesh,252,Other Fund,204337444,7.93,176197548,8.08
2025-06,181,423,01688-00841-00423,Friends in Village Development Bangladesh,252,Total,2576450688,100,2180806217,100
2025-06,182,91,03730-01746-00091,Gana Unnayan Kendra (GUK),253,Clients' Savings,777663283,40.46,572486224,26.31
2025-06,182,91,03730-01746-00091,Gana Unnayan Kendra (GUK),253,Loan from PKSF,9800000,0.51,13800000,0.63
2025-06,182,91,03730-01746-00091,Gana Unnayan Kendra (GUK),253,Loan from Commercial Banks,669858100,34.85,1327027844,60.98
2025-06,182,91,03730-01746-00091,Gana Unnayan Kendra (GUK),253,Other loans,,0.0,105858154,4.86
2025-06,182,91,03730-01746-00091,Gana Unnayan Kendra (GUK),253,Cumulative Surplus,159280626,8.29,146039945,6.71
2025-06,182,91,03730-01746-00091,Gana Unnayan Kendra (GUK),253,Other Fund,305640483,15.9,10968100,0.5
2025-06,182,91,03730-01746-00091,Gana Unnayan Kendra (GUK),253,Total,1922242492,100,2176180267,100
2025-06,183,195,03606-00904-00195,Gandhi Ashram Trust,253,Clients' Savings,94125099,53.96,91859723,53.12
2025-06,183,195,03606-00904-00195,Gandhi Ashram Trust,253,Loan from Commercial Banks,20000000,11.46,20000000,11.56
2025-06,183,195,03606-00904-00195,Gandhi Ashram Trust,253,Other loans,34535869,19.8,27239426,15.75
2025-06,183,195,03606-00904-00195,Gandhi Ashram Trust,253,Cumulative Surplus,6946739,3.98,11283738,6.52
2025-06,183,195,03606-00904-00195,Gandhi Ashram Trust,253,Other Fund,18838140,10.8,22555403,13.04
2025-06,183,195,03606-00904-00195,Gandhi Ashram Trust,253,Total,174445847,100,172938290,100
2025-06,184,208,00254-03690-00208,Gano Milan Foundation,253,Clients' Savings,12959462,35.81,10873270,38.43
2025-06,184,208,00254-03690-00208,Gano Milan Foundation,253,Loan from Commercial Banks,5389517,14.89,5488711,19.4
2025-06,184,208,00254-03690-00208,Gano Milan Foundation,253,Other loans,7673600,21.21,6740928,23.82
2025-06,184,208,00254-03690-00208,Gano Milan Foundation,253,Cumulative Surplus,4290526,11.86,3714971,13.13
2025-06,184,208,00254-03690-00208,Gano Milan Foundation,253,Other Fund,5872112,16.23,1477581,5.22
2025-06,184,208,00254-03690-00208,Gano Milan Foundation,253,Total,36185216,100,28295461,100
2025-06,185,522,01665-00147-00522,Gazipur Unnayan Sangstha (GUS),253,Clients' Savings,11141873,23.37,12324793,24.85
2025-06,185,522,01665-00147-00522,Gazipur Unnayan Sangstha (GUS),253,Cumulative Surplus,29431095,61.73,30225929,60.95
2025-06,185,522,01665-00147-00522,Gazipur Unnayan Sangstha (GUS),253,Other Fund,7102251,14.9,7038259,14.19
2025-06,185,522,01665-00147-00522,Gazipur Unnayan Sangstha (GUS),253,Total,47675219,100,49588981,100
2025-06,186,745,03693-03523-00745,Gender and Environment Management Society (GEMS),253,Clients' Savings,19153038,43.04,17354405,46.76
2025-06,186,745,03693-03523-00745,Gender and Environment Management Society (GEMS),253,Other loans,11790000,26.49,7059455,19.02
2025-06,186,745,03693-03523-00745,Gender and Environment Management Society (GEMS),253,Cumulative Surplus,11257977,25.3,10828718,29.18
2025-06,186,745,03693-03523-00745,Gender and Environment Management Society (GEMS),253,Other Fund,2298653,5.17,1868448,5.03
2025-06,186,745,03693-03523-00745,Gender and Environment Management Society (GEMS),253,Total,44499668,100,37111026,100
2025-06,187,160,00399-01209-00160,Ghashful,253,Clients' Savings,943290259,37.01,928875416,36.82
2025-06,187,160,00399-01209-00160,Ghashful,253,Loan from PKSF,1134223103,44.51,935480080,37.08
2025-06,187,160,00399-01209-00160,Ghashful,253,Loan from Commercial Banks,83702738,3.28,300171728,11.9
2025-06,187,160,00399-01209-00160,Ghashful,253,Cumulative Surplus,196433143,7.71,184726811,7.32
2025-06,187,160,00399-01209-00160,Ghashful,253,Other Fund,190809007,7.49,173539349,6.88
2025-06,187,160,00399-01209-00160,Ghashful,253,Total,2548458250,100,2522793384,100
2025-06,188,446,02041-01180-00446,GLDP (Grass-root Level Development Programme),254,Clients' Savings,203337009,43.3,124030883,28.66
2025-06,188,446,02041-01180-00446,GLDP (Grass-root Level Development Programme),254,Loan from Commercial Banks,5059312,1.08,,0.0
2025-06,188,446,02041-01180-00446,GLDP (Grass-root Level Development Programme),254,Other loans,32257970,6.87,,0.0
2025-06,188,446,02041-01180-00446,GLDP (Grass-root Level Development Programme),254,Donors' Fund,111396961,23.72,308726298,71.34
2025-06,188,446,02041-01180-00446,GLDP (Grass-root Level Development Programme),254,Cumulative Surplus,109068118,23.23,,0.0
2025-06,188,446,02041-01180-00446,GLDP (Grass-root Level Development Programme),254,Other Fund,8433000,1.8,,0.0
2025-06,188,446,02041-01180-00446,GLDP (Grass-root Level Development Programme),254,Total,469552370,100,432757181,100
2025-06,189,147,00219-01524-00147,Gono Kallyan Trust,254,Clients' Savings,1166051306,32.35,978317220,33.06
2025-06,189,147,00219-01524-00147,Gono Kallyan Trust,254,Loan from PKSF,1019566669,28.29,820366662,27.73
2025-06,189,147,00219-01524-00147,Gono Kallyan Trust,254,Loan from Commercial Banks,561762751,15.59,524785691,17.74
2025-06,189,147,00219-01524-00147,Gono Kallyan Trust,254,Other loans,262661955,7.29,141897469,4.8
2025-06,189,147,00219-01524-00147,Gono Kallyan Trust,254,Cumulative Surplus,396715930,11.01,342945782,11.59
2025-06,189,147,00219-01524-00147,Gono Kallyan Trust,254,Other Fund,197386577,5.48,150530051,5.09
2025-06,189,147,00219-01524-00147,Gono Kallyan Trust,254,Total,3604145188,100,2958842875,100
2025-06,190,403,00768-00647-00403,Gono Unnayan Prochesta,254,Clients' Savings,958913958,29.04,828355345,26.7
2025-06,190,403,00768-00647-00403,Gono Unnayan Prochesta,254,Loan from PKSF,912856252,27.65,698863336,22.53
2025-06,190,403,00768-00647-00403,Gono Unnayan Prochesta,254,Loan from Govt.,,0.0,12678574,0.41
2025-06,190,403,00768-00647-00403,Gono Unnayan Prochesta,254,Loan from Commercial Banks,313587238,9.5,417223431,13.45
2025-06,190,403,00768-00647-00403,Gono Unnayan Prochesta,254,Other loans,539511728,16.34,21958007,0.71
2025-06,190,403,00768-00647-00403,Gono Unnayan Prochesta,254,Cumulative Surplus,453152399,13.73,352337669,11.36
2025-06,190,403,00768-00647-00403,Gono Unnayan Prochesta,254,Other Fund,123616129,3.74,770540959,24.84
2025-06,190,403,00768-00647-00403,Gono Unnayan Prochesta,254,Total,3301637704,100,3101957321,100
2025-06,191,569,04329-01672-00569,Gono Unnayan Sangstha,254,Clients' Savings,6824721,17.22,4388520,33.8
2025-06,191,569,04329-01672-00569,Gono Unnayan Sangstha,254,Other loans,29980000,75.63,6284850,48.41
2025-06,191,569,04329-01672-00569,Gono Unnayan Sangstha,254,Cumulative Surplus,2834503,7.15,2310287,17.79
2025-06,191,569,04329-01672-00569,Gono Unnayan Sangstha,254,Total,39639224,100,12983657,100
2025-06,192,650,04833-04519-00650,Gonoshasthaya Kendra (GK),254,Clients' Savings,20326577,39.95,20800659,43.8
2025-06,192,650,04833-04519-00650,Gonoshasthaya Kendra (GK),254,Loan from PKSF,32003328,62.9,32303328,68.03
2025-06,192,650,04833-04519-00650,Gonoshasthaya Kendra (GK),254,Donors' Fund,3173851,6.24,3173851,6.68
2025-06,192,650,04833-04519-00650,Gonoshasthaya Kendra (GK),254,Cumulative Surplus,-19178396,-37.7,-21379453,-45.02
2025-06,192,650,04833-04519-00650,Gonoshasthaya Kendra (GK),254,Other Fund,14552293,28.6,12587832,26.51
2025-06,192,650,04833-04519-00650,Gonoshasthaya Kendra (GK),254,Total,50877653,100,47486217,100
2025-06,193,783,21112-00083-00783,GRAM BANGLA UNNAYAN SANGSTHA (GBUS),254,Clients' Savings,2627568,38.44,2411338,37.51
2025-06,193,783,21112-00083-00783,GRAM BANGLA UNNAYAN SANGSTHA (GBUS),254,Cumulative Surplus,2760786,40.39,2699187,41.98
2025-06,193,783,21112-00083-00783,GRAM BANGLA UNNAYAN SANGSTHA (GBUS),254,Other Fund,1447058,21.17,1318615,20.51
2025-06,193,783,21112-00083-00783,GRAM BANGLA UNNAYAN SANGSTHA (GBUS),254,Total,6835412,100,6429140,100
2025-06,194,183,01271-01016-00183,Gram Bikash Kendra,255,Clients' Savings,1248960664,32.63,1199620497,32.16
2025-06,194,183,01271-01016-00183,Gram Bikash Kendra,255,Loan from PKSF,1404030967,36.69,1156806572,31.01
2025-06,194,183,01271-01016-00183,Gram Bikash Kendra,255,Loan from Commercial Banks,86456362,2.26,374212607,10.03
2025-06,194,183,01271-01016-00183,Gram Bikash Kendra,255,Other loans,195648000,5.11,151000000,4.05
2025-06,194,183,01271-01016-00183,Gram Bikash Kendra,255,Cumulative Surplus,710278073,18.56,585614790,15.7
2025-06,194,183,01271-01016-00183,Gram Bikash Kendra,255,Other Fund,181746164,4.75,263442325,7.06
2025-06,194,183,01271-01016-00183,Gram Bikash Kendra,255,Total,3827120230,100,3730696791,100
2025-06,195,499,01758-02082-00499,Gram Bikash Sangstha (GBS),255,Clients' Savings,24153409,27.6,15667753,19.0
2025-06,195,499,01758-02082-00499,Gram Bikash Sangstha (GBS),255,Loan from Other MFIs,26868300,30.71,29424900,35.68
2025-06,195,499,01758-02082-00499,Gram Bikash Sangstha (GBS),255,Loan from Commercial Banks,5298500,6.06,9600000,11.64
2025-06,195,499,01758-02082-00499,Gram Bikash Sangstha (GBS),255,Other loans,9601493,10.97,8575309,10.4
2025-06,195,499,01758-02082-00499,Gram Bikash Sangstha (GBS),255,Cumulative Surplus,21223217,24.25,18848891,22.86
2025-06,195,499,01758-02082-00499,Gram Bikash Sangstha (GBS),255,Other Fund,359701,0.41,348384,0.42
2025-06,195,499,01758-02082-00499,Gram Bikash Sangstha (GBS),255,Total,87504620,100,82465237,100
2025-06,196,180,02858-00277-00180,Gram Unnayan Karjakram (GRAUK),255,Clients' Savings,359219685,67.36,304556359,68.44
2025-06,196,180,02858-00277-00180,Gram Unnayan Karjakram (GRAUK),255,Loan from Commercial Banks,5000000,0.94,,0.0
2025-06,196,180,02858-00277-00180,Gram Unnayan Karjakram (GRAUK),255,Other loans,40658550,7.62,31352800,7.05
2025-06,196,180,02858-00277-00180,Gram Unnayan Karjakram (GRAUK),255,Cumulative Surplus,98053806,18.39,84130597,18.91
2025-06,196,180,02858-00277-00180,Gram Unnayan Karjakram (GRAUK),255,Other Fund,30372127,5.7,24974133,5.61
2025-06,196,180,02858-00277-00180,Gram Unnayan Karjakram (GRAUK),255,Total,533304168,100,445013889,100
2025-06,197,273,02761-03196-00273,Gram Unnayan Karma (GUK),255,Clients' Savings,6533930828,34.86,5424243645,32.28
2025-06,197,273,02761-03196-00273,Gram Unnayan Karma (GUK),255,Loan from PKSF,2535483332,13.53,2007254999,11.95
2025-06,197,273,02761-03196-00273,Gram Unnayan Karma (GUK),255,Loan from Govt.,510000000,2.72,510000000,3.04
2025-06,197,273,02761-03196-00273,Gram Unnayan Karma (GUK),255,Loan from Commercial Banks,3353757390,17.89,3831454301,22.8
2025-06,197,273,02761-03196-00273,Gram Unnayan Karma (GUK),255,Other loans,763450621,4.07,519348307,3.09
2025-06,197,273,02761-03196-00273,Gram Unnayan Karma (GUK),255,Cumulative Surplus,3960679846,21.13,3628187879,21.59
2025-06,197,273,02761-03196-00273,Gram Unnayan Karma (GUK),255,Other Fund,1084574537,5.79,883329625,5.26
2025-06,197,273,02761-03196-00273,Gram Unnayan Karma (GUK),255,Total,18741876554,100,16803818756,100
2025-06,198,872,21112-00701-00872,GRAMEEN ALO (GA),255,Clients' Savings,4384230,26.02,4634782,25.37
2025-06,198,872,21112-00701-00872,GRAMEEN ALO (GA),255,Other loans,7879490,46.77,9531785,52.18
2025-06,198,872,21112-00701-00872,GRAMEEN ALO (GA),255,Cumulative Surplus,3239780,19.23,2928662,16.03
2025-06,198,872,21112-00701-00872,GRAMEEN ALO (GA),255,Other Fund,1344071,7.98,1171809,6.41
2025-06,198,872,21112-00701-00872,GRAMEEN ALO (GA),255,Total,16847571,100,18267038,100
2025-06,199,527,05796-01918-00527,Grameen Alo Songstha (GAS),256,Clients' Savings,16522137,44.04,17270745,43.01
2025-06,199,527,05796-01918-00527,Grameen Alo Songstha (GAS),256,Other loans,6150000,16.39,10182732,25.36
2025-06,199,527,05796-01918-00527,Grameen Alo Songstha (GAS),256,Cumulative Surplus,11894383,31.71,10254902,25.54
2025-06,199,527,05796-01918-00527,Grameen Alo Songstha (GAS),256,Other Fund,2947653,7.86,2446940,6.09
2025-06,199,527,05796-01918-00527,Grameen Alo Songstha (GAS),256,Total,37514173,100,40155319,100
2025-06,200,495,00440-00065-00495,Grameen Economic And Social Advancement (GESA),256,Clients' Savings,11619456,28.05,11344305,29.96
2025-06,200,495,00440-00065-00495,Grameen Economic And Social Advancement (GESA),256,Loan from Govt.,,0.0,3848723,10.17
2025-06,200,495,00440-00065-00495,Grameen Economic And Social Advancement (GESA),256,Loan from Other MFIs,400000,0.97,,0.0
2025-06,200,495,00440-00065-00495,Grameen Economic And Social Advancement (GESA),256,Other loans,19938657,48.13,15608512,41.23
2025-06,200,495,00440-00065-00495,Grameen Economic And Social Advancement (GESA),256,Cumulative Surplus,7294012,17.61,5358880,14.15
2025-06,200,495,00440-00065-00495,Grameen Economic And Social Advancement (GESA),256,Other Fund,2175207,5.25,1701027,4.49
2025-06,200,495,00440-00065-00495,Grameen Economic And Social Advancement (GESA),256,Total,41427332,100,37861447,100
2025-06,201,275,00552-01111-00275,Grameen Jano Unnayan Sangstha (GJUS),256,Clients' Savings,1248404909,25.35,1067974654,26.83
2025-06,201,275,00552-01111-00275,Grameen Jano Unnayan Sangstha (GJUS),256,Loan from PKSF,2003525731,40.68,1448725977,36.4
2025-06,201,275,00552-01111-00275,Grameen Jano Unnayan Sangstha (GJUS),256,Loan from Commercial Banks,321308800,6.52,458760856,11.53
2025-06,201,275,00552-01111-00275,Grameen Jano Unnayan Sangstha (GJUS),256,Other loans,63000000,1.28,,0.0
2025-06,201,275,00552-01111-00275,Grameen Jano Unnayan Sangstha (GJUS),256,Cumulative Surplus,840978731,17.07,693688815,17.43
2025-06,201,275,00552-01111-00275,Grameen Jano Unnayan Sangstha (GJUS),256,Other Fund,448314737,9.1,310755011,7.81
2025-06,201,275,00552-01111-00275,Grameen Jano Unnayan Sangstha (GJUS),256,Total,4925532908,100,3979905313,100
2025-06,202,596,03904-00198-00596,Grameen Jono Unnayan Sangstha,256,Clients' Savings,31017048,59.25,25066058,55.86
2025-06,202,596,03904-00198-00596,Grameen Jono Unnayan Sangstha,256,Loan from Commercial Banks,,0.0,1439795,3.21
2025-06,202,596,03904-00198-00596,Grameen Jono Unnayan Sangstha,256,Other loans,1500000,2.87,1500000,3.34
2025-06,202,596,03904-00198-00596,Grameen Jono Unnayan Sangstha,256,Cumulative Surplus,17217258,32.89,14540200,32.4
2025-06,202,596,03904-00198-00596,Grameen Jono Unnayan Sangstha,256,Other Fund,2614766,4.99,2324293,5.18
2025-06,202,596,03904-00198-00596,Grameen Jono Unnayan Sangstha,256,Total,52349072,100,44870346,100
2025-06,203,840,21112-01197-00840,GRAMEEN JUBA SAMAJ KALLYAN SANGSTHA,256,Clients' Savings,3910863,33.1,2157402,21.95
2025-06,203,840,21112-01197-00840,GRAMEEN JUBA SAMAJ KALLYAN SANGSTHA,256,Other loans,3891271,32.93,3891271,39.59
2025-06,203,840,21112-01197-00840,GRAMEEN JUBA SAMAJ KALLYAN SANGSTHA,256,Cumulative Surplus,3101118,26.25,3075821,31.3
2025-06,203,840,21112-01197-00840,GRAMEEN JUBA SAMAJ KALLYAN SANGSTHA,256,Other Fund,912216,7.72,703690,7.16
2025-06,203,840,21112-01197-00840,GRAMEEN JUBA SAMAJ KALLYAN SANGSTHA,256,Total,11815468,100,9828184,100
2025-06,204,454,00706-00960-00454,Grameen Krishi Foundation,256,Clients' Savings,21850261,20.49,27840363,37.68
2025-06,204,454,00706-00960-00454,Grameen Krishi Foundation,256,Other loans,99560000,93.36,170897902,231.28
2025-06,204,454,00706-00960-00454,Grameen Krishi Foundation,256,Donors' Fund,440607929,413.15,440607929,596.3
2025-06,204,454,00706-00960-00454,Grameen Krishi Foundation,256,Cumulative Surplus,-600628757,-563.2,-664223273,-898.93
2025-06,204,454,00706-00960-00454,Grameen Krishi Foundation,256,Other Fund,145255645,136.2,98767922,133.67
2025-06,204,454,00706-00960-00454,Grameen Krishi Foundation,256,Total,106645079,100,73890843,100
2025-06,205,510,02414-00814-00510,Grameen Krishok Sohayak Sangstha (GKSS),257,Clients' Savings,5211710,27.14,5096860,34.41
2025-06,205,510,02414-00814-00510,Grameen Krishok Sohayak Sangstha (GKSS),257,Cumulative Surplus,7565371,39.4,5348714,36.11
2025-06,205,510,02414-00814-00510,Grameen Krishok Sohayak Sangstha (GKSS),257,Other Fund,6426563,33.47,4365415,29.47
2025-06,205,510,02414-00814-00510,Grameen Krishok Sohayak Sangstha (GKSS),257,Total,19203644,100,14810989,100
2025-06,206,201,02830-03273-00201,Grameen Manobic Unnayan Sangstha (GRAMAUS),257,Clients' Savings,437002659,41.65,366661954,38.0
2025-06,206,201,02830-03273-00201,Grameen Manobic Unnayan Sangstha (GRAMAUS),257,Loan from PKSF,265066688,25.27,289099998,29.96
2025-06,206,201,02830-03273-00201,Grameen Manobic Unnayan Sangstha (GRAMAUS),257,Loan from Commercial Banks,185196897,17.65,204133900,21.16
2025-06,206,201,02830-03273-00201,Grameen Manobic Unnayan Sangstha (GRAMAUS),257,Other loans,,0.0,3842000,0.4
2025-06,206,201,02830-03273-00201,Grameen Manobic Unnayan Sangstha (GRAMAUS),257,Cumulative Surplus,81005323,7.72,34078423,3.53
2025-06,206,201,02830-03273-00201,Grameen Manobic Unnayan Sangstha (GRAMAUS),257,Other Fund,80831885,7.7,67084364,6.95
2025-06,206,201,02830-03273-00201,Grameen Manobic Unnayan Sangstha (GRAMAUS),257,Total,1049103452,100,964900639,100
2025-06,207,448,00167-00284-00448,Grameen Motsho O Pashusampad Foundation (GMPF),257,Clients' Savings,54024699,33.9,50552898,22.84
2025-06,207,448,00167-00284-00448,Grameen Motsho O Pashusampad Foundation (GMPF),257,Loan from Govt.,10000000,6.28,17050000,7.7
2025-06,207,448,00167-00284-00448,Grameen Motsho O Pashusampad Foundation (GMPF),257,Donors' Fund,147147715,92.34,96003991,43.37
2025-06,207,448,00167-00284-00448,Grameen Motsho O Pashusampad Foundation (GMPF),257,Cumulative Surplus,-83595425,-52.46,-68952541,-31.15
2025-06,207,448,00167-00284-00448,Grameen Motsho O Pashusampad Foundation (GMPF),257,Other Fund,31769781,19.94,126727254,57.24
2025-06,207,448,00167-00284-00448,Grameen Motsho O Pashusampad Foundation (GMPF),257,Total,159346770,100,221381602,100
2025-06,208,887,32021-00249-00887,Grameen Prochesta Songstha (GPS),257,Clients' Savings,3671361,23.44,2761875,84.68
2025-06,208,887,32021-00249-00887,Grameen Prochesta Songstha (GPS),257,Loan from Commercial Banks,1168970,7.46,,0.0
2025-06,208,887,32021-00249-00887,Grameen Prochesta Songstha (GPS),257,Other loans,10165427,64.9,,0.0
2025-06,208,887,32021-00249-00887,Grameen Prochesta Songstha (GPS),257,Donors' Fund,225500,1.44,98500,3.02
2025-06,208,887,32021-00249-00887,Grameen Prochesta Songstha (GPS),257,Cumulative Surplus,334454,2.14,319495,9.8
2025-06,208,887,32021-00249-00887,Grameen Prochesta Songstha (GPS),257,Other Fund,98629,0.63,81728,2.51
2025-06,208,887,32021-00249-00887,Grameen Prochesta Songstha (GPS),257,Total,15664341,100,3261598,100
2025-06,209,161,00336-00260-00161,Grameen Progress,257,Clients' Savings,432126932,38.08,418647920,38.34
2025-06,209,161,00336-00260-00161,Grameen Progress,257,Other loans,33310542,2.94,62718739,5.74
2025-06,209,161,00336-00260-00161,Grameen Progress,257,Cumulative Surplus,287723353,25.35,271747843,24.88
2025-06,209,161,00336-00260-00161,Grameen Progress,257,Other Fund,381771257,33.64,338902468,31.03
2025-06,209,161,00336-00260-00161,Grameen Progress,257,Total,1134932084,100,1092016970,100
2025-06,210,776,21112-00249-00776,Grameen Samajik Unnayan Foundation (RSDF),257,Clients' Savings,6737105,19.32,5455406,24.74
2025-06,210,776,21112-00249-00776,Grameen Samajik Unnayan Foundation (RSDF),257,Loan from Commercial Banks,,0.0,909000,4.12
2025-06,210,776,21112-00249-00776,Grameen Samajik Unnayan Foundation (RSDF),257,Other loans,23154000,66.39,11793962,53.48
2025-06,210,776,21112-00249-00776,Grameen Samajik Unnayan Foundation (RSDF),257,Cumulative Surplus,2515832,7.21,2036926,9.24
2025-06,210,776,21112-00249-00776,Grameen Samajik Unnayan Foundation (RSDF),257,Other Fund,2469498,7.08,1859770,8.43
2025-06,210,776,21112-00249-00776,Grameen Samajik Unnayan Foundation (RSDF),257,Total,34876435,100,22055064,100
2025-06,211,83,00343-03944-00083,Grameen Seba Sangstha,258,Clients' Savings,3632712,18.54,3708608,21.32
2025-06,211,83,00343-03944-00083,Grameen Seba Sangstha,258,Loan from PKSF,5585000,28.5,5675000,32.63
2025-06,211,83,00343-03944-00083,Grameen Seba Sangstha,258,Cumulative Surplus,6043248,30.84,5897933,33.91
2025-06,211,83,00343-03944-00083,Grameen Seba Sangstha,258,Other Fund,4334538,22.12,2110669,12.14
2025-06,211,83,00343-03944-00083,Grameen Seba Sangstha,258,Total,19595498,100,17392210,100
2025-06,212,697,00989-02646-00697,Graush,258,Clients' Savings,8492225,31.04,9845522,30.36
2025-06,212,697,00989-02646-00697,Graush,258,Loan from Commercial Banks,3608444,13.19,3297040,10.17
2025-06,212,697,00989-02646-00697,Graush,258,Other loans,5024806,18.37,9972856,30.75
2025-06,212,697,00989-02646-00697,Graush,258,Cumulative Surplus,4811909,17.59,4601046,14.19
2025-06,212,697,00989-02646-00697,Graush,258,Other Fund,5422978,19.82,4711733,14.53
2025-06,212,697,00989-02646-00697,Graush,258,Total,27360362,100,32428197,100
2025-06,213,62,01680-00763-00062,Habiganj Unnayan Sangstha (HUS),258,Clients' Savings,428913011,35.43,378367921,35.58
2025-06,213,62,01680-00763-00062,Habiganj Unnayan Sangstha (HUS),258,Loan from PKSF,413166669,34.13,376266668,35.39
2025-06,213,62,01680-00763-00062,Habiganj Unnayan Sangstha (HUS),258,Loan from Commercial Banks,,0.0,17076845,1.61
2025-06,213,62,01680-00763-00062,Habiganj Unnayan Sangstha (HUS),258,Other loans,,0.0,22340750,2.1
2025-06,213,62,01680-00763-00062,Habiganj Unnayan Sangstha (HUS),258,Cumulative Surplus,314405828,25.97,225876466,21.24
2025-06,213,62,01680-00763-00062,Habiganj Unnayan Sangstha (HUS),258,Other Fund,54157824,4.47,43369582,4.08
2025-06,213,62,01680-00763-00062,Habiganj Unnayan Sangstha (HUS),258,Total,1210643332,100,1063298232,100
2025-06,214,191,00538-00101-00191,Habitat & Economy Lifting Programme (HELP),258,Clients' Savings,4862259,7.52,5638936,8.53
2025-06,214,191,00538-00101-00191,Habitat & Economy Lifting Programme (HELP),258,Loan from PKSF,62233331,96.21,62283331,94.23
2025-06,214,191,00538-00101-00191,Habitat & Economy Lifting Programme (HELP),258,Cumulative Surplus,-7128985,-11.02,-6451082,-9.76
2025-06,214,191,00538-00101-00191,Habitat & Economy Lifting Programme (HELP),258,Other Fund,4720828,7.3,4626168,7.0
2025-06,214,191,00538-00101-00191,Habitat & Economy Lifting Programme (HELP),258,Total,64687433,100,66097353,100
2025-06,215,172,06408-05124-00172,Hanum Health Development Foundation,258,Clients' Savings,13684008,31.59,12080722,29.74
2025-06,215,172,06408-05124-00172,Hanum Health Development Foundation,258,Other loans,,0.0,3694874,9.1
2025-06,215,172,06408-05124-00172,Hanum Health Development Foundation,258,Cumulative Surplus,21532971,49.72,14599082,35.94
2025-06,215,172,06408-05124-00172,Hanum Health Development Foundation,258,Other Fund,8095043,18.69,10244600,25.22
2025-06,215,172,06408-05124-00172,Hanum Health Development Foundation,258,Total,43312022,100,40619278,100
2025-06,216,380,01662-00774-00380,"Health, Education & Economic Development Organization (HEEDO)",258,Clients' Savings,2497379,15.72,624837,11.44
2025-06,216,380,01662-00774-00380,"Health, Education & Economic Development Organization (HEEDO)",258,Other loans,8427139,53.04,,0.0
2025-06,216,380,01662-00774-00380,"Health, Education & Economic Development Organization (HEEDO)",258,Cumulative Surplus,4187299,26.36,4118780,75.39
2025-06,216,380,01662-00774-00380,"Health, Education & Economic Development Organization (HEEDO)",258,Other Fund,775209,4.88,719703,13.17
2025-06,216,380,01662-00774-00380,"Health, Education & Economic Development Organization (HEEDO)",258,Total,15887026,100,5463320,100
2025-06,217,258,01399-00645-00258,HEED Bangladesh,258,Clients' Savings,3227496603,47.94,2785102551,47.98
2025-06,217,258,01399-00645-00258,HEED Bangladesh,258,Loan from PKSF,1600355274,23.77,1606955270,27.68
2025-06,217,258,01399-00645-00258,HEED Bangladesh,258,Loan from Commercial Banks,,0.0,35201260,0.61
2025-06,217,258,01399-00645-00258,HEED Bangladesh,258,Cumulative Surplus,1473093336,21.88,1296662149,22.34
2025-06,217,258,01399-00645-00258,HEED Bangladesh,258,Other Fund,430993012,6.4,81305565,1.4
2025-06,217,258,01399-00645-00258,HEED Bangladesh,258,Total,6731938225,100,5805226795,100
2025-06,218,706,01185-04747-00706,Help Bangladesh,259,Clients' Savings,26902292,56.41,25701475,57.17
2025-06,218,706,01185-04747-00706,Help Bangladesh,259,Cumulative Surplus,17366822,36.41,16181690,36.0
2025-06,218,706,01185-04747-00706,Help Bangladesh,259,Other Fund,3423747,7.18,3071738,6.83
2025-06,218,706,01185-04747-00706,Help Bangladesh,259,Total,47692861,100,44954904,100
2025-06,219,763,21112-00090-00763,Hira Samaj Unnayan Sangstha (HSUS),259,Clients' Savings,15598405,47.25,,0.0
2025-06,219,763,21112-00090-00763,Hira Samaj Unnayan Sangstha (HSUS),259,Loan from Commercial Banks,1052738,3.19,,0.0
2025-06,219,763,21112-00090-00763,Hira Samaj Unnayan Sangstha (HSUS),259,Other loans,,0.0,6358000,18.76
2025-06,219,763,21112-00090-00763,Hira Samaj Unnayan Sangstha (HSUS),259,Donors' Fund,,0.0,15049123,44.41
2025-06,219,763,21112-00090-00763,Hira Samaj Unnayan Sangstha (HSUS),259,Cumulative Surplus,7894301,23.91,7211026,21.28
2025-06,219,763,21112-00090-00763,Hira Samaj Unnayan Sangstha (HSUS),259,Other Fund,8469323,25.65,5265442,15.54
2025-06,219,763,21112-00090-00763,Hira Samaj Unnayan Sangstha (HSUS),259,Total,33014767,100,33883591,100
2025-06,220,124,00938-00810-00124,Holodia Mohila Unnayan Sangstha,259,Clients' Savings,20387736,51.76,18470471,51.37
2025-06,220,124,00938-00810-00124,Holodia Mohila Unnayan Sangstha,259,Other loans,750000,1.9,250000,0.7
2025-06,220,124,00938-00810-00124,Holodia Mohila Unnayan Sangstha,259,Cumulative Surplus,13470769,34.2,12863383,35.78
2025-06,220,124,00938-00810-00124,Holodia Mohila Unnayan Sangstha,259,Other Fund,4779527,12.13,4371907,12.16
2025-06,220,124,00938-00810-00124,Holodia Mohila Unnayan Sangstha,259,Total,39388032,100,35955761,100
2025-06,221,615,02594-01708-00615,Homeland Development Organization (HDO),259,Clients' Savings,9190790,58.44,9726855,60.58
2025-06,221,615,02594-01708-00615,Homeland Development Organization (HDO),259,Cumulative Surplus,4547612,28.92,4510990,28.09
2025-06,221,615,02594-01708-00615,Homeland Development Organization (HDO),259,Other Fund,1988540,12.64,1819261,11.33
2025-06,221,615,02594-01708-00615,Homeland Development Organization (HDO),259,Total,15726942,100,16057106,100
2025-06,222,517,01469-02078-00517,HOPE,259,Clients' Savings,142086034,35.23,105446137,26.73
2025-06,222,517,01469-02078-00517,HOPE,259,Loan from PKSF,191000000,47.36,226533331,57.42
2025-06,222,517,01469-02078-00517,HOPE,259,Loan from Govt.,,0.0,8590000,2.18
2025-06,222,517,01469-02078-00517,HOPE,259,Loan from Commercial Banks,,0.0,1995617,0.51
2025-06,222,517,01469-02078-00517,HOPE,259,Other loans,22401094,5.55,4361427,1.11
2025-06,222,517,01469-02078-00517,HOPE,259,Cumulative Surplus,43097040,10.69,31855100,8.07
2025-06,222,517,01469-02078-00517,HOPE,259,Other Fund,4701850,1.17,15757851,3.99
2025-06,222,517,01469-02078-00517,HOPE,259,Total,403286018,100,394539463,100
2025-06,223,851,21112-00643-00851,HUMAN AND NATURE DEVELOPMENT SOCIETY (HANDS),259,Clients' Savings,4810385,77.25,4013741,77.2
2025-06,223,851,21112-00643-00851,HUMAN AND NATURE DEVELOPMENT SOCIETY (HANDS),259,Cumulative Surplus,930166,14.94,893035,17.18
2025-06,223,851,21112-00643-00851,HUMAN AND NATURE DEVELOPMENT SOCIETY (HANDS),259,Other Fund,486492,7.81,292178,5.62
2025-06,223,851,21112-00643-00851,HUMAN AND NATURE DEVELOPMENT SOCIETY (HANDS),259,Total,6227043,100,5198954,100
2025-06,224,797,21112-00154-00797,HUMANITARIAN AID FOR RURAL DEVELOPMENT SOCIETY,260,Clients' Savings,10275852,16.33,12794515,60.9
2025-06,224,797,21112-00154-00797,HUMANITARIAN AID FOR RURAL DEVELOPMENT SOCIETY,260,Other loans,43562156,69.23,,0.0
2025-06,224,797,21112-00154-00797,HUMANITARIAN AID FOR RURAL DEVELOPMENT SOCIETY,260,Cumulative Surplus,2391376,3.8,2120651,10.09
2025-06,224,797,21112-00154-00797,HUMANITARIAN AID FOR RURAL DEVELOPMENT SOCIETY,260,Other Fund,6693298,10.64,6094527,29.01
2025-06,224,797,21112-00154-00797,HUMANITARIAN AID FOR RURAL DEVELOPMENT SOCIETY,260,Total,62922682,100,21009693,100
2025-06,225,873,21112-01166-00873,Hunger Poverty Alleviation Organization (H.P.A.O),260,Clients' Savings,2832508,10.16,2694510,13.94
2025-06,225,873,21112-01166-00873,Hunger Poverty Alleviation Organization (H.P.A.O),260,Other loans,12424827,44.56,7106827,36.76
2025-06,225,873,21112-01166-00873,Hunger Poverty Alleviation Organization (H.P.A.O),260,Donors' Fund,5855000,21.0,5855000,30.28
2025-06,225,873,21112-01166-00873,Hunger Poverty Alleviation Organization (H.P.A.O),260,Cumulative Surplus,6077776,21.8,3231765,16.72
2025-06,225,873,21112-01166-00873,Hunger Poverty Alleviation Organization (H.P.A.O),260,Other Fund,694179,2.49,446186,2.31
2025-06,225,873,21112-01166-00873,Hunger Poverty Alleviation Organization (H.P.A.O),260,Total,27884290,100,19334288,100
2025-06,226,118,01886-01501-00118,IDEAL (Institute of evelopment Education for Advancement of Landless),260,Clients' Savings,78299264,54.22,85371333,59.07
2025-06,226,118,01886-01501-00118,IDEAL (Institute of evelopment Education for Advancement of Landless),260,Loan from Commercial Banks,6500000,4.5,,0.0
2025-06,226,118,01886-01501-00118,IDEAL (Institute of evelopment Education for Advancement of Landless),260,Other loans,11411000,7.9,12311000,8.52
2025-06,226,118,01886-01501-00118,IDEAL (Institute of evelopment Education for Advancement of Landless),260,Cumulative Surplus,26042832,18.04,26466504,18.31
2025-06,226,118,01886-01501-00118,IDEAL (Institute of evelopment Education for Advancement of Landless),260,Other Fund,22145843,15.34,20373809,14.1
2025-06,226,118,01886-01501-00118,IDEAL (Institute of evelopment Education for Advancement of Landless),260,Total,144398939,100,144522646,100
2025-06,227,761,21112-00214-00761,IDEAL KARMA SHAHAOK FOUNDATION,260,Clients' Savings,30629581,68.21,27109003,68.81
2025-06,227,761,21112-00214-00761,IDEAL KARMA SHAHAOK FOUNDATION,260,Cumulative Surplus,9318098,20.75,6047906,15.35
2025-06,227,761,21112-00214-00761,IDEAL KARMA SHAHAOK FOUNDATION,260,Other Fund,4956641,11.04,6240231,15.84
2025-06,227,761,21112-00214-00761,IDEAL KARMA SHAHAOK FOUNDATION,260,Total,44904320,100,39397140,100
2025-06,228,399,01133-01814-00399,Initiative for People’s Development (IPD),260,Clients' Savings,5674414,32.23,2423073,69.96
2025-06,228,399,01133-01814-00399,Initiative for People’s Development (IPD),260,Other loans,13456154,76.42,2295701,66.28
2025-06,228,399,01133-01814-00399,Initiative for People’s Development (IPD),260,Cumulative Surplus,-2768710,-15.72,-2160478,-62.38
2025-06,228,399,01133-01814-00399,Initiative for People’s Development (IPD),260,Other Fund,1245768,7.08,905282,26.14
2025-06,228,399,01133-01814-00399,Initiative for People’s Development (IPD),260,Total,17607626,100,3463578,100
2025-06,229,839,21112-0174-00839,Integrated Community Development Society (I.C.D.S),260,Clients' Savings,1828917,32.31,1428155,58.97
2025-06,229,839,21112-0174-00839,Integrated Community Development Society (I.C.D.S),260,Other loans,2763705,48.82,,0.0
2025-06,229,839,21112-0174-00839,Integrated Community Development Society (I.C.D.S),260,Cumulative Surplus,1068677,18.88,843708,34.84
2025-06,229,839,21112-0174-00839,Integrated Community Development Society (I.C.D.S),260,Other Fund,,0.0,150000,6.19
2025-06,229,839,21112-0174-00839,Integrated Community Development Society (I.C.D.S),260,Total,5661299,100,2421863,100
2025-06,230,249,01920-01872-00249,Integrated Development Foundation,260,Clients' Savings,1767419369,35.22,1588057297,35.23
2025-06,230,249,01920-01872-00249,Integrated Development Foundation,260,Loan from PKSF,1706896666,34.02,1339020843,29.7
2025-06,230,249,01920-01872-00249,Integrated Development Foundation,260,Loan from Commercial Banks,471146899,9.39,568244558,12.6
2025-06,230,249,01920-01872-00249,Integrated Development Foundation,260,Cumulative Surplus,962726499,19.19,895706441,19.87
2025-06,230,249,01920-01872-00249,Integrated Development Foundation,260,Other Fund,109614849,2.18,117165749,2.6
2025-06,230,249,01920-01872-00249,Integrated Development Foundation,260,Total,5017804282,100,4508194888,100
2025-06,231,94,00361-03311-00094,Integrated Rural Development Organization (IRDO),261,Clients' Savings,96861209,37.92,47690461,26.76
2025-06,231,94,00361-03311-00094,Integrated Rural Development Organization (IRDO),261,Loan from Commercial Banks,35000000,13.7,35000000,19.64
2025-06,231,94,00361-03311-00094,Integrated Rural Development Organization (IRDO),261,Donors' Fund,,0.0,57242860,32.12
2025-06,231,94,00361-03311-00094,Integrated Rural Development Organization (IRDO),261,Cumulative Surplus,66546158,26.05,29862748,16.76
2025-06,231,94,00361-03311-00094,Integrated Rural Development Organization (IRDO),261,Other Fund,57033506,22.33,8397106,4.71
2025-06,231,94,00361-03311-00094,Integrated Rural Development Organization (IRDO),261,Total,255440873,100,178193175,100
2025-06,232,7,02693-01298-00007,Integrated Service for Development of Children & Mothers (ISDCM),261,Clients' Savings,24425911,40.38,21964907,47.71
2025-06,232,7,02693-01298-00007,Integrated Service for Development of Children & Mothers (ISDCM),261,Loan from Commercial Banks,1440000,2.38,1440000,3.13
2025-06,232,7,02693-01298-00007,Integrated Service for Development of Children & Mothers (ISDCM),261,Other loans,4921193,8.14,,0.0
2025-06,232,7,02693-01298-00007,Integrated Service for Development of Children & Mothers (ISDCM),261,Cumulative Surplus,19967788,33.01,18783387,40.8
2025-06,232,7,02693-01298-00007,Integrated Service for Development of Children & Mothers (ISDCM),261,Other Fund,9731535,16.09,3846903,8.36
2025-06,232,7,02693-01298-00007,Integrated Service for Development of Children & Mothers (ISDCM),261,Total,60486427,100,46035197,100
2025-06,233,825,21112-00879-00825,INTEGRATED SOCIAL SERVICE OF PEOPLES ADVANCEMENT (ISSPA),261,Clients' Savings,9905053,27.09,9114427,26.76
2025-06,233,825,21112-00879-00825,INTEGRATED SOCIAL SERVICE OF PEOPLES ADVANCEMENT (ISSPA),261,Other loans,,0.0,3015668,8.85
2025-06,233,825,21112-00879-00825,INTEGRATED SOCIAL SERVICE OF PEOPLES ADVANCEMENT (ISSPA),261,Donors' Fund,7099117,19.41,6439499,18.91
2025-06,233,825,21112-00879-00825,INTEGRATED SOCIAL SERVICE OF PEOPLES ADVANCEMENT (ISSPA),261,Cumulative Surplus,14486093,39.61,13892568,40.79
2025-06,233,825,21112-00879-00825,INTEGRATED SOCIAL SERVICE OF PEOPLES ADVANCEMENT (ISSPA),261,Other Fund,5079065,13.89,1595002,4.68
2025-06,233,825,21112-00879-00825,INTEGRATED SOCIAL SERVICE OF PEOPLES ADVANCEMENT (ISSPA),261,Total,36569328,100,34057164,100
2025-06,234,259,01001-00055-00259,Integrated Social Welfare Association (ISWA),261,Clients' Savings,5176708,36.43,6300194,36.34
2025-06,234,259,01001-00055-00259,Integrated Social Welfare Association (ISWA),261,Other loans,1310864,9.22,3338088,19.25
2025-06,234,259,01001-00055-00259,Integrated Social Welfare Association (ISWA),261,Cumulative Surplus,7723952,54.35,7700776,44.41
2025-06,234,259,01001-00055-00259,Integrated Social Welfare Association (ISWA),261,Total,14211524,100,17339058,100
2025-06,235,591,01649-00325-00591,Isamati Samaj Unnayan Sangstha,261,Clients' Savings,12008146,37.1,9610734,32.56
2025-06,235,591,01649-00325-00591,Isamati Samaj Unnayan Sangstha,261,Other loans,16099250,49.74,16254500,55.07
2025-06,235,591,01649-00325-00591,Isamati Samaj Unnayan Sangstha,261,Cumulative Surplus,1221321,3.77,1098394,3.72
2025-06,235,591,01649-00325-00591,Isamati Samaj Unnayan Sangstha,261,Other Fund,3040334,9.39,2554521,8.65
2025-06,235,591,01649-00325-00591,Isamati Samaj Unnayan Sangstha,261,Total,32369051,100,29518149,100
2025-06,236,342,02183-00557-00342,Islami Social Development Organization (ISDO),261,Clients' Savings,8773054,15.58,6286769,12.09
2025-06,236,342,02183-00557-00342,Islami Social Development Organization (ISDO),261,Loan from Commercial Banks,1500502,2.66,1500502,2.89
2025-06,236,342,02183-00557-00342,Islami Social Development Organization (ISDO),261,Other loans,41108030,72.99,20844065,40.09
2025-06,236,342,02183-00557-00342,Islami Social Development Organization (ISDO),261,Cumulative Surplus,-4187481,-7.44,1936760,3.72
2025-06,236,342,02183-00557-00342,Islami Social Development Organization (ISDO),261,Other Fund,9126617,16.2,21427891,41.21
2025-06,236,342,02183-00557-00342,Islami Social Development Organization (ISDO),261,Total,56320722,100,51995987,100
2025-06,237,334,02114-00225-00334,Jagarani Mohila Kallyan Sangstha (JMKS),261,Clients' Savings,6706011,32.39,8984329,31.5
2025-06,237,334,02114-00225-00334,Jagarani Mohila Kallyan Sangstha (JMKS),261,Other loans,8011289,38.69,13738485,48.16
2025-06,237,334,02114-00225-00334,Jagarani Mohila Kallyan Sangstha (JMKS),261,Cumulative Surplus,3957874,19.12,3926672,13.77
2025-06,237,334,02114-00225-00334,Jagarani Mohila Kallyan Sangstha (JMKS),261,Other Fund,2030120,9.8,1875215,6.57
2025-06,237,334,02114-00225-00334,Jagarani Mohila Kallyan Sangstha (JMKS),261,Total,20705294,100,28524701,100
2025-06,238,8,00322-01714-00008,Jagorani Chakra Foundation (JCF),262,Clients' Savings,20391803341,35.82,16248690411,35.56
2025-06,238,8,00322-01714-00008,Jagorani Chakra Foundation (JCF),262,Loan from PKSF,4041379161,7.1,3265703328,7.15
2025-06,238,8,00322-01714-00008,Jagorani Chakra Foundation (JCF),262,Loan from Govt.,520000000,0.91,520000000,1.14
2025-06,238,8,00322-01714-00008,Jagorani Chakra Foundation (JCF),262,Loan from Commercial Banks,11931206922,20.96,9148539892,20.02
2025-06,238,8,00322-01714-00008,Jagorani Chakra Foundation (JCF),262,Other loans,1963263452,3.45,750249766,1.64
2025-06,238,8,00322-01714-00008,Jagorani Chakra Foundation (JCF),262,Donors' Fund,7758622,0.01,7758622,0.02
2025-06,238,8,00322-01714-00008,Jagorani Chakra Foundation (JCF),262,Cumulative Surplus,14871362596,26.13,12947078947,28.34
2025-06,238,8,00322-01714-00008,Jagorani Chakra Foundation (JCF),262,Other Fund,3196184160,5.61,2800312568,6.13
2025-06,238,8,00322-01714-00008,Jagorani Chakra Foundation (JCF),262,Total,56922958254,100,45688333534,100
2025-06,239,50,01638-01520-00050,Jagrata Juba Shangha (JJS),262,Clients' Savings,54311046,59.22,46503808,54.73
2025-06,239,50,01638-01520-00050,Jagrata Juba Shangha (JJS),262,Loan from Commercial Banks,7723043,8.42,10098869,11.89
2025-06,239,50,01638-01520-00050,Jagrata Juba Shangha (JJS),262,Other loans,1455518,1.59,1484586,1.75
2025-06,239,50,01638-01520-00050,Jagrata Juba Shangha (JJS),262,Cumulative Surplus,17405513,18.98,16883054,19.87
2025-06,239,50,01638-01520-00050,Jagrata Juba Shangha (JJS),262,Other Fund,10813071,11.79,9992376,11.76
2025-06,239,50,01638-01520-00050,Jagrata Juba Shangha (JJS),262,Total,91708191,100,84962693,100
2025-06,240,231,01420-01221-00231,JAKAS Foundation,262,Clients' Savings,1617088050,27.47,1402944590,28.74
2025-06,240,231,01420-01221-00231,JAKAS Foundation,262,Loan from PKSF,2327351506,39.54,1736837408,35.58
2025-06,240,231,01420-01221-00231,JAKAS Foundation,262,Loan from Commercial Banks,,0.0,51807501,1.06
2025-06,240,231,01420-01221-00231,JAKAS Foundation,262,Cumulative Surplus,1611795683,27.38,1399745021,28.67
2025-06,240,231,01420-01221-00231,JAKAS Foundation,262,Other Fund,330327037,5.61,290253082,5.95
2025-06,240,231,01420-01221-00231,JAKAS Foundation,262,Total,5886562275,100,4881587601,100
2025-06,241,667,06492-02142-00667,Jamuna Samaj Kallyan Sangstha,262,Clients' Savings,7673952,30.2,6800689,27.12
2025-06,241,667,06492-02142-00667,Jamuna Samaj Kallyan Sangstha,262,Other loans,11286000,44.41,12678000,50.55
2025-06,241,667,06492-02142-00667,Jamuna Samaj Kallyan Sangstha,262,Cumulative Surplus,4613751,18.15,4095186,16.33
2025-06,241,667,06492-02142-00667,Jamuna Samaj Kallyan Sangstha,262,Other Fund,1840908,7.24,1504617,6.0
2025-06,241,667,06492-02142-00667,Jamuna Samaj Kallyan Sangstha,262,Total,25414611,100,25078492,100
2025-06,242,493,00634-04219-00493,Jamuna Social Foundation,262,Clients' Savings,3021203,56.6,2483320,52.76
2025-06,242,493,00634-04219-00493,Jamuna Social Foundation,262,Cumulative Surplus,952943,17.85,1014395,21.55
2025-06,242,493,00634-04219-00493,Jamuna Social Foundation,262,Other Fund,1363271,25.54,1208742,25.68
2025-06,242,493,00634-04219-00493,Jamuna Social Foundation,262,Total,5337417,100,4706457,100
2025-06,243,755,02251-01459-00755,Janakallyan Manobik Unnoyon Shankstha,262,Clients' Savings,3639505,33.49,3527466,36.98
2025-06,243,755,02251-01459-00755,Janakallyan Manobik Unnoyon Shankstha,262,Other loans,2200000,20.24,1800000,18.87
2025-06,243,755,02251-01459-00755,Janakallyan Manobik Unnoyon Shankstha,262,Cumulative Surplus,4875448,44.86,4056165,42.53
2025-06,243,755,02251-01459-00755,Janakallyan Manobik Unnoyon Shankstha,262,Other Fund,153930,1.42,153930,1.61
2025-06,243,755,02251-01459-00755,Janakallyan Manobik Unnoyon Shankstha,262,Total,10868883,100,9537561,100
2025-06,244,443,06637-04368-00443,Jano Hitoishi Sangstha,263,Clients' Savings,3267255,40.2,3192906,34.64
2025-06,244,443,06637-04368-00443,Jano Hitoishi Sangstha,263,Loan from Govt.,,0.0,1090000,11.83
2025-06,244,443,06637-04368-00443,Jano Hitoishi Sangstha,263,Cumulative Surplus,4288458,52.77,4181331,45.37
2025-06,244,443,06637-04368-00443,Jano Hitoishi Sangstha,263,Other Fund,571248,7.03,752798,8.17
2025-06,244,443,06637-04368-00443,Jano Hitoishi Sangstha,263,Total,8126961,100,9217035,100
2025-06,245,772,21112-00384-00772,JANO UNNAYAN FOUNDATION,263,Clients' Savings,93791112,52.37,72417860,39.89
2025-06,245,772,21112-00384-00772,JANO UNNAYAN FOUNDATION,263,Loan from Commercial Banks,6300000,3.52,,0.0
2025-06,245,772,21112-00384-00772,JANO UNNAYAN FOUNDATION,263,Other loans,49656136,27.73,82687064,45.55
2025-06,245,772,21112-00384-00772,JANO UNNAYAN FOUNDATION,263,Cumulative Surplus,21981576,12.27,19866261,10.94
2025-06,245,772,21112-00384-00772,JANO UNNAYAN FOUNDATION,263,Other Fund,7357100,4.11,6577200,3.62
2025-06,245,772,21112-00384-00772,JANO UNNAYAN FOUNDATION,263,Total,179085924,100,181548385,100
2025-06,246,310,02487-00630-00310,Janoseba,263,Clients' Savings,73279853,67.51,39431734,36.39
2025-06,246,310,02487-00630-00310,Janoseba,263,Loan from Commercial Banks,609912,0.56,4293126,3.96
2025-06,246,310,02487-00630-00310,Janoseba,263,Other loans,,0.0,34457100,31.8
2025-06,246,310,02487-00630-00310,Janoseba,263,Donors' Fund,50000,0.05,50000,0.05
2025-06,246,310,02487-00630-00310,Janoseba,263,Cumulative Surplus,29202997,26.9,25074136,23.14
2025-06,246,310,02487-00630-00310,Janoseba,263,Other Fund,5399569,4.97,5038940,4.65
2025-06,246,310,02487-00630-00310,Janoseba,263,Total,108542331,100,108345036,100
2025-06,247,736,02334-01829-00736,Jatio Tarun Sangha,263,Clients' Savings,6291496,28.06,7236642,31.01
2025-06,247,736,02334-01829-00736,Jatio Tarun Sangha,263,Donors' Fund,12337497,55.02,10220197,43.8
2025-06,247,736,02334-01829-00736,Jatio Tarun Sangha,263,Cumulative Surplus,1994209,8.89,4303811,18.44
2025-06,247,736,02334-01829-00736,Jatio Tarun Sangha,263,Other Fund,1799651,8.03,1572650,6.74
2025-06,247,736,02334-01829-00736,Jatio Tarun Sangha,263,Total,22422853,100,23333300,100
2025-06,248,707,02838-03610-00707,Joutha Udyog,263,Clients' Savings,1746658,38.9,1784886,37.4
2025-06,248,707,02838-03610-00707,Joutha Udyog,263,Loan from Govt.,3007475,66.97,3007475,63.02
2025-06,248,707,02838-03610-00707,Joutha Udyog,263,Cumulative Surplus,-389694,-8.68,-124235,-2.6
2025-06,248,707,02838-03610-00707,Joutha Udyog,263,Other Fund,126035,2.81,104235,2.18
2025-06,248,707,02838-03610-00707,Joutha Udyog,263,Total,4490474,100,4772361,100
2025-06,249,700,06220-04807-00700,Joutha Unnayan Prochesta (JUP),263,Clients' Savings,30241350,62.31,24912423,54.14
2025-06,249,700,06220-04807-00700,Joutha Unnayan Prochesta (JUP),263,Other loans,5954653,12.27,2604650,5.66
2025-06,249,700,06220-04807-00700,Joutha Unnayan Prochesta (JUP),263,Cumulative Surplus,12336291,25.42,8746226,19.01
2025-06,249,700,06220-04807-00700,Joutha Unnayan Prochesta (JUP),263,Other Fund,,0.0,9748585,21.19
2025-06,249,700,06220-04807-00700,Joutha Unnayan Prochesta (JUP),263,Total,48532294,100,46011884,100
2025-06,250,784,21112-00253-00784,JOYOTI SOCIETY,263,Clients' Savings,16828735,19.16,15463450,23.68
2025-06,250,784,21112-00253-00784,JOYOTI SOCIETY,263,Other loans,,0.0,45075849,69.04
2025-06,250,784,21112-00253-00784,JOYOTI SOCIETY,263,Cumulative Surplus,3560410,4.05,2453694,3.76
2025-06,250,784,21112-00253-00784,JOYOTI SOCIETY,263,Other Fund,67459460,76.79,2297416,3.52
2025-06,250,784,21112-00253-00784,JOYOTI SOCIETY,263,Total,87848605,100,65290409,100
2025-06,251,278,01421-02528-00278,Joypurhat Rural Development Movement (JRDM),263,Clients' Savings,526821356,23.88,413491829,23.62
2025-06,251,278,01421-02528-00278,Joypurhat Rural Development Movement (JRDM),263,Loan from PKSF,1156912498,52.44,873473330,49.89
2025-06,251,278,01421-02528-00278,Joypurhat Rural Development Movement (JRDM),263,Loan from Commercial Banks,,0.0,70000000,4.0
2025-06,251,278,01421-02528-00278,Joypurhat Rural Development Movement (JRDM),263,Other loans,69166078,3.13,34823486,1.99
2025-06,251,278,01421-02528-00278,Joypurhat Rural Development Movement (JRDM),263,Cumulative Surplus,390897837,17.72,339520424,19.39
2025-06,251,278,01421-02528-00278,Joypurhat Rural Development Movement (JRDM),263,Other Fund,62539992,2.83,19397167,1.11
2025-06,251,278,01421-02528-00278,Joypurhat Rural Development Movement (JRDM),263,Total,2206337761,100,1750706236,100
2025-06,252,144,00192-01282-00144,Jugantar Samaj Unnayan Sangstha (JSUS),264,Clients' Savings,34560991,37.27,34143880,51.35
2025-06,252,144,00192-01282-00144,Jugantar Samaj Unnayan Sangstha (JSUS),264,Loan from Commercial Banks,1407896,1.52,2976848,4.48
2025-06,252,144,00192-01282-00144,Jugantar Samaj Unnayan Sangstha (JSUS),264,Other loans,23872153,25.74,,0.0
2025-06,252,144,00192-01282-00144,Jugantar Samaj Unnayan Sangstha (JSUS),264,Cumulative Surplus,15654470,16.88,13882166,20.88
2025-06,252,144,00192-01282-00144,Jugantar Samaj Unnayan Sangstha (JSUS),264,Other Fund,17244882,18.59,15483198,23.29
2025-06,252,144,00192-01282-00144,Jugantar Samaj Unnayan Sangstha (JSUS),264,Total,92740392,100,66486092,100
2025-06,253,540,02418-00176-00540,Kakon Bahumuki Unnayan Songstha (KBUS),264,Clients' Savings,36101117,25.06,29949363,22.46
2025-06,253,540,02418-00176-00540,Kakon Bahumuki Unnayan Songstha (KBUS),264,Loan from Commercial Banks,21440480,14.88,15000000,11.25
2025-06,253,540,02418-00176-00540,Kakon Bahumuki Unnayan Songstha (KBUS),264,Other loans,62234000,43.2,65341356,48.99
2025-06,253,540,02418-00176-00540,Kakon Bahumuki Unnayan Songstha (KBUS),264,Cumulative Surplus,12162374,8.44,10344535,7.76
2025-06,253,540,02418-00176-00540,Kakon Bahumuki Unnayan Songstha (KBUS),264,Other Fund,12137925,8.42,12728204,9.54
2025-06,253,540,02418-00176-00540,Kakon Bahumuki Unnayan Songstha (KBUS),264,Total,144075896,100,133363458,100
2025-06,254,607,03022-02787-00607,Karatoa Pally Unnoyan Shangstha (kpus),264,Clients' Savings,2550295,38.63,2477110,36.45
2025-06,254,607,03022-02787-00607,Karatoa Pally Unnoyan Shangstha (kpus),264,Other loans,595518,9.02,771000,11.34
2025-06,254,607,03022-02787-00607,Karatoa Pally Unnoyan Shangstha (kpus),264,Cumulative Surplus,2448723,37.09,2629059,38.68
2025-06,254,607,03022-02787-00607,Karatoa Pally Unnoyan Shangstha (kpus),264,Other Fund,1007334,15.26,919390,13.53
2025-06,254,607,03022-02787-00607,Karatoa Pally Unnoyan Shangstha (kpus),264,Total,6601870,100,6796559,100
2025-06,255,132,04487-01682-00132,Karmarjan,264,Clients' Savings,19992196,37.27,19843213,37.63
2025-06,255,132,04487-01682-00132,Karmarjan,264,Cumulative Surplus,26881814,50.12,26698492,50.63
2025-06,255,132,04487-01682-00132,Karmarjan,264,Other Fund,6764767,12.61,6195879,11.75
2025-06,255,132,04487-01682-00132,Karmarjan,264,Total,53638777,100,52737584,100
2025-06,256,638,01632-02081-00638,Khandaker Kallyan Trust and Organization,264,Clients' Savings,1942236,44.78,1696765,37.5
2025-06,256,638,01632-02081-00638,Khandaker Kallyan Trust and Organization,264,Other loans,,0.0,200000,4.42
2025-06,256,638,01632-02081-00638,Khandaker Kallyan Trust and Organization,264,Cumulative Surplus,1112133,25.64,2373095,52.45
2025-06,256,638,01632-02081-00638,Khandaker Kallyan Trust and Organization,264,Other Fund,1283301,29.59,255000,5.64
2025-06,256,638,01632-02081-00638,Khandaker Kallyan Trust and Organization,264,Total,4337670,100,4524860,100
2025-06,257,601,02196-00957-00601,Khandokhetro Samajic Unnayan Sangstha (K.S.D.O.),264,Clients' Savings,4875721,22.41,5276113,23.92
2025-06,257,601,02196-00957-00601,Khandokhetro Samajic Unnayan Sangstha (K.S.D.O.),264,Donors' Fund,5866000,26.96,5866000,26.59
2025-06,257,601,02196-00957-00601,Khandokhetro Samajic Unnayan Sangstha (K.S.D.O.),264,Cumulative Surplus,9858015,45.31,9853008,44.67
2025-06,257,601,02196-00957-00601,Khandokhetro Samajic Unnayan Sangstha (K.S.D.O.),264,Other Fund,1156146,5.31,1064440,4.83
2025-06,257,601,02196-00957-00601,Khandokhetro Samajic Unnayan Sangstha (K.S.D.O.),264,Total,21755882,100,22059561,100
2025-06,258,35,01222-00357-00035,Khulna Mukti Seba Sangstha (KMSS),264,Clients' Savings,35713858,19.02,40355338,21.76
2025-06,258,35,01222-00357-00035,Khulna Mukti Seba Sangstha (KMSS),264,Loan from Other MFIs,8150000,4.34,,0.0
2025-06,258,35,01222-00357-00035,Khulna Mukti Seba Sangstha (KMSS),264,Loan from Commercial Banks,,0.0,32569314,17.56
2025-06,258,35,01222-00357-00035,Khulna Mukti Seba Sangstha (KMSS),264,Other loans,76527509,40.75,47441115,25.59
2025-06,258,35,01222-00357-00035,Khulna Mukti Seba Sangstha (KMSS),264,Cumulative Surplus,59172642,31.51,58852346,31.74
2025-06,258,35,01222-00357-00035,Khulna Mukti Seba Sangstha (KMSS),264,Other Fund,8215074,4.37,6206416,3.35
2025-06,258,35,01222-00357-00035,Khulna Mukti Seba Sangstha (KMSS),264,Total,187779083,100,185424529,100
2025-06,259,309,01404-00160-00309,KPUS (Kushtia Palli Unnayan Sangstha),265,Clients' Savings,185561181,30.49,163016853,27.34
2025-06,259,309,01404-00160-00309,KPUS (Kushtia Palli Unnayan Sangstha),265,Loan from PKSF,252191658,41.44,259133327,43.45
2025-06,259,309,01404-00160-00309,KPUS (Kushtia Palli Unnayan Sangstha),265,Loan from Commercial Banks,39239397,6.45,53348459,8.95
2025-06,259,309,01404-00160-00309,KPUS (Kushtia Palli Unnayan Sangstha),265,Cumulative Surplus,101456901,16.67,89905735,15.08
2025-06,259,309,01404-00160-00309,KPUS (Kushtia Palli Unnayan Sangstha),265,Other Fund,30106686,4.95,30932787,5.19
2025-06,259,309,01404-00160-00309,KPUS (Kushtia Palli Unnayan Sangstha),265,Total,608555823,100,596337161,100
2025-06,260,639,02774-00112-00639,Lal Hossain Chowdhury Memorial Foundation,265,Clients' Savings,5696054,47.12,7066788,52.28
2025-06,260,639,02774-00112-00639,Lal Hossain Chowdhury Memorial Foundation,265,Other loans,6997400,57.88,6635400,49.09
2025-06,260,639,02774-00112-00639,Lal Hossain Chowdhury Memorial Foundation,265,Cumulative Surplus,-7009819,-57.99,-6470198,-47.87
2025-06,260,639,02774-00112-00639,Lal Hossain Chowdhury Memorial Foundation,265,Other Fund,6405338,52.98,6285319,46.5
2025-06,260,639,02774-00112-00639,Lal Hossain Chowdhury Memorial Foundation,265,Total,12088973,100,13517309,100
2025-06,261,286,00037-01156-00286,Leya Health & Education Development Foundation,265,Clients' Savings,7661156,26.27,2130357,9.67
2025-06,261,286,00037-01156-00286,Leya Health & Education Development Foundation,265,Loan from PKSF,15043500,51.59,15153500,68.82
2025-06,261,286,00037-01156-00286,Leya Health & Education Development Foundation,265,Other loans,,0.0,285000,1.29
2025-06,261,286,00037-01156-00286,Leya Health & Education Development Foundation,265,Cumulative Surplus,3928748,13.47,4166330,18.92
2025-06,261,286,00037-01156-00286,Leya Health & Education Development Foundation,265,Other Fund,2527450,8.67,284659,1.29
2025-06,261,286,00037-01156-00286,Leya Health & Education Development Foundation,265,Total,29160854,100,22019846,100
2025-06,262,774,21112-00583-00774,Light House,265,Clients' Savings,21038880,24.69,17154416,23.87
2025-06,262,774,21112-00583-00774,Light House,265,Loan from Commercial Banks,50000000,58.68,35000000,48.71
2025-06,262,774,21112-00583-00774,Light House,265,Other loans,,0.0,6307235,8.78
2025-06,262,774,21112-00583-00774,Light House,265,Cumulative Surplus,5676454,6.66,5480289,7.63
2025-06,262,774,21112-00583-00774,Light House,265,Other Fund,8499302,9.97,7910995,11.01
2025-06,262,774,21112-00583-00774,Light House,265,Total,85214635,100,71852935,100
2025-06,263,721,02073-00518-00721,Local Development Program (LDP),265,Clients' Savings,31497752,22.73,26512863,30.31
2025-06,263,721,02073-00518-00721,Local Development Program (LDP),265,Loan from Other MFIs,,0.0,300000,0.34
2025-06,263,721,02073-00518-00721,Local Development Program (LDP),265,Other loans,700000,0.51,2400000,2.74
2025-06,263,721,02073-00518-00721,Local Development Program (LDP),265,Cumulative Surplus,20098930,14.51,17286786,19.76
2025-06,263,721,02073-00518-00721,Local Development Program (LDP),265,Other Fund,86247168,62.25,40978000,46.84
2025-06,263,721,02073-00518-00721,Local Development Program (LDP),265,Total,138543850,100,87477649,100
2025-06,264,238,01481-01211-00238,Local Initiative for Empowerment (LIFE),265,Clients' Savings,3945721,36.9,3602854,39.04
2025-06,264,238,01481-01211-00238,Local Initiative for Empowerment (LIFE),265,Other loans,2397562,22.42,1652105,17.9
2025-06,264,238,01481-01211-00238,Local Initiative for Empowerment (LIFE),265,Cumulative Surplus,3347233,31.3,3093266,33.52
2025-06,264,238,01481-01211-00238,Local Initiative for Empowerment (LIFE),265,Other Fund,1003864,9.39,879778,9.53
2025-06,264,238,01481-01211-00238,Local Initiative for Empowerment (LIFE),265,Total,10694380,100,9228003,100
2025-06,265,72,03701-02567-00072,LUSTRE,265,Clients' Savings,7385134,26.31,8566758,25.15
2025-06,265,72,03701-02567-00072,LUSTRE,265,Other loans,14371806,51.21,19761100,58.02
2025-06,265,72,03701-02567-00072,LUSTRE,265,Cumulative Surplus,4473849,15.94,3905092,11.47
2025-06,265,72,03701-02567-00072,LUSTRE,265,Other Fund,1836349,6.54,1826411,5.36
2025-06,265,72,03701-02567-00072,LUSTRE,265,Total,28067138,100,34059361,100
2025-06,266,218,00927-01082-00218,Mamata,265,Clients' Savings,3234970043,44.74,2992514690,45.25
2025-06,266,218,00927-01082-00218,Mamata,265,Loan from PKSF,1696916644,23.47,1242733309,18.79
2025-06,266,218,00927-01082-00218,Mamata,265,Loan from Other MFIs,75632932,1.05,67619572,1.02
2025-06,266,218,00927-01082-00218,Mamata,265,Loan from Commercial Banks,434546051,6.01,640578307,9.69
2025-06,266,218,00927-01082-00218,Mamata,265,Other loans,55898604,0.77,73187096,1.11
2025-06,266,218,00927-01082-00218,Mamata,265,Cumulative Surplus,1554725806,21.5,1434297365,21.69
2025-06,266,218,00927-01082-00218,Mamata,265,Other Fund,178548340,2.47,162179100,2.45
2025-06,266,218,00927-01082-00218,Mamata,265,Total,7231238420,100,6613109439,100
2025-06,267,716,02169-02573-00716,Manab Kallayan Sangstha Comilla (MAKS COMILLA),266,Clients' Savings,1021262,7.43,1278670,9.5
2025-06,267,716,02169-02573-00716,Manab Kallayan Sangstha Comilla (MAKS COMILLA),266,Loan from Commercial Banks,6197596,45.08,4070563,30.25
2025-06,267,716,02169-02573-00716,Manab Kallayan Sangstha Comilla (MAKS COMILLA),266,Other loans,5200611,37.83,6863981,51.01
2025-06,267,716,02169-02573-00716,Manab Kallayan Sangstha Comilla (MAKS COMILLA),266,Cumulative Surplus,1328251,9.66,1242670,9.24
2025-06,267,716,02169-02573-00716,Manab Kallayan Sangstha Comilla (MAKS COMILLA),266,Total,13747720,100,13455884,100
2025-06,268,762,21112-00001-00762,Manab Mukti Sangstha,266,Clients' Savings,612915657,30.69,496991518,27.25
2025-06,268,762,21112-00001-00762,Manab Mukti Sangstha,266,Loan from PKSF,720000002,36.05,836366664,45.86
2025-06,268,762,21112-00001-00762,Manab Mukti Sangstha,266,Other loans,13437500,0.67,13437500,0.74
2025-06,268,762,21112-00001-00762,Manab Mukti Sangstha,266,Cumulative Surplus,463960681,23.23,388037601,21.28
2025-06,268,762,21112-00001-00762,Manab Mukti Sangstha,266,Other Fund,186893818,9.36,89014553,4.88
2025-06,268,762,21112-00001-00762,Manab Mukti Sangstha,266,Total,1997207658,100,1823847836,100
2025-06,269,359,04591-03510-00359,Manab Sampad Unnayan Kendra,266,Clients' Savings,76677348,23.79,58542191,24.16
2025-06,269,359,04591-03510-00359,Manab Sampad Unnayan Kendra,266,Loan from PKSF,184899483,57.36,139566646,57.6
2025-06,269,359,04591-03510-00359,Manab Sampad Unnayan Kendra,266,Other loans,6516880,2.02,3120000,1.29
2025-06,269,359,04591-03510-00359,Manab Sampad Unnayan Kendra,266,Cumulative Surplus,42874937,13.3,31766332,13.11
2025-06,269,359,04591-03510-00359,Manab Sampad Unnayan Kendra,266,Other Fund,11404751,3.54,9311981,3.84
2025-06,269,359,04591-03510-00359,Manab Sampad Unnayan Kendra,266,Total,322373399,100,242307150,100
2025-06,270,339,03352-01574-00339,Manab Seba Ovijan,266,Clients' Savings,164440198,41.33,144127673,36.16
2025-06,270,339,03352-01574-00339,Manab Seba Ovijan,266,Loan from PKSF,96016667,24.13,27950000,7.01
2025-06,270,339,03352-01574-00339,Manab Seba Ovijan,266,Loan from Commercial Banks,2854215,0.72,23138955,5.8
2025-06,270,339,03352-01574-00339,Manab Seba Ovijan,266,Other loans,,0.0,93670000,23.5
2025-06,270,339,03352-01574-00339,Manab Seba Ovijan,266,Cumulative Surplus,90309725,22.7,58013905,14.55
2025-06,270,339,03352-01574-00339,Manab Seba Ovijan,266,Other Fund,44275510,11.13,51720020,12.97
2025-06,270,339,03352-01574-00339,Manab Seba Ovijan,266,Total,397896315,100,398620553,100
2025-06,271,686,04615-00668-00686,Manab Unnayan Kendra,266,Clients' Savings,7801472,21.02,7897294,21.07
2025-06,271,686,04615-00668-00686,Manab Unnayan Kendra,266,Other loans,9646000,26.0,11901000,31.76
2025-06,271,686,04615-00668-00686,Manab Unnayan Kendra,266,Cumulative Surplus,16442238,44.31,14684971,39.19
2025-06,271,686,04615-00668-00686,Manab Unnayan Kendra,266,Other Fund,3217230,8.67,2989234,7.98
2025-06,271,686,04615-00668-00686,Manab Unnayan Kendra,266,Total,37106940,100,37472499,100
2025-06,272,233,00165-01033-00233,Manabik Shahajya Sangstha (MSS),266,Clients' Savings,2513380971,35.41,2216172432,35.03
2025-06,272,233,00165-01033-00233,Manabik Shahajya Sangstha (MSS),266,Loan from PKSF,635000000,8.95,207041667,3.27
2025-06,272,233,00165-01033-00233,Manabik Shahajya Sangstha (MSS),266,Loan from Govt.,580000000,8.17,580000000,9.17
2025-06,272,233,00165-01033-00233,Manabik Shahajya Sangstha (MSS),266,Loan from Commercial Banks,781553465,11.01,788771087,12.47
2025-06,272,233,00165-01033-00233,Manabik Shahajya Sangstha (MSS),266,Other loans,29368193,0.41,151164980,2.39
2025-06,272,233,00165-01033-00233,Manabik Shahajya Sangstha (MSS),266,Donors' Fund,,0.0,14372687,0.23
2025-06,272,233,00165-01033-00233,Manabik Shahajya Sangstha (MSS),266,Cumulative Surplus,2400282221,33.81,2323925008,36.73
2025-06,272,233,00165-01033-00233,Manabik Shahajya Sangstha (MSS),266,Other Fund,158857827,2.24,44899526,0.71
2025-06,272,233,00165-01033-00233,Manabik Shahajya Sangstha (MSS),266,Total,7098442677,100,6326347387,100
2025-06,273,777,21112-00181-00777,Manikganj Unnayan Songstha (Maus),266,Clients' Savings,7649620,44.03,8393218,46.21
2025-06,273,777,21112-00181-00777,Manikganj Unnayan Songstha (Maus),266,Other loans,7681500,44.21,,0.0
2025-06,273,777,21112-00181-00777,Manikganj Unnayan Songstha (Maus),266,Cumulative Surplus,1702266,9.8,2082025,11.46
2025-06,273,777,21112-00181-00777,Manikganj Unnayan Songstha (Maus),266,Other Fund,341158,1.96,7687880,42.33
2025-06,273,777,21112-00181-00777,Manikganj Unnayan Songstha (Maus),266,Total,17374544,100,18163123,100
2025-06,274,67,03457-02024-00067,Manob Sakti Unnayan Kendro (MSUK),267,Clients' Savings,52090456,21.41,49585329,20.47
2025-06,274,67,03457-02024-00067,Manob Sakti Unnayan Kendro (MSUK),267,Loan from Commercial Banks,15000000,6.16,29633858,12.23
2025-06,274,67,03457-02024-00067,Manob Sakti Unnayan Kendro (MSUK),267,Donors' Fund,80004000,32.88,80004000,33.03
2025-06,274,67,03457-02024-00067,Manob Sakti Unnayan Kendro (MSUK),267,Cumulative Surplus,67897696,27.9,58157695,24.01
2025-06,274,67,03457-02024-00067,Manob Sakti Unnayan Kendro (MSUK),267,Other Fund,28343689,11.65,24864363,10.26
2025-06,274,67,03457-02024-00067,Manob Sakti Unnayan Kendro (MSUK),267,Total,243335841,100,242245245,100
2025-06,275,618,02279-01355-00618,Maitree Seba Sangstha (matreeseba),267,Clients' Savings,4830073,56.6,4753391,58.22
2025-06,275,618,02279-01355-00618,Maitree Seba Sangstha (matreeseba),267,Other loans,2890314,33.87,2679499,32.82
2025-06,275,618,02279-01355-00618,Maitree Seba Sangstha (matreeseba),267,Cumulative Surplus,339579,3.98,287244,3.52
2025-06,275,618,02279-01355-00618,Maitree Seba Sangstha (matreeseba),267,Other Fund,473599,5.55,443979,5.44
2025-06,275,618,02279-01355-00618,Maitree Seba Sangstha (matreeseba),267,Total,8533565,100,8164113,100
2025-06,276,651,00678-00342-00651,Mirzapur Paribesh Unnayan Foundation,267,Clients' Savings,11584020,17.17,12399901,15.88
2025-06,276,651,00678-00342-00651,Mirzapur Paribesh Unnayan Foundation,267,Other loans,,0.0,37880,0.05
2025-06,276,651,00678-00342-00651,Mirzapur Paribesh Unnayan Foundation,267,Cumulative Surplus,5028452,7.45,2087436,2.67
2025-06,276,651,00678-00342-00651,Mirzapur Paribesh Unnayan Foundation,267,Other Fund,50864096,75.38,63546294,81.39
2025-06,276,651,00678-00342-00651,Mirzapur Paribesh Unnayan Foundation,267,Total,67476568,100,78071511,100
2025-06,277,450,01465-02227-00450,Modern Development Organization (MDO),267,Clients' Savings,294541785,29.66,220820920,29.29
2025-06,277,450,01465-02227-00450,Modern Development Organization (MDO),267,Loan from PKSF,499966665,50.35,358733331,47.58
2025-06,277,450,01465-02227-00450,Modern Development Organization (MDO),267,Loan from Commercial Banks,,0.0,19100000,2.53
2025-06,277,450,01465-02227-00450,Modern Development Organization (MDO),267,Cumulative Surplus,153317665,15.44,114816843,15.23
2025-06,277,450,01465-02227-00450,Modern Development Organization (MDO),267,Other Fund,45193310,4.55,40496372,5.37
2025-06,277,450,01465-02227-00450,Modern Development Organization (MDO),267,Total,993019425,100,753967466,100
2025-06,278,363,03703-01005-00363,Mohila Bohumukhi Shikkha Kendra (Mohila Bohumukhi Shikkha Kendra),267,Clients' Savings,528927953,27.76,516668933,29.98
2025-06,278,363,03703-01005-00363,Mohila Bohumukhi Shikkha Kendra (Mohila Bohumukhi Shikkha Kendra),267,Loan from PKSF,694158336,36.43,581608335,33.75
2025-06,278,363,03703-01005-00363,Mohila Bohumukhi Shikkha Kendra (Mohila Bohumukhi Shikkha Kendra),267,Other loans,,0.0,113158411,6.57
2025-06,278,363,03703-01005-00363,Mohila Bohumukhi Shikkha Kendra (Mohila Bohumukhi Shikkha Kendra),267,Donors' Fund,95395,0.01,,0.0
2025-06,278,363,03703-01005-00363,Mohila Bohumukhi Shikkha Kendra (Mohila Bohumukhi Shikkha Kendra),267,Cumulative Surplus,455721121,23.92,511386983,29.67
2025-06,278,363,03703-01005-00363,Mohila Bohumukhi Shikkha Kendra (Mohila Bohumukhi Shikkha Kendra),267,Other Fund,226337505,11.88,580906,0.03
2025-06,278,363,03703-01005-00363,Mohila Bohumukhi Shikkha Kendra (Mohila Bohumukhi Shikkha Kendra),267,Total,1905240310,100,1723403568,100
2025-06,279,795,21112-00164-00795,MOHISHBATHAN SAMAJ KALLAYAN SAMITI,267,Clients' Savings,9324360,21.82,7706837,20.69
2025-06,279,795,21112-00164-00795,MOHISHBATHAN SAMAJ KALLAYAN SAMITI,267,Loan from Other MFIs,,0.0,333334,0.89
2025-06,279,795,21112-00164-00795,MOHISHBATHAN SAMAJ KALLAYAN SAMITI,267,Loan from Commercial Banks,2666265,6.24,500000,1.34
2025-06,279,795,21112-00164-00795,MOHISHBATHAN SAMAJ KALLAYAN SAMITI,267,Other loans,4700000,11.0,4700000,12.62
2025-06,279,795,21112-00164-00795,MOHISHBATHAN SAMAJ KALLAYAN SAMITI,267,Cumulative Surplus,22284906,52.15,20861704,56.0
2025-06,279,795,21112-00164-00795,MOHISHBATHAN SAMAJ KALLAYAN SAMITI,267,Other Fund,3759602,8.8,3152661,8.46
2025-06,279,795,21112-00164-00795,MOHISHBATHAN SAMAJ KALLAYAN SAMITI,267,Total,42735133,100,37254536,100
2025-06,280,223,00785-00079-00223,Mother Advancement Assistance (MAA),267,Clients' Savings,11455498,55.48,12368212,49.22
2025-06,280,223,00785-00079-00223,Mother Advancement Assistance (MAA),267,Loan from Commercial Banks,,0.0,3040983,12.1
2025-06,280,223,00785-00079-00223,Mother Advancement Assistance (MAA),267,Other loans,1975000,9.56,2465000,9.81
2025-06,280,223,00785-00079-00223,Mother Advancement Assistance (MAA),267,Cumulative Surplus,3548556,17.19,3515422,13.99
2025-06,280,223,00785-00079-00223,Mother Advancement Assistance (MAA),267,Other Fund,3669841,17.77,3741076,14.89
2025-06,280,223,00785-00079-00223,Mother Advancement Assistance (MAA),267,Total,20648895,100,25130693,100
2025-06,281,586,00295-00985-00586,Moulik Babosthapona Sangstha (BMS),268,Clients' Savings,8003418,24.98,5794104,21.87
2025-06,281,586,00295-00985-00586,Moulik Babosthapona Sangstha (BMS),268,Other loans,17341561,54.13,14400000,54.36
2025-06,281,586,00295-00985-00586,Moulik Babosthapona Sangstha (BMS),268,Cumulative Surplus,3106074,9.7,3031871,11.45
2025-06,281,586,00295-00985-00586,Moulik Babosthapona Sangstha (BMS),268,Other Fund,3584773,11.19,3262861,12.32
2025-06,281,586,00295-00985-00586,Moulik Babosthapona Sangstha (BMS),268,Total,32035826,100,26488836,100
2025-06,282,240,00563-00229-00240,Mousumi,268,Clients' Savings,1099090303,30.55,769064036,32.11
2025-06,282,240,00563-00229-00240,Mousumi,268,Loan from PKSF,1164229991,32.36,830074991,34.66
2025-06,282,240,00563-00229-00240,Mousumi,268,Loan from Govt.,18571428,0.52,,0.0
2025-06,282,240,00563-00229-00240,Mousumi,268,Loan from Commercial Banks,265497712,7.38,23573959,0.98
2025-06,282,240,00563-00229-00240,Mousumi,268,Cumulative Surplus,772915410,21.49,564968527,23.59
2025-06,282,240,00563-00229-00240,Mousumi,268,Other Fund,276986693,7.7,207063746,8.65
2025-06,282,240,00563-00229-00240,Mousumi,268,Total,3597291537,100,2394745259,100
2025-06,283,272,00908-00278-00272,Mukti Cox’sbazar,268,Clients' Savings,315140521,36.13,248536237,35.64
2025-06,283,272,00908-00278-00272,Mukti Cox’sbazar,268,Loan from PKSF,376287493,43.14,317633326,45.54
2025-06,283,272,00908-00278-00272,Mukti Cox’sbazar,268,Other loans,20000000,2.29,,0.0
2025-06,283,272,00908-00278-00272,Mukti Cox’sbazar,268,Cumulative Surplus,117717425,13.49,105259967,15.09
2025-06,283,272,00908-00278-00272,Mukti Cox’sbazar,268,Other Fund,43184856,4.95,26003236,3.73
2025-06,283,272,00908-00278-00272,Mukti Cox’sbazar,268,Total,872330295,100,697432766,100
2025-06,284,381,05793-02095-00381,Mukti Foundation,268,Clients' Savings,2637557,60.07,2723565,61.42
2025-06,284,381,05793-02095-00381,Mukti Foundation,268,Other loans,100000,2.28,100000,2.26
2025-06,284,381,05793-02095-00381,Mukti Foundation,268,Cumulative Surplus,1653571,37.66,1610950,36.33
2025-06,284,381,05793-02095-00381,Mukti Foundation,268,Total,4391128,100,4434515,100
2025-06,285,306,01119-00936-00306,Muktipath Unnayan Kendra,268,Clients' Savings,325835959,52.37,300981840,48.93
2025-06,285,306,01119-00936-00306,Muktipath Unnayan Kendra,268,Loan from PKSF,88699996,14.26,99849996,16.23
2025-06,285,306,01119-00936-00306,Muktipath Unnayan Kendra,268,Cumulative Surplus,207627234,33.37,194911532,31.69
2025-06,285,306,01119-00936-00306,Muktipath Unnayan Kendra,268,Other Fund,,0.0,19357936,3.15
2025-06,285,306,01119-00936-00306,Muktipath Unnayan Kendra,268,Total,622163189,100,615101304,100
2025-06,286,368,02764-00738-00368,Muslim Aid-Bangladesh,268,Clients' Savings,752204401,59.26,687009518,56.81
2025-06,286,368,02764-00738-00368,Muslim Aid-Bangladesh,268,Loan from Commercial Banks,7777461,0.61,36417689,3.01
2025-06,286,368,02764-00738-00368,Muslim Aid-Bangladesh,268,Other loans,,0.0,20247236,1.67
2025-06,286,368,02764-00738-00368,Muslim Aid-Bangladesh,268,Donors' Fund,18509277,1.46,,0.0
2025-06,286,368,02764-00738-00368,Muslim Aid-Bangladesh,268,Cumulative Surplus,280867473,22.13,287295695,23.76
2025-06,286,368,02764-00738-00368,Muslim Aid-Bangladesh,268,Other Fund,209889489,16.54,178421818,14.75
2025-06,286,368,02764-00738-00368,Muslim Aid-Bangladesh,268,Total,1269248101,100,1209391956,100
2025-06,287,158,01045-00591-00158,Nabolok Parishad,268,Clients' Savings,611989408,25.7,527721410,25.66
2025-06,287,158,01045-00591-00158,Nabolok Parishad,268,Loan from PKSF,1155953308,48.55,929913307,45.21
2025-06,287,158,01045-00591-00158,Nabolok Parishad,268,Loan from Commercial Banks,30000000,1.26,136937173,6.66
2025-06,287,158,01045-00591-00158,Nabolok Parishad,268,Cumulative Surplus,383694580,16.11,321592121,15.64
2025-06,287,158,01045-00591-00158,Nabolok Parishad,268,Other Fund,199395600,8.37,140621819,6.84
2025-06,287,158,01045-00591-00158,Nabolok Parishad,268,Total,2381032896,100,2056785830,100
2025-06,288,514,00697-02433-00514,Namuja Orthonoitik Unnayan Sangstha (NEDO),268,Clients' Savings,17445815,21.7,19163241,20.74
2025-06,288,514,00697-02433-00514,Namuja Orthonoitik Unnayan Sangstha (NEDO),268,Loan from Commercial Banks,46299355,57.58,37604527,40.69
2025-06,288,514,00697-02433-00514,Namuja Orthonoitik Unnayan Sangstha (NEDO),268,Cumulative Surplus,7475796,9.3,13121393,14.2
2025-06,288,514,00697-02433-00514,Namuja Orthonoitik Unnayan Sangstha (NEDO),268,Other Fund,9185609,11.42,22527119,24.38
2025-06,288,514,00697-02433-00514,Namuja Orthonoitik Unnayan Sangstha (NEDO),268,Total,80406575,100,92416279,100
2025-06,289,819,21112-00681-00819,Naogaon Economic & Social Development Organization (NESDO),269,Clients' Savings,75268363,24.19,92493960,23.55
2025-06,289,819,21112-00681-00819,Naogaon Economic & Social Development Organization (NESDO),269,Loan from Commercial Banks,184987755,59.46,199276941,50.73
2025-06,289,819,21112-00681-00819,Naogaon Economic & Social Development Organization (NESDO),269,Other loans,13764450,4.42,51932731,13.22
2025-06,289,819,21112-00681-00819,Naogaon Economic & Social Development Organization (NESDO),269,Cumulative Surplus,20346381,6.54,33567561,8.55
2025-06,289,819,21112-00681-00819,Naogaon Economic & Social Development Organization (NESDO),269,Other Fund,16734832,5.38,15516281,3.95
2025-06,289,819,21112-00681-00819,Naogaon Economic & Social Development Organization (NESDO),269,Total,311101781,100,392787474,100
2025-06,290,842,21112-0110-00842,Nari Development Organization (NDO),269,Clients' Savings,3635522,37.54,2925167,36.54
2025-06,290,842,21112-0110-00842,Nari Development Organization (NDO),269,Cumulative Surplus,4967567,51.29,4099256,51.21
2025-06,290,842,21112-0110-00842,Nari Development Organization (NDO),269,Other Fund,1082380,11.18,981030,12.25
2025-06,290,842,21112-0110-00842,Nari Development Organization (NDO),269,Total,9685469,100,8005453,100
2025-06,291,575,00976-03082-00575,Nari Maitree (NM),269,Clients' Savings,5154968,14.53,3783976,12.35
2025-06,291,575,00976-03082-00575,Nari Maitree (NM),269,Other loans,17252808,48.62,19518733,63.72
2025-06,291,575,00976-03082-00575,Nari Maitree (NM),269,Donors' Fund,6268519,17.66,6148519,20.07
2025-06,291,575,00976-03082-00575,Nari Maitree (NM),269,Other Fund,6809628,19.19,1180952,3.86
2025-06,291,575,00976-03082-00575,Nari Maitree (NM),269,Total,35485923,100,30632180,100
2025-06,292,149,00206-00025-00149,Nari Uddog Kendra (NUK),269,Clients' Savings,7159200,38.01,5909844,58.46
2025-06,292,149,00206-00025-00149,Nari Uddog Kendra (NUK),269,Other loans,8179006,43.43,2326224,23.01
2025-06,292,149,00206-00025-00149,Nari Uddog Kendra (NUK),269,Cumulative Surplus,1664208,8.84,603470,5.97
2025-06,292,149,00206-00025-00149,Nari Uddog Kendra (NUK),269,Other Fund,1830166,9.72,1269409,12.56
2025-06,292,149,00206-00025-00149,Nari Uddog Kendra (NUK),269,Total,18832580,100,10108947,100
2025-06,293,750,01447-01882-00750,Nari Unnayan Forum (NUF),269,Clients' Savings,4209031,34.19,3734447,14.32
2025-06,293,750,01447-01882-00750,Nari Unnayan Forum (NUF),269,Loan from Govt.,,0.0,14344464,55.01
2025-06,293,750,01447-01882-00750,Nari Unnayan Forum (NUF),269,Other loans,,0.0,3057733,11.73
2025-06,293,750,01447-01882-00750,Nari Unnayan Forum (NUF),269,Cumulative Surplus,4972272,40.4,4783263,18.34
2025-06,293,750,01447-01882-00750,Nari Unnayan Forum (NUF),269,Other Fund,3127816,25.41,155075,0.59
2025-06,293,750,01447-01882-00750,Nari Unnayan Forum (NUF),269,Total,12309119,100,26074982,100
2025-06,294,422,00046-00327-00422,Naria Unnayan Samity (NUSA),269,Clients' Savings,940811290,26.63,796803775,28.61
2025-06,294,422,00046-00327-00422,Naria Unnayan Samity (NUSA),269,Loan from PKSF,1306423468,36.98,1120647713,40.23
2025-06,294,422,00046-00327-00422,Naria Unnayan Samity (NUSA),269,Loan from Commercial Banks,408244287,11.56,169601552,6.09
2025-06,294,422,00046-00327-00422,Naria Unnayan Samity (NUSA),269,Donors' Fund,11050252,0.31,11050252,0.4
2025-06,294,422,00046-00327-00422,Naria Unnayan Samity (NUSA),269,Cumulative Surplus,633207949,17.92,501364682,18.0
2025-06,294,422,00046-00327-00422,Naria Unnayan Samity (NUSA),269,Other Fund,232864929,6.59,185917379,6.67
2025-06,294,422,00046-00327-00422,Naria Unnayan Samity (NUSA),269,Total,3532602175,100,2785385353,100
2025-06,295,123,00260-01715-00123,National Development Council (NDC),269,Clients' Savings,3684561,24.78,2924909,22.73
2025-06,295,123,00260-01715-00123,National Development Council (NDC),269,Cumulative Surplus,9979996,67.13,8971320,69.73
2025-06,295,123,00260-01715-00123,National Development Council (NDC),269,Other Fund,1202686,8.09,969416,7.53
2025-06,295,123,00260-01715-00123,National Development Council (NDC),269,Total,14867243,100,12865645,100
2025-06,296,222,01229-00332-00222,National Development Programme (NDP),269,Clients' Savings,2738442028,32.6,1898888230,27.29
2025-06,296,222,01229-00332-00222,National Development Programme (NDP),269,Loan from PKSF,1800077586,21.43,1610559374,23.15
2025-06,296,222,01229-00332-00222,National Development Programme (NDP),269,Loan from Commercial Banks,458302619,5.46,630915483,9.07
2025-06,296,222,01229-00332-00222,National Development Programme (NDP),269,Cumulative Surplus,2677220989,31.87,2225726281,31.99
2025-06,296,222,01229-00332-00222,National Development Programme (NDP),269,Other Fund,727042817,8.65,592464886,8.51
2025-06,296,222,01229-00332-00222,National Development Programme (NDP),269,Total,8401086039,100,6958554254,100
2025-06,297,646,05827-02134-00646,Nawbagonj Integrated Poverty Aleavation Foundation,270,Clients' Savings,9977452,81.88,6910611,77.6
2025-06,297,646,05827-02134-00646,Nawbagonj Integrated Poverty Aleavation Foundation,270,Cumulative Surplus,2003443,16.44,1811441,20.34
2025-06,297,646,05827-02134-00646,Nawbagonj Integrated Poverty Aleavation Foundation,270,Other Fund,204654,1.68,183320,2.06
2025-06,297,646,05827-02134-00646,Nawbagonj Integrated Poverty Aleavation Foundation,270,Total,12185549,100,8905372,100
2025-06,298,139,02489-00089-00139,Nazir (Natun Zibon Rochi),270,Clients' Savings,111250685,31.03,85607600,26.39
2025-06,298,139,02489-00089-00139,Nazir (Natun Zibon Rochi),270,Loan from PKSF,167205000,46.64,163151004,50.29
2025-06,298,139,02489-00089-00139,Nazir (Natun Zibon Rochi),270,Loan from Other MFIs,9285714,2.59,,0.0
2025-06,298,139,02489-00089-00139,Nazir (Natun Zibon Rochi),270,Other loans,,0.0,1071427,0.33
2025-06,298,139,02489-00089-00139,Nazir (Natun Zibon Rochi),270,Donors' Fund,1330000,0.37,1330000,0.41
2025-06,298,139,02489-00089-00139,Nazir (Natun Zibon Rochi),270,Cumulative Surplus,60452857,16.86,52689972,16.24
2025-06,298,139,02489-00089-00139,Nazir (Natun Zibon Rochi),270,Other Fund,9003178,2.51,20580347,6.34
2025-06,298,139,02489-00089-00139,Nazir (Natun Zibon Rochi),270,Total,358527434,100,324430350,100
2025-06,299,711,02786-01857-00711,Nazrul Smriti Sangsad (NSS),270,Clients' Savings,8103496,33.93,8296471,35.74
2025-06,299,711,02786-01857-00711,Nazrul Smriti Sangsad (NSS),270,Other loans,5825887,24.4,5101674,21.98
2025-06,299,711,02786-01857-00711,Nazrul Smriti Sangsad (NSS),270,Cumulative Surplus,8263723,34.6,8184598,35.26
2025-06,299,711,02786-01857-00711,Nazrul Smriti Sangsad (NSS),270,Other Fund,1688337,7.07,1629050,7.02
2025-06,299,711,02786-01857-00711,Nazrul Smriti Sangsad (NSS),270,Total,23881443,100,23211793,100
2025-06,300,508,01666-00838-00508,NEDA Society,270,Clients' Savings,10058550,26.18,9314447,26.44
2025-06,300,508,01666-00838-00508,NEDA Society,270,Loan from Commercial Banks,5000000,13.02,5000000,14.19
2025-06,300,508,01666-00838-00508,NEDA Society,270,Other loans,,0.0,5630650,15.98
2025-06,300,508,01666-00838-00508,NEDA Society,270,Cumulative Surplus,18992299,49.44,14016259,39.78
2025-06,300,508,01666-00838-00508,NEDA Society,270,Other Fund,4364946,11.36,1269482,3.6
2025-06,300,508,01666-00838-00508,NEDA Society,270,Total,38415795,100,35230838,100
2025-06,301,61,02408-01107-00061,New Era Foundation,270,Clients' Savings,421904998,32.22,366423294,32.81
2025-06,301,61,02408-01107-00061,New Era Foundation,270,Loan from PKSF,468416649,35.77,390551651,34.97
2025-06,301,61,02408-01107-00061,New Era Foundation,270,Loan from Commercial Banks,,0.0,30734961,2.75
2025-06,301,61,02408-01107-00061,New Era Foundation,270,Cumulative Surplus,325257602,24.84,262726007,23.53
2025-06,301,61,02408-01107-00061,New Era Foundation,270,Other Fund,93984312,7.18,66298994,5.94
2025-06,301,61,02408-01107-00061,New Era Foundation,270,Total,1309563561,100,1116734907,100
2025-06,302,566,01053-01207-00566,New Initiative for Empowerment of the Poor,270,Clients' Savings,22268720,36.49,25664193,41.94
2025-06,302,566,01053-01207-00566,New Initiative for Empowerment of the Poor,270,Other loans,11600443,19.01,10200443,16.67
2025-06,302,566,01053-01207-00566,New Initiative for Empowerment of the Poor,270,Cumulative Surplus,22541185,36.94,21144674,34.55
2025-06,302,566,01053-01207-00566,New Initiative for Empowerment of the Poor,270,Other Fund,4610434,7.56,4189453,6.85
2025-06,302,566,01053-01207-00566,New Initiative for Empowerment of the Poor,270,Total,61020782,100,61198763,100
2025-06,303,863,21112-00247-00863,NICE SOCIAL WELFARE Organization (NSWO),270,Clients' Savings,3897153,24.13,3499499,25.05
2025-06,303,863,21112-00247-00863,NICE SOCIAL WELFARE Organization (NSWO),270,Other loans,,0.0,325215,2.33
2025-06,303,863,21112-00247-00863,NICE SOCIAL WELFARE Organization (NSWO),270,Cumulative Surplus,10784453,66.77,8932240,63.93
2025-06,303,863,21112-00247-00863,NICE SOCIAL WELFARE Organization (NSWO),270,Other Fund,1470030,9.1,1215781,8.7
2025-06,303,863,21112-00247-00863,NICE SOCIAL WELFARE Organization (NSWO),270,Total,16151636,100,13972735,100
2025-06,304,602,02837-01724-00602,Nirapad Islami Gram Unnayan Sangstha (NIGUS),270,Clients' Savings,48035172,33.77,37736692,28.55
2025-06,304,602,02837-01724-00602,Nirapad Islami Gram Unnayan Sangstha (NIGUS),270,Loan from Other MFIs,,0.0,45366639,34.32
2025-06,304,602,02837-01724-00602,Nirapad Islami Gram Unnayan Sangstha (NIGUS),270,Other loans,259717,0.18,,0.0
2025-06,304,602,02837-01724-00602,Nirapad Islami Gram Unnayan Sangstha (NIGUS),270,Cumulative Surplus,31630694,22.24,27076633,20.49
2025-06,304,602,02837-01724-00602,Nirapad Islami Gram Unnayan Sangstha (NIGUS),270,Other Fund,62320366,43.81,21992364,16.64
2025-06,304,602,02837-01724-00602,Nirapad Islami Gram Unnayan Sangstha (NIGUS),270,Total,142245949,100,132172328,100
2025-06,305,675,02611-01592-00675,Nirapod Samaj (NS),271,Clients' Savings,19622277,22.36,17413341,22.58
2025-06,305,675,02611-01592-00675,Nirapod Samaj (NS),271,Other loans,54533600,62.14,47803000,61.99
2025-06,305,675,02611-01592-00675,Nirapod Samaj (NS),271,Cumulative Surplus,10145428,11.56,8957809,11.62
2025-06,305,675,02611-01592-00675,Nirapod Samaj (NS),271,Other Fund,3453604,3.94,2942822,3.82
2025-06,305,675,02611-01592-00675,Nirapod Samaj (NS),271,Total,87754909,100,77116972,100
2025-06,306,535,01489-03241-00535,Nirman Sangathan (NS),271,Clients' Savings,18636676,25.62,14632572,35.01
2025-06,306,535,01489-03241-00535,Nirman Sangathan (NS),271,Other loans,45528552,62.59,18110000,43.33
2025-06,306,535,01489-03241-00535,Nirman Sangathan (NS),271,Cumulative Surplus,7724552,10.62,6075606,14.54
2025-06,306,535,01489-03241-00535,Nirman Sangathan (NS),271,Other Fund,846945,1.16,2977186,7.12
2025-06,306,535,01489-03241-00535,Nirman Sangathan (NS),271,Total,72736725,100,41795364,100
2025-06,307,580,01021-00508-00580,Nirmol Foundation (nirmolf),271,Clients' Savings,3279087,38.2,3291894,38.46
2025-06,307,580,01021-00508-00580,Nirmol Foundation (nirmolf),271,Other loans,,0.0,85013,0.99
2025-06,307,580,01021-00508-00580,Nirmol Foundation (nirmolf),271,Donors' Fund,3224249,37.56,3224249,37.67
2025-06,307,580,01021-00508-00580,Nirmol Foundation (nirmolf),271,Cumulative Surplus,1215858,14.16,1149386,13.43
2025-06,307,580,01021-00508-00580,Nirmol Foundation (nirmolf),271,Other Fund,864567,10.07,808077,9.44
2025-06,307,580,01021-00508-00580,Nirmol Foundation (nirmolf),271,Total,8583761,100,8558619,100
2025-06,308,378,02867-00786-00378,Nishkriti,271,Clients' Savings,158988853,54.2,141552284,50.91
2025-06,308,378,02867-00786-00378,Nishkriti,271,Loan from Commercial Banks,,0.0,2955841,1.06
2025-06,308,378,02867-00786-00378,Nishkriti,271,Other loans,25791492,8.79,25625505,9.22
2025-06,308,378,02867-00786-00378,Nishkriti,271,Cumulative Surplus,80560853,27.46,78252106,28.14
2025-06,308,378,02867-00786-00378,Nishkriti,271,Other Fund,28006050,9.55,29664647,10.67
2025-06,308,378,02867-00786-00378,Nishkriti,271,Total,293347248,100,278050383,100
2025-06,309,352,02640-01133-00352,Niskrity Foundation,271,Clients' Savings,73910244,77.03,59175630,74.53
2025-06,309,352,02640-01133-00352,Niskrity Foundation,271,Cumulative Surplus,12960807,13.51,12333407,15.53
2025-06,309,352,02640-01133-00352,Niskrity Foundation,271,Other Fund,9080631,9.46,7892941,9.94
2025-06,309,352,02640-01133-00352,Niskrity Foundation,271,Total,95951682,100,79401978,100
2025-06,310,392,02475-01522-00392,Noakhali Rural Action Society (N- RAS),271,Clients' Savings,10661141,25.38,8250548,37.88
2025-06,310,392,02475-01522-00392,Noakhali Rural Action Society (N- RAS),271,Loan from Other MFIs,,0.0,4140633,19.01
2025-06,310,392,02475-01522-00392,Noakhali Rural Action Society (N- RAS),271,Other loans,6001665,14.29,4750000,21.81
2025-06,310,392,02475-01522-00392,Noakhali Rural Action Society (N- RAS),271,Donors' Fund,3602791,8.58,,0.0
2025-06,310,392,02475-01522-00392,Noakhali Rural Action Society (N- RAS),271,Cumulative Surplus,1917977,4.57,3588437,16.48
2025-06,310,392,02475-01522-00392,Noakhali Rural Action Society (N- RAS),271,Other Fund,19828436,47.2,1050000,4.82
2025-06,310,392,02475-01522-00392,Noakhali Rural Action Society (N- RAS),271,Total,42012010,100,21779618,100
2025-06,311,116,01514-02005-00116,Noakhali Rural Development Society,271,Clients' Savings,1565205862,48.68,1375763205,48.95
2025-06,311,116,01514-02005-00116,Noakhali Rural Development Society,271,Loan from Commercial Banks,365746307,11.38,319994858,11.39
2025-06,311,116,01514-02005-00116,Noakhali Rural Development Society,271,Other loans,70000000,2.18,70000000,2.49
2025-06,311,116,01514-02005-00116,Noakhali Rural Development Society,271,Cumulative Surplus,975008102,30.33,853965649,30.39
2025-06,311,116,01514-02005-00116,Noakhali Rural Development Society,271,Other Fund,239206754,7.44,190753349,6.79
2025-06,311,116,01514-02005-00116,Noakhali Rural Development Society,271,Total,3215167025,100,2810477061,100
2025-06,312,418,01361-00347-00418,Noble Education & Literary Society,272,Clients' Savings,59239606,19.3,40881500,20.17
2025-06,312,418,01361-00347-00418,Noble Education & Literary Society,272,Loan from PKSF,193250000,62.96,123800000,61.09
2025-06,312,418,01361-00347-00418,Noble Education & Literary Society,272,Cumulative Surplus,43581934,14.2,29741596,14.68
2025-06,312,418,01361-00347-00418,Noble Education & Literary Society,272,Other Fund,10849228,3.53,8240634,4.07
2025-06,312,418,01361-00347-00418,Noble Education & Literary Society,272,Total,306920768,100,202663730,100
2025-06,313,166,01510-00598-00166,Nobo Jibon,272,Clients' Savings,14792425,27.41,17193674,35.88
2025-06,313,166,01510-00598-00166,Nobo Jibon,272,Loan from Commercial Banks,,0.0,24550000,51.23
2025-06,313,166,01510-00598-00166,Nobo Jibon,272,Other loans,34155500,63.28,,0.0
2025-06,313,166,01510-00598-00166,Nobo Jibon,272,Cumulative Surplus,3097651,5.74,999543,2.09
2025-06,313,166,01510-00598-00166,Nobo Jibon,272,Other Fund,1926245,3.57,5180741,10.81
2025-06,313,166,01510-00598-00166,Nobo Jibon,272,Total,53971821,100,47923958,100
2025-06,314,884,32021-00049-00884,Nobojatra Manobik Unnayan Sangstha,272,Clients' Savings,10520546,16.2,8208284,15.73
2025-06,314,884,32021-00049-00884,Nobojatra Manobik Unnayan Sangstha,272,Loan from Govt.,21000,0.03,,0.0
2025-06,314,884,32021-00049-00884,Nobojatra Manobik Unnayan Sangstha,272,Other loans,54363800,83.73,,0.0
2025-06,314,884,32021-00049-00884,Nobojatra Manobik Unnayan Sangstha,272,Cumulative Surplus,-2339145,-3.6,390250,0.75
2025-06,314,884,32021-00049-00884,Nobojatra Manobik Unnayan Sangstha,272,Other Fund,2362535,3.64,43587319,83.52
2025-06,314,884,32021-00049-00884,Nobojatra Manobik Unnayan Sangstha,272,Total,64928736,100,52185853,100
2025-06,315,782,21112-00404-00782,NOOR FOUNDATION BANGLADESH,272,Clients' Savings,18197030,40.14,18836265,44.24
2025-06,315,782,21112-00404-00782,NOOR FOUNDATION BANGLADESH,272,Other loans,24105077,53.17,19752227,46.39
2025-06,315,782,21112-00404-00782,NOOR FOUNDATION BANGLADESH,272,Cumulative Surplus,29728,0.07,1560859,3.67
2025-06,315,782,21112-00404-00782,NOOR FOUNDATION BANGLADESH,272,Other Fund,3000000,6.62,2425849,5.7
2025-06,315,782,21112-00404-00782,NOOR FOUNDATION BANGLADESH,272,Total,45331835,100,42575200,100
2025-06,316,407,00314-02594-00407,Normisjon Bangladesh,272,Clients' Savings,77646270,28.61,71263626,26.83
2025-06,316,407,00314-02594-00407,Normisjon Bangladesh,272,Other loans,,0.0,32346005,12.18
2025-06,316,407,00314-02594-00407,Normisjon Bangladesh,272,Cumulative Surplus,181396607,66.85,152629328,57.46
2025-06,316,407,00314-02594-00407,Normisjon Bangladesh,272,Other Fund,12323906,4.54,9384069,3.53
2025-06,316,407,00314-02594-00407,Normisjon Bangladesh,272,Total,271366784,100,265623028,100
2025-06,317,660,02678-04178-00660,North Bengal Rural Development Society (NRDS),272,Clients' Savings,46501686,44.4,37816508,43.99
2025-06,317,660,02678-04178-00660,North Bengal Rural Development Society (NRDS),272,Cumulative Surplus,45737663,43.67,36740701,42.73
2025-06,317,660,02678-04178-00660,North Bengal Rural Development Society (NRDS),272,Other Fund,12497325,11.93,11416698,13.28
2025-06,317,660,02678-04178-00660,North Bengal Rural Development Society (NRDS),272,Total,104736674,100,85973907,100
2025-06,318,823,21112-00170-00823,Northern Development Foundation-NDF,272,Clients' Savings,15129930,26.73,13013151,27.93
2025-06,318,823,21112-00170-00823,Northern Development Foundation-NDF,272,Other loans,3362000,5.94,612000,1.31
2025-06,318,823,21112-00170-00823,Northern Development Foundation-NDF,272,Cumulative Surplus,9583942,16.93,8888251,19.08
2025-06,318,823,21112-00170-00823,Northern Development Foundation-NDF,272,Other Fund,28525371,50.4,24079000,51.68
2025-06,318,823,21112-00170-00823,Northern Development Foundation-NDF,272,Total,56601243,100,46592402,100
2025-06,319,284,04791-03146-00284,Notun Shathi,272,Clients' Savings,86340053,40.03,83348766,41.02
2025-06,319,284,04791-03146-00284,Notun Shathi,272,Other loans,36505300,16.92,42707300,21.02
2025-06,319,284,04791-03146-00284,Notun Shathi,272,Cumulative Surplus,70390637,32.63,57041291,28.07
2025-06,319,284,04791-03146-00284,Notun Shathi,272,Other Fund,22459803,10.41,20104570,9.89
2025-06,319,284,04791-03146-00284,Notun Shathi,272,Total,215695793,100,203201927,100
2025-06,320,345,01519-00587-00345,Nowabenki Gonomukhi Foundation,272,Clients' Savings,1037905206,41.64,910154643,39.96
2025-06,320,345,01519-00587-00345,Nowabenki Gonomukhi Foundation,272,Loan from PKSF,811318314,32.55,813041643,35.7
2025-06,320,345,01519-00587-00345,Nowabenki Gonomukhi Foundation,272,Loan from Commercial Banks,296958817,11.91,242076100,10.63
2025-06,320,345,01519-00587-00345,Nowabenki Gonomukhi Foundation,272,Other loans,35601467,1.43,7000000,0.31
2025-06,320,345,01519-00587-00345,Nowabenki Gonomukhi Foundation,272,Cumulative Surplus,244266400,9.8,222069590,9.75
2025-06,320,345,01519-00587-00345,Nowabenki Gonomukhi Foundation,272,Other Fund,66372139,2.66,83367327,3.66
2025-06,320,345,01519-00587-00345,Nowabenki Gonomukhi Foundation,272,Total,2492422343,100,2277709303,100
2025-06,321,867,21112-01189-00867,Organization for Agricultural Social And Intellectual Salvation (OASIS),273,Clients' Savings,1432454,26.56,1492263,15.12
2025-06,321,867,21112-01189-00867,Organization for Agricultural Social And Intellectual Salvation (OASIS),273,Other loans,,0.0,5000504,50.67
2025-06,321,867,21112-01189-00867,Organization for Agricultural Social And Intellectual Salvation (OASIS),273,Cumulative Surplus,3623807,67.19,3216587,32.59
2025-06,321,867,21112-01189-00867,Organization for Agricultural Social And Intellectual Salvation (OASIS),273,Other Fund,336850,6.25,160088,1.62
2025-06,321,867,21112-01189-00867,Organization for Agricultural Social And Intellectual Salvation (OASIS),273,Total,5393111,100,9869442,100
2025-06,322,314,01620-02596-00314,OPCA ( Organization for the Poor Community Advancement),273,Clients' Savings,149207123,44.06,138989197,34.0
2025-06,322,314,01620-02596-00314,OPCA ( Organization for the Poor Community Advancement),273,Loan from PKSF,117404161,34.67,121099998,29.62
2025-06,322,314,01620-02596-00314,OPCA ( Organization for the Poor Community Advancement),273,Loan from Other MFIs,,0.0,11129917,2.72
2025-06,322,314,01620-02596-00314,OPCA ( Organization for the Poor Community Advancement),273,Loan from Commercial Banks,,0.0,16257887,3.98
2025-06,322,314,01620-02596-00314,OPCA ( Organization for the Poor Community Advancement),273,Other loans,12575510,3.71,59285519,14.5
2025-06,322,314,01620-02596-00314,OPCA ( Organization for the Poor Community Advancement),273,Cumulative Surplus,15106851,4.46,24565138,6.01
2025-06,322,314,01620-02596-00314,OPCA ( Organization for the Poor Community Advancement),273,Other Fund,44330857,13.09,37455691,9.16
2025-06,322,314,01620-02596-00314,OPCA ( Organization for the Poor Community Advancement),273,Total,338624502,100,408783347,100
2025-06,323,186,02428-03744-00186,Organization for Social Advancement & Cultural Activities (OSACA),273,Clients' Savings,1006706126,25.38,799114251,24.52
2025-06,323,186,02428-03744-00186,Organization for Social Advancement & Cultural Activities (OSACA),273,Loan from PKSF,1333594469,33.62,1142687515,35.07
2025-06,323,186,02428-03744-00186,Organization for Social Advancement & Cultural Activities (OSACA),273,Loan from Commercial Banks,150000000,3.78,98244308,3.02
2025-06,323,186,02428-03744-00186,Organization for Social Advancement & Cultural Activities (OSACA),273,Cumulative Surplus,1217502072,30.69,1010949035,31.03
2025-06,323,186,02428-03744-00186,Organization for Social Advancement & Cultural Activities (OSACA),273,Other Fund,259173960,6.53,207407813,6.37
2025-06,323,186,02428-03744-00186,Organization for Social Advancement & Cultural Activities (OSACA),273,Total,3966976627,100,3258402922,100
2025-06,324,39,00670-00643-00039,Organization for Social and Economical Development (OSED),273,Clients' Savings,27782678,37.56,29152050,31.43
2025-06,324,39,00670-00643-00039,Organization for Social and Economical Development (OSED),273,Loan from PKSF,39216673,53.02,56750007,61.18
2025-06,324,39,00670-00643-00039,Organization for Social and Economical Development (OSED),273,Other loans,1600000,2.16,,0.0
2025-06,324,39,00670-00643-00039,Organization for Social and Economical Development (OSED),273,Cumulative Surplus,206876,0.28,2681029,2.89
2025-06,324,39,00670-00643-00039,Organization for Social and Economical Development (OSED),273,Other Fund,5166521,6.98,4178039,4.5
2025-06,324,39,00670-00643-00039,Organization for Social and Economical Development (OSED),273,Total,73972748,100,92761125,100
2025-06,325,642,06035-01175-00642,Organization-for-the Poor Advancement Committee (OPAC),273,Clients' Savings,79228311,38.69,79589871,36.86
2025-06,325,642,06035-01175-00642,Organization-for-the Poor Advancement Committee (OPAC),273,Loan from Other MFIs,117930000,57.59,122829000,56.88
2025-06,325,642,06035-01175-00642,Organization-for-the Poor Advancement Committee (OPAC),273,Loan from Commercial Banks,2799621,1.37,5563773,2.58
2025-06,325,642,06035-01175-00642,Organization-for-the Poor Advancement Committee (OPAC),273,Other loans,1567605,0.77,1509100,0.7
2025-06,325,642,06035-01175-00642,Organization-for-the Poor Advancement Committee (OPAC),273,Cumulative Surplus,2945678,1.44,6094834,2.82
2025-06,325,642,06035-01175-00642,Organization-for-the Poor Advancement Committee (OPAC),273,Other Fund,320871,0.16,342799,0.16
2025-06,325,642,06035-01175-00642,Organization-for-the Poor Advancement Committee (OPAC),273,Total,204792086,100,215929377,100
2025-06,326,101,01648-01342-00101,Pabna Protishsruti,273,Clients' Savings,523533389,23.53,424010145,23.13
2025-06,326,101,01648-01342-00101,Pabna Protishsruti,273,Loan from PKSF,1224849998,55.04,1060353327,57.85
2025-06,326,101,01648-01342-00101,Pabna Protishsruti,273,Loan from Other MFIs,17857144,0.8,,0.0
2025-06,326,101,01648-01342-00101,Pabna Protishsruti,273,Other loans,,0.0,3571435,0.19
2025-06,326,101,01648-01342-00101,Pabna Protishsruti,273,Cumulative Surplus,355276252,15.97,281464061,15.36
2025-06,326,101,01648-01342-00101,Pabna Protishsruti,273,Other Fund,103823717,4.67,63415210,3.46
2025-06,326,101,01648-01342-00101,Pabna Protishsruti,273,Total,2225340500,100,1832814178,100
2025-06,327,95,00181-00468-00095,Padakhep Manabik Unnayan Kendra (Padakhep),274,Clients' Savings,12968707136,34.11,12051589032,35.01
2025-06,327,95,00181-00468-00095,Padakhep Manabik Unnayan Kendra (Padakhep),274,Loan from PKSF,1693894999,4.46,1874599665,5.45
2025-06,327,95,00181-00468-00095,Padakhep Manabik Unnayan Kendra (Padakhep),274,Loan from Commercial Banks,15248993953,40.11,12908015126,37.5
2025-06,327,95,00181-00468-00095,Padakhep Manabik Unnayan Kendra (Padakhep),274,Other loans,1457693700,3.83,1777274353,5.16
2025-06,327,95,00181-00468-00095,Padakhep Manabik Unnayan Kendra (Padakhep),274,Cumulative Surplus,4550638783,11.97,4414333749,12.82
2025-06,327,95,00181-00468-00095,Padakhep Manabik Unnayan Kendra (Padakhep),274,Other Fund,2096221915,5.51,1395281682,4.05
2025-06,327,95,00181-00468-00095,Padakhep Manabik Unnayan Kendra (Padakhep),274,Total,38016150486,100,34421093607,100
2025-06,328,28,00561-00657-00028,Page Development Centre,274,Clients' Savings,3567429478,41.27,3336363120,41.86
2025-06,328,28,00561-00657-00028,Page Development Centre,274,Loan from PKSF,1288408321,14.9,962336652,12.07
2025-06,328,28,00561-00657-00028,Page Development Centre,274,Loan from Commercial Banks,428512223,4.96,626682958,7.86
2025-06,328,28,00561-00657-00028,Page Development Centre,274,Other loans,713588777,8.25,98143510,1.23
2025-06,328,28,00561-00657-00028,Page Development Centre,274,Donors' Fund,19963820,0.23,15892000,0.2
2025-06,328,28,00561-00657-00028,Page Development Centre,274,Cumulative Surplus,1940473195,22.45,1697855633,21.3
2025-06,328,28,00561-00657-00028,Page Development Centre,274,Other Fund,686641388,7.94,1232622938,15.47
2025-06,328,28,00561-00657-00028,Page Development Centre,274,Total,8645017202,100,7969896811,100
2025-06,329,817,21112-00020-00817,PALIMATI SAMAJ KALYAN FOUNDATION (PSKF),274,Clients' Savings,4583396,20.98,4208014,21.26
2025-06,329,817,21112-00020-00817,PALIMATI SAMAJ KALYAN FOUNDATION (PSKF),274,Other loans,12155587,55.64,11689587,59.07
2025-06,329,817,21112-00020-00817,PALIMATI SAMAJ KALYAN FOUNDATION (PSKF),274,Cumulative Surplus,2938941,13.45,2171908,10.97
2025-06,329,817,21112-00020-00817,PALIMATI SAMAJ KALYAN FOUNDATION (PSKF),274,Other Fund,2168647,9.93,1721475,8.7
2025-06,329,817,21112-00020-00817,PALIMATI SAMAJ KALYAN FOUNDATION (PSKF),274,Total,21846571,100,19790984,100
2025-06,330,90,00313-00543-00090,Palli Bandhan Kendra,274,Clients' Savings,35052851,50.24,28277147,60.41
2025-06,330,90,00313-00543-00090,Palli Bandhan Kendra,274,Other loans,13375000,19.17,,0.0
2025-06,330,90,00313-00543-00090,Palli Bandhan Kendra,274,Cumulative Surplus,13826589,19.82,11322783,24.19
2025-06,330,90,00313-00543-00090,Palli Bandhan Kendra,274,Other Fund,7522436,10.78,7210432,15.4
2025-06,330,90,00313-00543-00090,Palli Bandhan Kendra,274,Total,69776876,100,46810362,100
2025-06,331,383,00277-04240-00383,Palli Bhandhu Unnayan Sangstha,274,Clients' Savings,122458620,30.33,106295448,31.18
2025-06,331,383,00277-04240-00383,Palli Bhandhu Unnayan Sangstha,274,Loan from Govt.,1208013,0.3,,0.0
2025-06,331,383,00277-04240-00383,Palli Bhandhu Unnayan Sangstha,274,Loan from Commercial Banks,79087246,19.59,63939205,18.75
2025-06,331,383,00277-04240-00383,Palli Bhandhu Unnayan Sangstha,274,Other loans,162673637,40.29,135812021,39.83
2025-06,331,383,00277-04240-00383,Palli Bhandhu Unnayan Sangstha,274,Cumulative Surplus,12813904,3.17,12007935,3.52
2025-06,331,383,00277-04240-00383,Palli Bhandhu Unnayan Sangstha,274,Other Fund,25549171,6.33,22901065,6.72
2025-06,331,383,00277-04240-00383,Palli Bhandhu Unnayan Sangstha,274,Total,403790591,100,340955674,100
2025-06,332,645,02170-00679-00645,Palli Bikash Foundation (PBF),274,Clients' Savings,1015002,24.44,1311854,38.38
2025-06,332,645,02170-00679-00645,Palli Bikash Foundation (PBF),274,Donors' Fund,1000000,24.08,,0.0
2025-06,332,645,02170-00679-00645,Palli Bikash Foundation (PBF),274,Cumulative Surplus,1951926,47.0,1924883,56.31
2025-06,332,645,02170-00679-00645,Palli Bikash Foundation (PBF),274,Other Fund,186048,4.48,181650,5.31
2025-06,332,645,02170-00679-00645,Palli Bikash Foundation (PBF),274,Total,4152976,100,3418387,100
2025-06,333,578,01770-01587-00578,Poribar Kallyan Sahayak Samittee (PKSS),274,Clients' Savings,2861137,34.47,2807779,33.52
2025-06,333,578,01770-01587-00578,Poribar Kallyan Sahayak Samittee (PKSS),274,Loan from Commercial Banks,131093,1.58,1500000,17.91
2025-06,333,578,01770-01587-00578,Poribar Kallyan Sahayak Samittee (PKSS),274,Other loans,2352193,28.34,1371693,16.38
2025-06,333,578,01770-01587-00578,Poribar Kallyan Sahayak Samittee (PKSS),274,Cumulative Surplus,2294800,27.64,2097126,25.04
2025-06,333,578,01770-01587-00578,Poribar Kallyan Sahayak Samittee (PKSS),274,Other Fund,662116,7.98,598721,7.15
2025-06,333,578,01770-01587-00578,Poribar Kallyan Sahayak Samittee (PKSS),274,Total,8301340,100,8375319,100
2025-06,334,554,00094-01095-00554,Palli Karma Unnayan Sangstha (PKUS),275,Clients' Savings,63022666,84.1,57129769,83.77
2025-06,334,554,00094-01095-00554,Palli Karma Unnayan Sangstha (PKUS),275,Other loans,,0.0,92778,0.14
2025-06,334,554,00094-01095-00554,Palli Karma Unnayan Sangstha (PKUS),275,Cumulative Surplus,7082721,9.45,6038649,8.85
2025-06,334,554,00094-01095-00554,Palli Karma Unnayan Sangstha (PKUS),275,Other Fund,4829449,6.44,4938176,7.24
2025-06,334,554,00094-01095-00554,Palli Karma Unnayan Sangstha (PKUS),275,Total,74934836,100,68199372,100
2025-06,335,312,00862-00387-00312,Palli Mongal Karmosuchi,275,Clients' Savings,7165551771,25.99,6761408573,30.4
2025-06,335,312,00862-00387-00312,Palli Mongal Karmosuchi,275,Loan from PKSF,2100962729,7.62,2003178055,9.01
2025-06,335,312,00862-00387-00312,Palli Mongal Karmosuchi,275,Loan from Commercial Banks,3568183711,12.94,3664764070,16.48
2025-06,335,312,00862-00387-00312,Palli Mongal Karmosuchi,275,Other loans,3033062591,11.0,33223979,0.15
2025-06,335,312,00862-00387-00312,Palli Mongal Karmosuchi,275,Cumulative Surplus,10530904718,38.2,8798214437,39.56
2025-06,335,312,00862-00387-00312,Palli Mongal Karmosuchi,275,Other Fund,1170100524,4.24,977579309,4.4
2025-06,335,312,00862-00387-00312,Palli Mongal Karmosuchi,275,Total,27568766044,100,22238368423,100
2025-06,336,197,02223-01083-00197,Palli Pragati Samity,275,Clients' Savings,242188585,33.57,195573872,31.66
2025-06,336,197,02223-01083-00197,Palli Pragati Samity,275,Loan from PKSF,297900006,41.29,269483343,43.63
2025-06,336,197,02223-01083-00197,Palli Pragati Samity,275,Other loans,31073379,4.31,32760977,5.3
2025-06,336,197,02223-01083-00197,Palli Pragati Samity,275,Cumulative Surplus,144266154,20.0,115847459,18.76
2025-06,336,197,02223-01083-00197,Palli Pragati Samity,275,Other Fund,6001063,0.83,4007174,0.65
2025-06,336,197,02223-01083-00197,Palli Pragati Samity,275,Total,721429187,100,617672825,100
2025-06,337,280,02178-00214-00280,Palli Progoti Shahayak Samity,275,Clients' Savings,495600956,27.92,450483193,30.72
2025-06,337,280,02178-00214-00280,Palli Progoti Shahayak Samity,275,Loan from PKSF,214550000,12.09,227033333,15.48
2025-06,337,280,02178-00214-00280,Palli Progoti Shahayak Samity,275,Loan from Commercial Banks,560853303,31.6,316532908,21.59
2025-06,337,280,02178-00214-00280,Palli Progoti Shahayak Samity,275,Cumulative Surplus,369378444,20.81,394511381,26.91
2025-06,337,280,02178-00214-00280,Palli Progoti Shahayak Samity,275,Other Fund,134410641,7.57,77718058,5.3
2025-06,337,280,02178-00214-00280,Palli Progoti Shahayak Samity,275,Total,1774793344,100,1466278873,100
2025-06,338,282,01619-04118-00282,Palli Rakkha Sangstha (PARAS),275,Clients' Savings,529390,6.2,591250,7.04
2025-06,338,282,01619-04118-00282,Palli Rakkha Sangstha (PARAS),275,Loan from Other MFIs,3809476,44.61,3809476,45.37
2025-06,338,282,01619-04118-00282,Palli Rakkha Sangstha (PARAS),275,Cumulative Surplus,3356459,39.3,3297284,39.27
2025-06,338,282,01619-04118-00282,Palli Rakkha Sangstha (PARAS),275,Other Fund,844260,9.89,698750,8.32
2025-06,338,282,01619-04118-00282,Palli Rakkha Sangstha (PARAS),275,Total,8539585,100,8396760,100
2025-06,339,37,01235-00619-00037,Palli Samonnaya O Shikkha Kallyan Parishad (Pasashik Parsad),275,Clients' Savings,12193001,30.81,10291143,30.12
2025-06,339,37,01235-00619-00037,Palli Samonnaya O Shikkha Kallyan Parishad (Pasashik Parsad),275,Other loans,18588729,46.97,18810917,55.05
2025-06,339,37,01235-00619-00037,Palli Samonnaya O Shikkha Kallyan Parishad (Pasashik Parsad),275,Cumulative Surplus,5289007,13.36,2261260,6.62
2025-06,339,37,01235-00619-00037,Palli Samonnaya O Shikkha Kallyan Parishad (Pasashik Parsad),275,Other Fund,3508013,8.86,2805643,8.21
2025-06,339,37,01235-00619-00037,Palli Samonnaya O Shikkha Kallyan Parishad (Pasashik Parsad),275,Total,39578749,100,34168963,100
2025-06,340,794,21112-00406-00794,Palli Seba Sangha (PSS),275,Clients' Savings,20638536,55.06,20914085,55.81
2025-06,340,794,21112-00406-00794,Palli Seba Sangha (PSS),275,Loan from Commercial Banks,,0.0,1571758,4.19
2025-06,340,794,21112-00406-00794,Palli Seba Sangha (PSS),275,Other loans,5600000,14.94,6650000,17.75
2025-06,340,794,21112-00406-00794,Palli Seba Sangha (PSS),275,Cumulative Surplus,8499606,22.68,6114196,16.32
2025-06,340,794,21112-00406-00794,Palli Seba Sangha (PSS),275,Other Fund,2743491,7.32,2221200,5.93
2025-06,340,794,21112-00406-00794,Palli Seba Sangha (PSS),275,Total,37481633,100,37471239,100
2025-06,341,331,00208-05115-00331,Palli Shishu Foundation of Bangladesh,275,Clients' Savings,257886230,33.18,201357905,30.49
2025-06,341,331,00208-05115-00331,Palli Shishu Foundation of Bangladesh,275,Loan from PKSF,280208333,36.06,228648336,34.62
2025-06,341,331,00208-05115-00331,Palli Shishu Foundation of Bangladesh,275,Loan from Commercial Banks,50648513,6.52,80459082,12.18
2025-06,341,331,00208-05115-00331,Palli Shishu Foundation of Bangladesh,275,Donors' Fund,,0.0,110331393,16.7
2025-06,341,331,00208-05115-00331,Palli Shishu Foundation of Bangladesh,275,Cumulative Surplus,117960201,15.18,10072685,1.52
2025-06,341,331,00208-05115-00331,Palli Shishu Foundation of Bangladesh,275,Other Fund,70461006,9.07,29642198,4.49
2025-06,341,331,00208-05115-00331,Palli Shishu Foundation of Bangladesh,275,Total,777164283,100,660511599,100
2025-06,342,193,00984-01198-00193,Palli Sohojogi Bishoyak Sangstha (ARCO),276,Clients' Savings,1166835,33.14,1428013,34.01
2025-06,342,193,00984-01198-00193,Palli Sohojogi Bishoyak Sangstha (ARCO),276,Other loans,42658,1.21,42658,1.02
2025-06,342,193,00984-01198-00193,Palli Sohojogi Bishoyak Sangstha (ARCO),276,Cumulative Surplus,1466046,41.64,1887090,44.95
2025-06,342,193,00984-01198-00193,Palli Sohojogi Bishoyak Sangstha (ARCO),276,Other Fund,845228,24.01,840813,20.03
2025-06,342,193,00984-01198-00193,Palli Sohojogi Bishoyak Sangstha (ARCO),276,Total,3520767,100,4198574,100
2025-06,343,313,01572-00660-00313,Pollisree,276,Clients' Savings,284572203,30.29,254263699,30.82
2025-06,343,313,01572-00660-00313,Pollisree,276,Loan from PKSF,455413538,48.48,403899996,48.95
2025-06,343,313,01572-00660-00313,Pollisree,276,Loan from Commercial Banks,,0.0,6885457,0.83
2025-06,343,313,01572-00660-00313,Pollisree,276,Cumulative Surplus,174527095,18.58,139504420,16.91
2025-06,343,313,01572-00660-00313,Pollisree,276,Other Fund,24843899,2.64,20501583,2.48
2025-06,343,313,01572-00660-00313,Pollisree,276,Total,939356735,100,825055155,100
2025-06,344,705,02909-04702-00705,Palli Unnayan Foundation,276,Clients' Savings,7175907,50.27,6486500,47.7
2025-06,344,705,02909-04702-00705,Palli Unnayan Foundation,276,Other loans,4954665,34.71,4996806,36.74
2025-06,344,705,02909-04702-00705,Palli Unnayan Foundation,276,Cumulative Surplus,485080,3.4,473659,3.48
2025-06,344,705,02909-04702-00705,Palli Unnayan Foundation,276,Other Fund,1660345,11.63,1641871,12.07
2025-06,344,705,02909-04702-00705,Palli Unnayan Foundation,276,Total,14275997,100,13598836,100
2025-06,345,440,01667-00832-00440,Palli Unnayan Parishad (PUP),276,Clients' Savings,27946665,48.5,27785138,50.03
2025-06,345,440,01667-00832-00440,Palli Unnayan Parishad (PUP),276,Loan from Other MFIs,700000,1.21,750000,1.35
2025-06,345,440,01667-00832-00440,Palli Unnayan Parishad (PUP),276,Cumulative Surplus,19553190,33.93,19015920,34.24
2025-06,345,440,01667-00832-00440,Palli Unnayan Parishad (PUP),276,Other Fund,9423103,16.35,7987343,14.38
2025-06,345,440,01667-00832-00440,Palli Unnayan Parishad (PUP),276,Total,57622958,100,55538401,100
2025-06,346,190,00529-03996-00190,Pally Bikash Kendra (PBK),276,Clients' Savings,1534642117,41.98,1231415151,38.98
2025-06,346,190,00529-03996-00190,Pally Bikash Kendra (PBK),276,Loan from PKSF,762648484,20.86,683950012,21.65
2025-06,346,190,00529-03996-00190,Pally Bikash Kendra (PBK),276,Loan from Commercial Banks,479955538,13.13,645538310,20.43
2025-06,346,190,00529-03996-00190,Pally Bikash Kendra (PBK),276,Cumulative Surplus,618620815,16.92,556094479,17.6
2025-06,346,190,00529-03996-00190,Pally Bikash Kendra (PBK),276,Other Fund,259523100,7.1,42384042,1.34
2025-06,346,190,00529-03996-00190,Pally Bikash Kendra (PBK),276,Total,3655390054,100,3159381994,100
2025-06,347,254,00140-01701-00254,Pally Unnayan Samaj Kallyan Sangstha,276,Clients' Savings,12968686,49.66,8912204,43.67
2025-06,347,254,00140-01701-00254,Pally Unnayan Samaj Kallyan Sangstha,276,Other loans,8012004,30.68,7037266,34.48
2025-06,347,254,00140-01701-00254,Pally Unnayan Samaj Kallyan Sangstha,276,Cumulative Surplus,2513110,9.62,2207303,10.81
2025-06,347,254,00140-01701-00254,Pally Unnayan Samaj Kallyan Sangstha,276,Other Fund,2620656,10.04,2253246,11.04
2025-06,347,254,00140-01701-00254,Pally Unnayan Samaj Kallyan Sangstha,276,Total,26114456,100,20410019,100
2025-06,348,553,03517-03233-00553,Peoples Union of the Marginalized Development Organization (PUMDO),276,Clients' Savings,5451278,53.02,5423938,57.76
2025-06,348,553,03517-03233-00553,Peoples Union of the Marginalized Development Organization (PUMDO),276,Other loans,522465,5.08,,0.0
2025-06,348,553,03517-03233-00553,Peoples Union of the Marginalized Development Organization (PUMDO),276,Cumulative Surplus,3597845,35.0,3439969,36.63
2025-06,348,553,03517-03233-00553,Peoples Union of the Marginalized Development Organization (PUMDO),276,Other Fund,709320,6.9,526144,5.6
2025-06,348,553,03517-03233-00553,Peoples Union of the Marginalized Development Organization (PUMDO),276,Total,10280908,100,9390051,100
2025-06,349,737,02066-00241-00737,PANJERI SWAMAJ UNNAYAN SANGSTHA (PSUS),276,Clients' Savings,19677654,34.65,16181045,33.17
2025-06,349,737,02066-00241-00737,PANJERI SWAMAJ UNNAYAN SANGSTHA (PSUS),276,Other loans,16037098,28.24,14442432,29.61
2025-06,349,737,02066-00241-00737,PANJERI SWAMAJ UNNAYAN SANGSTHA (PSUS),276,Donors' Fund,,0.0,228000,0.47
2025-06,349,737,02066-00241-00737,PANJERI SWAMAJ UNNAYAN SANGSTHA (PSUS),276,Cumulative Surplus,17825400,31.38,15129458,31.02
2025-06,349,737,02066-00241-00737,PANJERI SWAMAJ UNNAYAN SANGSTHA (PSUS),276,Other Fund,3256303,5.73,2799427,5.74
2025-06,349,737,02066-00241-00737,PANJERI SWAMAJ UNNAYAN SANGSTHA (PSUS),276,Total,56796455,100,48780362,100
2025-06,350,473,01849-01564-00473,Parashmoni Samajik Unnayan Sangstha,277,Clients' Savings,25572569,20.69,26002705,22.84
2025-06,350,473,01849-01564-00473,Parashmoni Samajik Unnayan Sangstha,277,Loan from PKSF,70583334,57.1,65550000,57.58
2025-06,350,473,01849-01564-00473,Parashmoni Samajik Unnayan Sangstha,277,Loan from Other MFIs,4901450,3.97,3615471,3.18
2025-06,350,473,01849-01564-00473,Parashmoni Samajik Unnayan Sangstha,277,Other loans,8490000,6.87,8840000,7.76
2025-06,350,473,01849-01564-00473,Parashmoni Samajik Unnayan Sangstha,277,Cumulative Surplus,14006165,11.33,9830616,8.64
2025-06,350,473,01849-01564-00473,Parashmoni Samajik Unnayan Sangstha,277,Other Fund,52527,0.04,5623,0.0
2025-06,350,473,01849-01564-00473,Parashmoni Samajik Unnayan Sangstha,277,Total,123606045,100,113844415,100
2025-06,351,178,00474-00243-00178,Paribar Unnayan Sangstha (FDA),277,Clients' Savings,1010383724,29.03,894948198,31.0
2025-06,351,178,00474-00243-00178,Paribar Unnayan Sangstha (FDA),277,Loan from PKSF,989432445,28.43,881328279,30.53
2025-06,351,178,00474-00243-00178,Paribar Unnayan Sangstha (FDA),277,Cumulative Surplus,1205175705,34.62,974842795,33.77
2025-06,351,178,00474-00243-00178,Paribar Unnayan Sangstha (FDA),277,Other Fund,275662318,7.92,135831862,4.71
2025-06,351,178,00474-00243-00178,Paribar Unnayan Sangstha (FDA),277,Total,3480654192,100,2886951134,100
2025-06,352,126,02819-01137-00126,Pariber O Shishu Kallyan Kendra,277,Clients' Savings,28299726,43.99,26314548,44.7
2025-06,352,126,02819-01137-00126,Pariber O Shishu Kallyan Kendra,277,Other loans,473632,0.74,473632,0.8
2025-06,352,126,02819-01137-00126,Pariber O Shishu Kallyan Kendra,277,Cumulative Surplus,32699269,50.83,29535227,50.17
2025-06,352,126,02819-01137-00126,Pariber O Shishu Kallyan Kendra,277,Other Fund,2858074,4.44,2551102,4.33
2025-06,352,126,02819-01137-00126,Pariber O Shishu Kallyan Kendra,277,Total,64330701,100,58874509,100
2025-06,353,453,00810-00012-00453,Participatory Development Organization (PDO),277,Clients' Savings,38687170,35.6,33551123,35.07
2025-06,353,453,00810-00012-00453,Participatory Development Organization (PDO),277,Loan from PKSF,46800000,43.06,44400000,46.41
2025-06,353,453,00810-00012-00453,Participatory Development Organization (PDO),277,Other loans,,0.0,169495,0.18
2025-06,353,453,00810-00012-00453,Participatory Development Organization (PDO),277,Cumulative Surplus,15379392,14.15,11376315,11.89
2025-06,353,453,00810-00012-00453,Participatory Development Organization (PDO),277,Other Fund,7813750,7.19,6162574,6.44
2025-06,353,453,00810-00012-00453,Participatory Development Organization (PDO),277,Total,108680312,100,95659507,100
2025-06,354,261,00649-00380-00261,Patakuri Society,277,Clients' Savings,196839879,43.59,179898013,42.23
2025-06,354,261,00649-00380-00261,Patakuri Society,277,Loan from PKSF,174245831,38.58,181445829,42.6
2025-06,354,261,00649-00380-00261,Patakuri Society,277,Cumulative Surplus,61558680,13.63,44508648,10.45
2025-06,354,261,00649-00380-00261,Patakuri Society,277,Other Fund,18973715,4.2,20110649,4.72
2025-06,354,261,00649-00380-00261,Patakuri Society,277,Total,451618105,100,425963139,100
2025-06,355,162,00935-00094-00162,PIDIM Foundation,277,Clients' Savings,2558026735,35.41,2004179331,33.57
2025-06,355,162,00935-00094-00162,PIDIM Foundation,277,Loan from PKSF,1642866677,22.74,1245701295,20.87
2025-06,355,162,00935-00094-00162,PIDIM Foundation,277,Loan from Commercial Banks,1193025935,16.51,1156087896,19.36
2025-06,355,162,00935-00094-00162,PIDIM Foundation,277,Other loans,204318171,2.83,218258085,3.66
2025-06,355,162,00935-00094-00162,PIDIM Foundation,277,Cumulative Surplus,1175024124,16.26,1008811639,16.9
2025-06,355,162,00935-00094-00162,PIDIM Foundation,277,Other Fund,451197716,6.25,337177576,5.65
2025-06,355,162,00935-00094-00162,PIDIM Foundation,277,Total,7224459358,100,5970215822,100
2025-06,356,878,21112-00876-00878,PDO(Peace & Development Organization),277,Clients' Savings,940991,16.52,1017603,14.46
2025-06,356,878,21112-00876-00878,PDO(Peace & Development Organization),277,Other loans,,0.0,5300000,75.29
2025-06,356,878,21112-00876-00878,PDO(Peace & Development Organization),277,Cumulative Surplus,655424,11.51,569599,8.09
2025-06,356,878,21112-00876-00878,PDO(Peace & Development Organization),277,Other Fund,4100000,71.98,152092,2.16
2025-06,356,878,21112-00876-00878,PDO(Peace & Development Organization),277,Total,5696415,100,7039294,100
2025-06,357,807,21112-00106-00807,People’s Development Foundation (PDF),278,Clients' Savings,14947263,29.73,13178230,69.69
2025-06,357,807,21112-00106-00807,People’s Development Foundation (PDF),278,Other loans,26448000,52.61,,0.0
2025-06,357,807,21112-00106-00807,People’s Development Foundation (PDF),278,Cumulative Surplus,3845911,7.65,2072719,10.96
2025-06,357,807,21112-00106-00807,People’s Development Foundation (PDF),278,Other Fund,5034579,10.01,3658846,19.35
2025-06,357,807,21112-00106-00807,People’s Development Foundation (PDF),278,Total,50275753,100,18909795,100
2025-06,358,505,02288-00609-00505,Peoples Development Society (PDS),278,Clients' Savings,9822328,25.05,22249863,29.65
2025-06,358,505,02288-00609-00505,Peoples Development Society (PDS),278,Loan from Commercial Banks,2508269,6.4,3308669,4.41
2025-06,358,505,02288-00609-00505,Peoples Development Society (PDS),278,Other loans,291080,0.74,29658671,39.52
2025-06,358,505,02288-00609-00505,Peoples Development Society (PDS),278,Cumulative Surplus,19898665,50.74,13769767,18.35
2025-06,358,505,02288-00609-00505,Peoples Development Society (PDS),278,Other Fund,6697885,17.08,6058119,8.07
2025-06,358,505,02288-00609-00505,Peoples Development Society (PDS),278,Total,39218227,100,75045089,100
2025-06,359,854,21112-00144-00854,Peoples Organization For Empowerment (POFE),278,Clients' Savings,3252441,38.04,3181601,42.63
2025-06,359,854,21112-00144-00854,Peoples Organization For Empowerment (POFE),278,Other loans,2567200,30.02,1707800,22.88
2025-06,359,854,21112-00144-00854,Peoples Organization For Empowerment (POFE),278,Cumulative Surplus,2122535,24.82,2052388,27.5
2025-06,359,854,21112-00144-00854,Peoples Organization For Empowerment (POFE),278,Other Fund,608369,7.11,522214,7.0
2025-06,359,854,21112-00144-00854,Peoples Organization For Empowerment (POFE),278,Total,8550545,100,7464003,100
2025-06,360,159,02150-01563-00159,Peoples Oriented Program Implementation (POPI),278,Clients' Savings,8766075004,39.99,6807802992,36.09
2025-06,360,159,02150-01563-00159,Peoples Oriented Program Implementation (POPI),278,Loan from PKSF,1966859179,8.97,1835141880,9.73
2025-06,360,159,02150-01563-00159,Peoples Oriented Program Implementation (POPI),278,Loan from Commercial Banks,5593790710,25.52,5123610083,27.16
2025-06,360,159,02150-01563-00159,Peoples Oriented Program Implementation (POPI),278,Other loans,892187076,4.07,737585881,3.91
2025-06,360,159,02150-01563-00159,Peoples Oriented Program Implementation (POPI),278,Donors' Fund,61548759,0.28,61548759,0.33
2025-06,360,159,02150-01563-00159,Peoples Oriented Program Implementation (POPI),278,Cumulative Surplus,2579243735,11.77,2264915331,12.01
2025-06,360,159,02150-01563-00159,Peoples Oriented Program Implementation (POPI),278,Other Fund,2063168917,9.41,2033502433,10.78
2025-06,360,159,02150-01563-00159,Peoples Oriented Program Implementation (POPI),278,Total,21922873380,100,18864107359,100
2025-06,361,627,00257-00066-00627,People’s Welfare Foundation,278,Clients' Savings,35275901,23.37,25732594,27.52
2025-06,361,627,00257-00066-00627,People’s Welfare Foundation,278,Loan from PKSF,95650000,63.38,35100000,37.54
2025-06,361,627,00257-00066-00627,People’s Welfare Foundation,278,Loan from Commercial Banks,3747231,2.48,7910491,8.46
2025-06,361,627,00257-00066-00627,People’s Welfare Foundation,278,Other loans,1520541,1.01,11988326,12.82
2025-06,361,627,00257-00066-00627,People’s Welfare Foundation,278,Cumulative Surplus,13611587,9.02,10641645,11.38
2025-06,361,627,00257-00066-00627,People’s Welfare Foundation,278,Other Fund,1119927,0.74,2118205,2.27
2025-06,361,627,00257-00066-00627,People’s Welfare Foundation,278,Total,150925187,100,93491261,100
2025-06,362,416,00090-01828-00416,Perfect Development Foundation,278,Clients' Savings,59405189,35.48,59239384,44.05
2025-06,362,416,00090-01828-00416,Perfect Development Foundation,278,Loan from Commercial Banks,42553000,25.42,15412677,11.46
2025-06,362,416,00090-01828-00416,Perfect Development Foundation,278,Cumulative Surplus,57484969,34.34,52709317,39.2
2025-06,362,416,00090-01828-00416,Perfect Development Foundation,278,Other Fund,7970490,4.76,7110863,5.29
2025-06,362,416,00090-01828-00416,Perfect Development Foundation,278,Total,167413648,100,134472241,100
2025-06,363,735,00861-02582-00735,Polly Arthik Unnayan Karzocrom,278,Clients' Savings,11877401,65.74,12435009,68.36
2025-06,363,735,00861-02582-00735,Polly Arthik Unnayan Karzocrom,278,Cumulative Surplus,2728609,15.1,2532575,13.92
2025-06,363,735,00861-02582-00735,Polly Arthik Unnayan Karzocrom,278,Other Fund,3460700,19.16,3222238,17.71
2025-06,363,735,00861-02582-00735,Polly Arthik Unnayan Karzocrom,278,Total,18066710,100,18189822,100
2025-06,364,210,00021-00760-00210,Polly Sheba Shangstha(PSS),278,Clients' Savings,67821560,25.19,48580872,23.58
2025-06,364,210,00021-00760-00210,Polly Sheba Shangstha(PSS),278,Loan from PKSF,146666663,54.48,129966667,63.08
2025-06,364,210,00021-00760-00210,Polly Sheba Shangstha(PSS),278,Loan from Commercial Banks,16946636,6.3,,0.0
2025-06,364,210,00021-00760-00210,Polly Sheba Shangstha(PSS),278,Other loans,,0.0,3750000,1.82
2025-06,364,210,00021-00760-00210,Polly Sheba Shangstha(PSS),278,Cumulative Surplus,33395421,12.41,22127631,10.74
2025-06,364,210,00021-00760-00210,Polly Sheba Shangstha(PSS),278,Other Fund,4368400,1.62,1622614,0.79
2025-06,364,210,00021-00760-00210,Polly Sheba Shangstha(PSS),278,Total,269198680,100,206047784,100
2025-06,365,717,01308-01875-00717,Poor Human Integrated Social Welfare Organization (PHISWO),279,Clients' Savings,2961454,25.12,3503012,27.4
2025-06,365,717,01308-01875-00717,Poor Human Integrated Social Welfare Organization (PHISWO),279,Loan from Other MFIs,850000,7.21,350000,2.74
2025-06,365,717,01308-01875-00717,Poor Human Integrated Social Welfare Organization (PHISWO),279,Other loans,5413050,45.91,6489984,50.76
2025-06,365,717,01308-01875-00717,Poor Human Integrated Social Welfare Organization (PHISWO),279,Cumulative Surplus,1070772,9.08,1066417,8.34
2025-06,365,717,01308-01875-00717,Poor Human Integrated Social Welfare Organization (PHISWO),279,Other Fund,1495516,12.68,1376817,10.77
2025-06,365,717,01308-01875-00717,Poor Human Integrated Social Welfare Organization (PHISWO),279,Total,11790792,100,12786230,100
2025-06,366,623,01398-01622-00623,Poor Relief Services & Health Assistance Society,279,Clients' Savings,73874052,44.42,44129182,29.12
2025-06,366,623,01398-01622-00623,Poor Relief Services & Health Assistance Society,279,Loan from Commercial Banks,3691084,2.22,10000000,6.6
2025-06,366,623,01398-01622-00623,Poor Relief Services & Health Assistance Society,279,Other loans,32356490,19.46,41807344,27.59
2025-06,366,623,01398-01622-00623,Poor Relief Services & Health Assistance Society,279,Cumulative Surplus,46513946,27.97,35252492,23.26
2025-06,366,623,01398-01622-00623,Poor Relief Services & Health Assistance Society,279,Other Fund,9859057,5.93,20336946,13.42
2025-06,366,623,01398-01622-00623,Poor Relief Services & Health Assistance Society,279,Total,166294629,100,151525964,100
2025-06,367,204,01616-01384-00204,Poor Welfare Organization (PWO),279,Clients' Savings,99121018,32.1,83855172,31.56
2025-06,367,204,01616-01384-00204,Poor Welfare Organization (PWO),279,Loan from Govt.,3928571,1.27,535719,0.2
2025-06,367,204,01616-01384-00204,Poor Welfare Organization (PWO),279,Loan from Commercial Banks,37477155,12.14,26526038,9.98
2025-06,367,204,01616-01384-00204,Poor Welfare Organization (PWO),279,Other loans,38300000,12.4,46700000,17.58
2025-06,367,204,01616-01384-00204,Poor Welfare Organization (PWO),279,Cumulative Surplus,98906407,32.03,87193838,32.82
2025-06,367,204,01616-01384-00204,Poor Welfare Organization (PWO),279,Other Fund,31088134,10.07,20882482,7.86
2025-06,367,204,01616-01384-00204,Poor Welfare Organization (PWO),279,Total,308821285,100,265693249,100
2025-06,368,578,01770-01587-00578,Poribar Kallyan Sahayak Samittee (PKSS),279,Clients' Savings,2861137,34.47,2807779,33.52
2025-06,368,578,01770-01587-00578,Poribar Kallyan Sahayak Samittee (PKSS),279,Loan from Commercial Banks,131093,1.58,1500000,17.91
2025-06,368,578,01770-01587-00578,Poribar Kallyan Sahayak Samittee (PKSS),279,Other loans,2352193,28.34,1371693,16.38
2025-06,368,578,01770-01587-00578,Poribar Kallyan Sahayak Samittee (PKSS),279,Cumulative Surplus,2294800,27.64,2097126,25.04
2025-06,368,578,01770-01587-00578,Poribar Kallyan Sahayak Samittee (PKSS),279,Other Fund,662116,7.98,598721,7.15
2025-06,368,578,01770-01587-00578,Poribar Kallyan Sahayak Samittee (PKSS),279,Total,8301340,100,8375319,100
2025-06,369,622,00566-00036-00622,Poribar Unnayon Foundation (FDF),279,Clients' Savings,33121956,53.62,21424790,35.59
2025-06,369,622,00566-00036-00622,Poribar Unnayon Foundation (FDF),279,Loan from Govt.,16751633,27.12,,0.0
2025-06,369,622,00566-00036-00622,Poribar Unnayon Foundation (FDF),279,Loan from Commercial Banks,,0.0,9134639,15.18
2025-06,369,622,00566-00036-00622,Poribar Unnayon Foundation (FDF),279,Other loans,,0.0,19381633,32.2
2025-06,369,622,00566-00036-00622,Poribar Unnayon Foundation (FDF),279,Cumulative Surplus,8976617,14.53,7849996,13.04
2025-06,369,622,00566-00036-00622,Poribar Unnayon Foundation (FDF),279,Other Fund,2926602,4.74,2402351,3.99
2025-06,369,622,00566-00036-00622,Poribar Unnayon Foundation (FDF),279,Total,61776808,100,60193409,100
2025-06,370,785,21112-00211-00785,Pous Foundation,279,Clients' Savings,18436005,17.92,16732562,20.97
2025-06,370,785,21112-00211-00785,Pous Foundation,279,Loan from Commercial Banks,38818787,37.74,27793351,34.83
2025-06,370,785,21112-00211-00785,Pous Foundation,279,Other loans,5593900,5.44,7000000,8.77
2025-06,370,785,21112-00211-00785,Pous Foundation,279,Cumulative Surplus,27844099,27.07,24351055,30.52
2025-06,370,785,21112-00211-00785,Pous Foundation,279,Other Fund,12169771,11.83,3920691,4.91
2025-06,370,785,21112-00211-00785,Pous Foundation,279,Total,102862562,100,79797659,100
2025-06,371,471,03434-00816-00471,Poverty Alleviation and Social Advancement Association (PASAA),279,Clients' Savings,6930317,45.6,6407388,44.41
2025-06,371,471,03434-00816-00471,Poverty Alleviation and Social Advancement Association (PASAA),279,Other loans,1088272,7.16,1309572,9.08
2025-06,371,471,03434-00816-00471,Poverty Alleviation and Social Advancement Association (PASAA),279,Cumulative Surplus,3305698,21.75,3030156,21.0
2025-06,371,471,03434-00816-00471,Poverty Alleviation and Social Advancement Association (PASAA),279,Other Fund,3874571,25.49,3681681,25.52
2025-06,371,471,03434-00816-00471,Poverty Alleviation and Social Advancement Association (PASAA),279,Total,15198858,100,14428797,100
2025-06,372,255,00751-00623-00255,Poverty Alleviation Drive (PADT),280,Clients' Savings,53541511,65.96,40244368,65.23
2025-06,372,255,00751-00623-00255,Poverty Alleviation Drive (PADT),280,Cumulative Surplus,21040392,25.92,20141608,32.65
2025-06,372,255,00751-00623-00255,Poverty Alleviation Drive (PADT),280,Other Fund,6588818,8.12,1310620,2.12
2025-06,372,255,00751-00623-00255,Poverty Alleviation Drive (PADT),280,Total,81170721,100,61696596,100
2025-06,373,107,00571-00090-00107,Poverty Alleviation Through Participatory Rural Initiatives (PAPRI),280,Clients' Savings,185747946,28.12,164909230,27.52
2025-06,373,107,00571-00090-00107,Poverty Alleviation Through Participatory Rural Initiatives (PAPRI),280,Cumulative Surplus,374837391,56.75,383451950,63.98
2025-06,373,107,00571-00090-00107,Poverty Alleviation Through Participatory Rural Initiatives (PAPRI),280,Other Fund,99937030,15.13,50979900,8.51
2025-06,373,107,00571-00090-00107,Poverty Alleviation Through Participatory Rural Initiatives (PAPRI),280,Total,660522367,100,599341080,100
2025-06,374,194,00987-00690-00194,Prodipan,280,Clients' Savings,133981851,56.4,120147292,57.86
2025-06,374,194,00987-00690-00194,Prodipan,280,Loan from PKSF,34709073,14.61,35309073,17.0
2025-06,374,194,00987-00690-00194,Prodipan,280,Other loans,,0.0,932671,0.45
2025-06,374,194,00987-00690-00194,Prodipan,280,Cumulative Surplus,47835804,20.14,33259483,16.02
2025-06,374,194,00987-00690-00194,Prodipan,280,Other Fund,21023057,8.85,17993616,8.67
2025-06,374,194,00987-00690-00194,Prodipan,280,Total,237549785,100,207642135,100
2025-06,375,48,01987-01454-00048,Progoti Samajkallyan Sangstha (PSS),280,Clients' Savings,28312063,27.03,27778848,28.43
2025-06,375,48,01987-01454-00048,Progoti Samajkallyan Sangstha (PSS),280,Loan from PKSF,55550000,53.04,50950000,52.14
2025-06,375,48,01987-01454-00048,Progoti Samajkallyan Sangstha (PSS),280,Loan from Other MFIs,3360000,3.21,,0.0
2025-06,375,48,01987-01454-00048,Progoti Samajkallyan Sangstha (PSS),280,Other loans,,0.0,3360000,3.44
2025-06,375,48,01987-01454-00048,Progoti Samajkallyan Sangstha (PSS),280,Cumulative Surplus,7808874,7.46,7658586,7.84
2025-06,375,48,01987-01454-00048,Progoti Samajkallyan Sangstha (PSS),280,Other Fund,9694552,9.26,7974693,8.16
2025-06,375,48,01987-01454-00048,Progoti Samajkallyan Sangstha (PSS),280,Total,104725489,100,97722127,100
2025-06,376,135,01508-00703-00135,Program for Community Development (PCD),280,Clients' Savings,475577614,17.56,425511243,18.29
2025-06,376,135,01508-00703-00135,Program for Community Development (PCD),280,Loan from PKSF,871200000,32.17,766833321,32.95
2025-06,376,135,01508-00703-00135,Program for Community Development (PCD),280,Loan from Commercial Banks,18536106,0.68,147554090,6.34
2025-06,376,135,01508-00703-00135,Program for Community Development (PCD),280,Other loans,14326750,0.53,37703187,1.62
2025-06,376,135,01508-00703-00135,Program for Community Development (PCD),280,Cumulative Surplus,1177904103,43.5,949409938,40.8
2025-06,376,135,01508-00703-00135,Program for Community Development (PCD),280,Other Fund,150417883,5.55,,0.0
2025-06,376,135,01508-00703-00135,Program for Community Development (PCD),280,Total,2707962456,100,2327011779,100
2025-06,377,793,21112-00042-00793,PROGRAMMES FOR PEOPLES DEVELOPMENT (PPD),280,Clients' Savings,235799522,20.21,206033389,19.35
2025-06,377,793,21112-00042-00793,PROGRAMMES FOR PEOPLES DEVELOPMENT (PPD),280,Loan from PKSF,416833332,35.73,402000000,37.76
2025-06,377,793,21112-00042-00793,PROGRAMMES FOR PEOPLES DEVELOPMENT (PPD),280,Cumulative Surplus,390098705,33.44,365729525,34.35
2025-06,377,793,21112-00042-00793,PROGRAMMES FOR PEOPLES DEVELOPMENT (PPD),280,Other Fund,123955474,10.62,90908592,8.54
2025-06,377,793,21112-00042-00793,PROGRAMMES FOR PEOPLES DEVELOPMENT (PPD),280,Total,1166687033,100,1064671506,100
2025-06,378,844,21112-00003-00844,PROGRESSIVE STAR SOCIETY (P.S.S),280,Clients' Savings,2303910,16.66,1986322,15.01
2025-06,378,844,21112-00003-00844,PROGRESSIVE STAR SOCIETY (P.S.S),280,Other loans,9530500,68.92,9530500,72.04
2025-06,378,844,21112-00003-00844,PROGRESSIVE STAR SOCIETY (P.S.S),280,Cumulative Surplus,1399488,10.12,1225540,9.26
2025-06,378,844,21112-00003-00844,PROGRESSIVE STAR SOCIETY (P.S.S),280,Other Fund,595112,4.3,487399,3.68
2025-06,378,844,21112-00003-00844,PROGRESSIVE STAR SOCIETY (P.S.S),280,Total,13829010,100,13229761,100
2025-06,379,370,03647-01306-00370,PROKAS (Proshikkan Karmasangsthan O Artha-Samajic Unnayan Sangstha),280,Clients' Savings,186014164,51.53,64093900,24.92
2025-06,379,370,03647-01306-00370,PROKAS (Proshikkan Karmasangsthan O Artha-Samajic Unnayan Sangstha),280,Loan from Other MFIs,700000,0.19,,0.0
2025-06,379,370,03647-01306-00370,PROKAS (Proshikkan Karmasangsthan O Artha-Samajic Unnayan Sangstha),280,Loan from Commercial Banks,,0.0,8300000,3.23
2025-06,379,370,03647-01306-00370,PROKAS (Proshikkan Karmasangsthan O Artha-Samajic Unnayan Sangstha),280,Other loans,,0.0,41613000,16.18
2025-06,379,370,03647-01306-00370,PROKAS (Proshikkan Karmasangsthan O Artha-Samajic Unnayan Sangstha),280,Cumulative Surplus,149468823,41.41,112334715,43.68
2025-06,379,370,03647-01306-00370,PROKAS (Proshikkan Karmasangsthan O Artha-Samajic Unnayan Sangstha),280,Other Fund,24798593,6.87,30848171,11.99
2025-06,379,370,03647-01306-00370,PROKAS (Proshikkan Karmasangsthan O Artha-Samajic Unnayan Sangstha),280,Total,360981580,100,257189786,100
2025-06,380,600,00152-03135-00600,Proshika Manabik Unnayan Kendro,281,Clients' Savings,12996500611,52.51,12977541433,63.92
2025-06,380,600,00152-03135-00600,Proshika Manabik Unnayan Kendro,281,Loan from PKSF,1178931251,4.76,729666647,3.59
2025-06,380,600,00152-03135-00600,Proshika Manabik Unnayan Kendro,281,Other loans,3729457446,15.07,204238694,1.01
2025-06,380,600,00152-03135-00600,Proshika Manabik Unnayan Kendro,281,Cumulative Surplus,398934003,1.61,3582413959,17.64
2025-06,380,600,00152-03135-00600,Proshika Manabik Unnayan Kendro,281,Other Fund,6447719968,26.05,2809152500,13.84
2025-06,380,600,00152-03135-00600,Proshika Manabik Unnayan Kendro,281,Total,24751543279,100,20303631540,100
2025-06,381,625,05094-02747-00625,Protibandhi Kallyan Kendro (PKK),281,Clients' Savings,12015253,37.24,10901047,37.48
2025-06,381,625,05094-02747-00625,Protibandhi Kallyan Kendro (PKK),281,Other loans,15351980,47.58,13708980,47.13
2025-06,381,625,05094-02747-00625,Protibandhi Kallyan Kendro (PKK),281,Cumulative Surplus,2393405,7.42,2364024,8.13
2025-06,381,625,05094-02747-00625,Protibandhi Kallyan Kendro (PKK),281,Other Fund,2503379,7.76,2113477,7.27
2025-06,381,625,05094-02747-00625,Protibandhi Kallyan Kendro (PKK),281,Total,32264016,100,29087528,100
2025-06,382,616,01925-03159-00616,Protiddhani Samaj Unnaya Sangstha (PSUS),281,Clients' Savings,5232233,21.0,4544276,18.65
2025-06,382,616,01925-03159-00616,Protiddhani Samaj Unnaya Sangstha (PSUS),281,Loan from Other MFIs,,0.0,6516263,26.75
2025-06,382,616,01925-03159-00616,Protiddhani Samaj Unnaya Sangstha (PSUS),281,Loan from Commercial Banks,6924024,27.79,7190236,29.51
2025-06,382,616,01925-03159-00616,Protiddhani Samaj Unnaya Sangstha (PSUS),281,Other loans,6217620,24.96,,0.0
2025-06,382,616,01925-03159-00616,Protiddhani Samaj Unnaya Sangstha (PSUS),281,Cumulative Surplus,4267270,17.13,4457485,18.3
2025-06,382,616,01925-03159-00616,Protiddhani Samaj Unnaya Sangstha (PSUS),281,Other Fund,2271102,9.12,1653237,6.79
2025-06,382,616,01925-03159-00616,Protiddhani Samaj Unnaya Sangstha (PSUS),281,Total,24912249,100,24361497,100
2025-06,383,568,04558-01053-00568,Protisruti Manobik Bikash Sangstha,281,Clients' Savings,7227091,46.49,7220461,48.85
2025-06,383,568,04558-01053-00568,Protisruti Manobik Bikash Sangstha,281,Other loans,1300000,8.36,750000,5.07
2025-06,383,568,04558-01053-00568,Protisruti Manobik Bikash Sangstha,281,Donors' Fund,,0.0,200000,1.35
2025-06,383,568,04558-01053-00568,Protisruti Manobik Bikash Sangstha,281,Cumulative Surplus,4925533,31.68,4654747,31.49
2025-06,383,568,04558-01053-00568,Protisruti Manobik Bikash Sangstha,281,Other Fund,2094190,13.47,1954560,13.22
2025-06,383,568,04558-01053-00568,Protisruti Manobik Bikash Sangstha,281,Total,15546814,100,14779768,100
2025-06,384,20,02234-00389-00020,Prottoy Unnayan Sangstha (Prottoy),281,Clients' Savings,69335618,40.27,64307320,52.57
2025-06,384,20,02234-00389-00020,Prottoy Unnayan Sangstha (Prottoy),281,Loan from Govt.,4642858,2.7,530540,0.43
2025-06,384,20,02234-00389-00020,Prottoy Unnayan Sangstha (Prottoy),281,Loan from Other MFIs,1800000,1.05,,0.0
2025-06,384,20,02234-00389-00020,Prottoy Unnayan Sangstha (Prottoy),281,Loan from Commercial Banks,9362603,5.44,8679515,7.1
2025-06,384,20,02234-00389-00020,Prottoy Unnayan Sangstha (Prottoy),281,Other loans,36587702,21.25,12056400,9.86
2025-06,384,20,02234-00389-00020,Prottoy Unnayan Sangstha (Prottoy),281,Cumulative Surplus,40627070,23.59,32307364,26.41
2025-06,384,20,02234-00389-00020,Prottoy Unnayan Sangstha (Prottoy),281,Other Fund,9831097,5.71,4449347,3.64
2025-06,384,20,02234-00389-00020,Prottoy Unnayan Sangstha (Prottoy),281,Total,172186948,100,122330486,100
2025-06,385,145,00940-00304-00145,Prottyashi,281,Clients' Savings,5152904510,42.87,4925705123,45.76
2025-06,385,145,00940-00304-00145,Prottyashi,281,Loan from PKSF,1323816662,11.01,1024166670,9.52
2025-06,385,145,00940-00304-00145,Prottyashi,281,Cumulative Surplus,4642002065,38.62,4092592981,38.02
2025-06,385,145,00940-00304-00145,Prottyashi,281,Other Fund,902022689,7.5,721066369,6.7
2025-06,385,145,00940-00304-00145,Prottyashi,281,Total,12020745926,100,10763531143,100
2025-06,386,248,00978-00986-00248,Proyas Manobik Unnayan Society,281,Clients' Savings,843586925,32.18,735237344,29.89
2025-06,386,248,00978-00986-00248,Proyas Manobik Unnayan Society,281,Loan from PKSF,1057616624,40.35,1003707778,40.81
2025-06,386,248,00978-00986-00248,Proyas Manobik Unnayan Society,281,Loan from Commercial Banks,292596619,11.16,200729987,8.16
2025-06,386,248,00978-00986-00248,Proyas Manobik Unnayan Society,281,Other loans,10805761,0.41,100785972,4.1
2025-06,386,248,00978-00986-00248,Proyas Manobik Unnayan Society,281,Cumulative Surplus,283437351,10.81,243038898,9.88
2025-06,386,248,00978-00986-00248,Proyas Manobik Unnayan Society,281,Other Fund,133032907,5.08,176021216,7.16
2025-06,386,248,00978-00986-00248,Proyas Manobik Unnayan Society,281,Total,2621076187,100,2459521196,100
2025-06,387,439,03596-01741-00439,Proyash Unnayan Sangstha,282,Clients' Savings,19867404,40.5,21362704,46.31
2025-06,387,439,03596-01741-00439,Proyash Unnayan Sangstha,282,Other loans,3280079,6.69,,0.0
2025-06,387,439,03596-01741-00439,Proyash Unnayan Sangstha,282,Cumulative Surplus,16901350,34.46,18246165,39.56
2025-06,387,439,03596-01741-00439,Proyash Unnayan Sangstha,282,Other Fund,9000736,18.35,6519456,14.13
2025-06,387,439,03596-01741-00439,Proyash Unnayan Sangstha,282,Total,49049569,100,46128325,100
2025-06,388,779,21112-00691-00779,PUSPO POLLI UNNAYAN SONGSTHA,282,Clients' Savings,6735748,27.25,7132271,28.3
2025-06,388,779,21112-00691-00779,PUSPO POLLI UNNAYAN SONGSTHA,282,Other loans,7731037,31.27,6914381,27.43
2025-06,388,779,21112-00691-00779,PUSPO POLLI UNNAYAN SONGSTHA,282,Cumulative Surplus,7379304,29.85,10667520,42.33
2025-06,388,779,21112-00691-00779,PUSPO POLLI UNNAYAN SONGSTHA,282,Other Fund,2874909,11.63,489041,1.94
2025-06,388,779,21112-00691-00779,PUSPO POLLI UNNAYAN SONGSTHA,282,Total,24720998,100,25203213,100
2025-06,389,74,02107-00182-00074,Rajshahi Social Development Program (RSDP),282,Clients' Savings,44997210,34.51,39819182,29.78
2025-06,389,74,02107-00182-00074,Rajshahi Social Development Program (RSDP),282,Loan from Commercial Banks,65751515,50.42,78166412,58.47
2025-06,389,74,02107-00182-00074,Rajshahi Social Development Program (RSDP),282,Cumulative Surplus,16434445,12.6,12855325,9.62
2025-06,389,74,02107-00182-00074,Rajshahi Social Development Program (RSDP),282,Other Fund,3214421,2.47,2854926,2.14
2025-06,389,74,02107-00182-00074,Rajshahi Social Development Program (RSDP),282,Total,130397591,100,133695845,100
2025-06,390,457,00933-00078-00457,Rangpur Health & Education Improvement Society (RHEIS),282,Clients' Savings,6413767,34.11,4380260,20.15
2025-06,390,457,00933-00078-00457,Rangpur Health & Education Improvement Society (RHEIS),282,Other loans,5245000,27.89,,0.0
2025-06,390,457,00933-00078-00457,Rangpur Health & Education Improvement Society (RHEIS),282,Cumulative Surplus,2915625,15.51,2754815,12.67
2025-06,390,457,00933-00078-00457,Rangpur Health & Education Improvement Society (RHEIS),282,Other Fund,4229750,22.49,14608170,67.18
2025-06,390,457,00933-00078-00457,Rangpur Health & Education Improvement Society (RHEIS),282,Total,18804142,100,21743245,100
2025-06,391,76,02547-00551-00076,Rangpur Unnayan Samajik Sangstha (RDSS),282,Clients' Savings,6872659,21.29,6936442,23.49
2025-06,391,76,02547-00551-00076,Rangpur Unnayan Samajik Sangstha (RDSS),282,Other loans,9599413,29.74,9504584,32.18
2025-06,391,76,02547-00551-00076,Rangpur Unnayan Samajik Sangstha (RDSS),282,Cumulative Surplus,11322363,35.07,9309433,31.52
2025-06,391,76,02547-00551-00076,Rangpur Unnayan Samajik Sangstha (RDSS),282,Other Fund,4488415,13.9,3783568,12.81
2025-06,391,76,02547-00551-00076,Rangpur Unnayan Samajik Sangstha (RDSS),282,Total,32282850,100,29534027,100
2025-06,392,820,21112-00210-00820,Raymajhira Sabuj Sangha (RSS),282,Clients' Savings,3874288,27.37,2667515,23.9
2025-06,392,820,21112-00210-00820,Raymajhira Sabuj Sangha (RSS),282,Other loans,4372200,30.88,2683200,24.04
2025-06,392,820,21112-00210-00820,Raymajhira Sabuj Sangha (RSS),282,Cumulative Surplus,5012861,35.41,4837565,43.34
2025-06,392,820,21112-00210-00820,Raymajhira Sabuj Sangha (RSS),282,Other Fund,897480,6.34,974491,8.73
2025-06,392,820,21112-00210-00820,Raymajhira Sabuj Sangha (RSS),282,Total,14156829,100,11162771,100
2025-06,393,192,00143-00175-00192,RDRS Bangladesh,282,Clients' Savings,5500859883,32.97,5024571781,32.97
2025-06,393,192,00143-00175-00192,RDRS Bangladesh,282,Loan from PKSF,2038036666,12.22,1898349998,12.46
2025-06,393,192,00143-00175-00192,RDRS Bangladesh,282,Loan from Commercial Banks,4504390362,27.0,4170212682,27.36
2025-06,393,192,00143-00175-00192,RDRS Bangladesh,282,Other loans,362733969,2.17,549248131,3.6
2025-06,393,192,00143-00175-00192,RDRS Bangladesh,282,Donors' Fund,739846871,4.43,738521274,4.85
2025-06,393,192,00143-00175-00192,RDRS Bangladesh,282,Cumulative Surplus,2635071986,15.79,2407674115,15.8
2025-06,393,192,00143-00175-00192,RDRS Bangladesh,282,Other Fund,902311627,5.41,450841631,2.96
2025-06,393,192,00143-00175-00192,RDRS Bangladesh,282,Total,16683251364,100,15239419612,100
2025-06,394,652,00302-01029-00652,Relation,283,Clients' Savings,3068793,47.23,2412084,47.43
2025-06,394,652,00302-01029-00652,Relation,283,Cumulative Surplus,2459218,37.85,1991129,39.16
2025-06,394,652,00302-01029-00652,Relation,283,Other Fund,969411,14.92,681855,13.41
2025-06,394,652,00302-01029-00652,Relation,283,Total,6497422,100,5085068,100
2025-06,395,429,00924-00476-00429,Resource Development Foundation (RDF),283,Clients' Savings,133304892,12.0,156910900,12.36
2025-06,395,429,00924-00476-00429,Resource Development Foundation (RDF),283,Loan from Commercial Banks,479415901,43.16,479415901,37.77
2025-06,395,429,00924-00476-00429,Resource Development Foundation (RDF),283,Other loans,399655112,35.98,431938528,34.03
2025-06,395,429,00924-00476-00429,Resource Development Foundation (RDF),283,Cumulative Surplus,52332565,4.71,50490070,3.98
2025-06,395,429,00924-00476-00429,Resource Development Foundation (RDF),283,Other Fund,46102292,4.15,150532613,11.86
2025-06,395,429,00924-00476-00429,Resource Development Foundation (RDF),283,Total,1110810762,100,1269288012,100
2025-06,396,167,00349-01375-00167,Resource Integration Centre (RIC),283,Clients' Savings,5673048053,25.84,4734556787,26.43
2025-06,396,167,00349-01375-00167,Resource Integration Centre (RIC),283,Loan from PKSF,2438758320,11.11,1953676660,10.9
2025-06,396,167,00349-01375-00167,Resource Integration Centre (RIC),283,Loan from Other MFIs,7797287520,35.51,,0.0
2025-06,396,167,00349-01375-00167,Resource Integration Centre (RIC),283,Loan from Commercial Banks,2631454720,11.99,7258604259,40.52
2025-06,396,167,00349-01375-00167,Resource Integration Centre (RIC),283,Other loans,,0.0,1507117895,8.41
2025-06,396,167,00349-01375-00167,Resource Integration Centre (RIC),283,Cumulative Surplus,2273064234,10.35,1864635721,10.41
2025-06,396,167,00349-01375-00167,Resource Integration Centre (RIC),283,Other Fund,1141354170,5.2,596880758,3.33
2025-06,396,167,00349-01375-00167,Resource Integration Centre (RIC),283,Total,21954967017,100,17915472080,100
2025-06,397,664,02450-02480-00664,Retired Grameen Banker’s Foundation,283,Clients' Savings,6432477,91.13,5569831,40.72
2025-06,397,664,02450-02480-00664,Retired Grameen Banker’s Foundation,283,Loan from Commercial Banks,526750,7.46,1019684,7.45
2025-06,397,664,02450-02480-00664,Retired Grameen Banker’s Foundation,283,Other loans,4551210,64.48,6103320,44.62
2025-06,397,664,02450-02480-00664,Retired Grameen Banker’s Foundation,283,Cumulative Surplus,-5261739,-74.54,205966,1.51
2025-06,397,664,02450-02480-00664,Retired Grameen Banker’s Foundation,283,Other Fund,809974,11.47,780604,5.71
2025-06,397,664,02450-02480-00664,Retired Grameen Banker’s Foundation,283,Total,7058672,100,13679405,100
2025-06,398,611,00018-00267-00611,RISDA- Bangladesh,283,Clients' Savings,30397617,58.97,29881863,32.86
2025-06,398,611,00018-00267-00611,RISDA- Bangladesh,283,Loan from Commercial Banks,,0.0,20354000,22.38
2025-06,398,611,00018-00267-00611,RISDA- Bangladesh,283,Other loans,,0.0,20980406,23.07
2025-06,398,611,00018-00267-00611,RISDA- Bangladesh,283,Cumulative Surplus,11944626,23.17,10138906,11.15
2025-06,398,611,00018-00267-00611,RISDA- Bangladesh,283,Other Fund,9205648,17.86,9583677,10.54
2025-06,398,611,00018-00267-00611,RISDA- Bangladesh,283,Total,51547891,100,90938852,100
2025-06,399,843,21112-0295-00843,Rishi Foundation,283,Clients' Savings,86940196,45.83,92397417,46.27
2025-06,399,843,21112-0295-00843,Rishi Foundation,283,Loan from Commercial Banks,789271,0.42,1327834,0.66
2025-06,399,843,21112-0295-00843,Rishi Foundation,283,Other loans,24940374,13.15,30718344,15.38
2025-06,399,843,21112-0295-00843,Rishi Foundation,283,Cumulative Surplus,55591612,29.3,53454212,26.77
2025-06,399,843,21112-0295-00843,Rishi Foundation,283,Other Fund,21445760,11.3,21803716,10.92
2025-06,399,843,21112-0295-00843,Rishi Foundation,283,Total,189707213,100,199701523,100
2025-06,400,138,00858-00806-00138,Rova Foundation,283,Clients' Savings,182210363,20.35,157786260,21.78
2025-06,400,138,00858-00806-00138,Rova Foundation,283,Loan from PKSF,496499999,55.45,391633335,54.07
2025-06,400,138,00858-00806-00138,Rova Foundation,283,Loan from Other MFIs,7589424,0.85,7589424,1.05
2025-06,400,138,00858-00806-00138,Rova Foundation,283,Loan from Commercial Banks,,0.0,10866951,1.5
2025-06,400,138,00858-00806-00138,Rova Foundation,283,Other loans,3928574,0.44,,0.0
2025-06,400,138,00858-00806-00138,Rova Foundation,283,Cumulative Surplus,151836644,16.96,118957848,16.42
2025-06,400,138,00858-00806-00138,Rova Foundation,283,Other Fund,53358673,5.96,37531139,5.18
2025-06,400,138,00858-00806-00138,Rova Foundation,283,Total,895423677,100,724364957,100
2025-06,401,478,04097-03718-00478,Rural & Urban People’s Association (RUPA),284,Clients' Savings,10130596,20.85,10795276,20.79
2025-06,401,478,04097-03718-00478,Rural & Urban People’s Association (RUPA),284,Loan from Commercial Banks,4156528,8.55,5834764,11.24
2025-06,401,478,04097-03718-00478,Rural & Urban People’s Association (RUPA),284,Other loans,28680000,59.03,29930000,57.64
2025-06,401,478,04097-03718-00478,Rural & Urban People’s Association (RUPA),284,Cumulative Surplus,3570209,7.35,3355483,6.46
2025-06,401,478,04097-03718-00478,Rural & Urban People’s Association (RUPA),284,Other Fund,2051871,4.22,2011105,3.87
2025-06,401,478,04097-03718-00478,Rural & Urban People’s Association (RUPA),284,Total,48589204,100,51926628,100
2025-06,402,827,21112-01068-00827,RUPASHI BANGLA UNNAYAN SANGSTHA (RBUS),284,Clients' Savings,5038373,24.73,5535612,28.01
2025-06,402,827,21112-01068-00827,RUPASHI BANGLA UNNAYAN SANGSTHA (RBUS),284,Other loans,9500000,46.62,9700000,49.09
2025-06,402,827,21112-01068-00827,RUPASHI BANGLA UNNAYAN SANGSTHA (RBUS),284,Cumulative Surplus,5837306,28.65,4524749,22.9
2025-06,402,827,21112-01068-00827,RUPASHI BANGLA UNNAYAN SANGSTHA (RBUS),284,Total,20375679,100,19760361,100
2025-06,403,771,21112-00273-00771,RUPOSHI BANGLA SOCIETY,284,Clients' Savings,4946720,33.09,5429721,34.33
2025-06,403,771,21112-00273-00771,RUPOSHI BANGLA SOCIETY,284,Other loans,6736000,45.05,7210000,45.58
2025-06,403,771,21112-00273-00771,RUPOSHI BANGLA SOCIETY,284,Cumulative Surplus,2560948,17.13,2510881,15.87
2025-06,403,771,21112-00273-00771,RUPOSHI BANGLA SOCIETY,284,Other Fund,707239,4.73,666354,4.21
2025-06,403,771,21112-00273-00771,RUPOSHI BANGLA SOCIETY,284,Total,14950907,100,15816956,100
2025-06,404,120,00903-04841-00120,Rural Advancement Committee for Bangladesh (RAC-angladesh),284,Clients' Savings,2367512,21.22,4546828,36.18
2025-06,404,120,00903-04841-00120,Rural Advancement Committee for Bangladesh (RAC-angladesh),284,Loan from Other MFIs,3779905,33.89,1131942,9.01
2025-06,404,120,00903-04841-00120,Rural Advancement Committee for Bangladesh (RAC-angladesh),284,Loan from Commercial Banks,6328190,56.73,5499230,43.76
2025-06,404,120,00903-04841-00120,Rural Advancement Committee for Bangladesh (RAC-angladesh),284,Other loans,2500,0.02,3947803,31.42
2025-06,404,120,00903-04841-00120,Rural Advancement Committee for Bangladesh (RAC-angladesh),284,Cumulative Surplus,-2473222,-22.17,-2562534,-20.39
2025-06,404,120,00903-04841-00120,Rural Advancement Committee for Bangladesh (RAC-angladesh),284,Other Fund,1149582,10.31,2500,0.02
2025-06,404,120,00903-04841-00120,Rural Advancement Committee for Bangladesh (RAC-angladesh),284,Total,11154467,100,12565769,100
2025-06,405,692,03012-02315-00692,Rural Advancement Committee (RAC),284,Clients' Savings,11720977,25.33,11208248,25.66
2025-06,405,692,03012-02315-00692,Rural Advancement Committee (RAC),284,Loan from Govt.,2322727,5.02,,0.0
2025-06,405,692,03012-02315-00692,Rural Advancement Committee (RAC),284,Other loans,15669400,33.87,,0.0
2025-06,405,692,03012-02315-00692,Rural Advancement Committee (RAC),284,Cumulative Surplus,,0.0,16003744,36.65
2025-06,405,692,03012-02315-00692,Rural Advancement Committee (RAC),284,Other Fund,16553532,35.78,16459981,37.69
2025-06,405,692,03012-02315-00692,Rural Advancement Committee (RAC),284,Total,46266636,100,43671973,100
2025-06,406,262,01565-00555-00262,Rural Development and Welfare Foundation,284,Clients' Savings,74380760,30.93,72273481,31.67
2025-06,406,262,01565-00555-00262,Rural Development and Welfare Foundation,284,Loan from Commercial Banks,5000000,2.08,12500000,5.48
2025-06,406,262,01565-00555-00262,Rural Development and Welfare Foundation,284,Other loans,15935320,6.63,77550000,33.98
2025-06,406,262,01565-00555-00262,Rural Development and Welfare Foundation,284,Cumulative Surplus,49784543,20.7,48761942,21.37
2025-06,406,262,01565-00555-00262,Rural Development and Welfare Foundation,284,Other Fund,95353448,39.66,17128139,7.51
2025-06,406,262,01565-00555-00262,Rural Development and Welfare Foundation,284,Total,240454071,100,228213562,100
2025-06,407,681,00097-02216-00681,Rural Development Associate (RDA),284,Clients' Savings,4194792,33.55,1687934,16.61
2025-06,407,681,00097-02216-00681,Rural Development Associate (RDA),284,Cumulative Surplus,7905046,63.23,8046727,79.2
2025-06,407,681,00097-02216-00681,Rural Development Associate (RDA),284,Other Fund,402473,3.22,425837,4.19
2025-06,407,681,00097-02216-00681,Rural Development Associate (RDA),284,Total,12502311,100,10160498,100
2025-06,408,374,00193-00028-00374,Rural Development Sangstha (RDS),284,Clients' Savings,544380395,26.87,435423663,25.9
2025-06,408,374,00193-00028-00374,Rural Development Sangstha (RDS),284,Loan from PKSF,926374983,45.73,785420817,46.72
2025-06,408,374,00193-00028-00374,Rural Development Sangstha (RDS),284,Loan from Other MFIs,,0.0,22253030,1.32
2025-06,408,374,00193-00028-00374,Rural Development Sangstha (RDS),284,Loan from Commercial Banks,127296979,6.28,131977484,7.85
2025-06,408,374,00193-00028-00374,Rural Development Sangstha (RDS),284,Other loans,30119871,1.49,78585024,4.67
2025-06,408,374,00193-00028-00374,Rural Development Sangstha (RDS),284,Cumulative Surplus,279969745,13.82,227033401,13.51
2025-06,408,374,00193-00028-00374,Rural Development Sangstha (RDS),284,Other Fund,117659139,5.81,387287,0.02
2025-06,408,374,00193-00028-00374,Rural Development Sangstha (RDS),284,Total,2025801112,100,1681080706,100
2025-06,409,432,00964-00780-00432,Rural Economic Development Aid Society (REDAS),285,Clients' Savings,16226431,26.78,25493112,37.12
2025-06,409,432,00964-00780-00432,Rural Economic Development Aid Society (REDAS),285,Other loans,509589,0.84,,0.0
2025-06,409,432,00964-00780-00432,Rural Economic Development Aid Society (REDAS),285,Cumulative Surplus,23950500,39.52,25684621,37.4
2025-06,409,432,00964-00780-00432,Rural Economic Development Aid Society (REDAS),285,Other Fund,19909683,32.86,17503334,25.48
2025-06,409,432,00964-00780-00432,Rural Economic Development Aid Society (REDAS),285,Total,60596203,100,68681067,100
2025-06,410,206,02453-02558-00206,Rural Economic Support & Care for the Under Privileged (RESCUE),285,Clients' Savings,61247203,21.22,49322932,20.61
2025-06,410,206,02453-02558-00206,Rural Economic Support & Care for the Under Privileged (RESCUE),285,Loan from PKSF,163483330,56.64,145199999,60.67
2025-06,410,206,02453-02558-00206,Rural Economic Support & Care for the Under Privileged (RESCUE),285,Loan from Govt.,6928572,2.4,892861,0.37
2025-06,410,206,02453-02558-00206,Rural Economic Support & Care for the Under Privileged (RESCUE),285,Cumulative Surplus,43330605,15.01,33600561,14.04
2025-06,410,206,02453-02558-00206,Rural Economic Support & Care for the Under Privileged (RESCUE),285,Other Fund,13639959,4.73,10304265,4.31
2025-06,410,206,02453-02558-00206,Rural Economic Support & Care for the Under Privileged (RESCUE),285,Total,288629669,100,239320618,100
2025-06,411,834,21112-01143-00834,Rural Environment Education And Economic Development Society (REEEDS),285,Clients' Savings,3812263,24.53,3874307,27.22
2025-06,411,834,21112-01143-00834,Rural Environment Education And Economic Development Society (REEEDS),285,Loan from Other MFIs,1874175,12.06,,0.0
2025-06,411,834,21112-01143-00834,Rural Environment Education And Economic Development Society (REEEDS),285,Donors' Fund,,0.0,4793000,33.68
2025-06,411,834,21112-01143-00834,Rural Environment Education And Economic Development Society (REEEDS),285,Cumulative Surplus,5263310,33.86,3886879,27.31
2025-06,411,834,21112-01143-00834,Rural Environment Education And Economic Development Society (REEEDS),285,Other Fund,4593000,29.55,1678341,11.79
2025-06,411,834,21112-01143-00834,Rural Environment Education And Economic Development Society (REEEDS),285,Total,15542748,100,14232527,100
2025-06,412,291,00773-00195-00291,Rural Health Education and Credit Organization (Rheco),285,Clients' Savings,210517235,22.08,150944142,19.71
2025-06,412,291,00773-00195-00291,Rural Health Education and Credit Organization (Rheco),285,Loan from PKSF,387333332,40.63,283500000,37.01
2025-06,412,291,00773-00195-00291,Rural Health Education and Credit Organization (Rheco),285,Loan from Commercial Banks,88396365,9.27,113137695,14.77
2025-06,412,291,00773-00195-00291,Rural Health Education and Credit Organization (Rheco),285,Other loans,94210000,9.88,84470000,11.03
2025-06,412,291,00773-00195-00291,Rural Health Education and Credit Organization (Rheco),285,Cumulative Surplus,117144866,12.29,89297538,11.66
2025-06,412,291,00773-00195-00291,Rural Health Education and Credit Organization (Rheco),285,Other Fund,55640442,5.84,44629325,5.83
2025-06,412,291,00773-00195-00291,Rural Health Education and Credit Organization (Rheco),285,Total,953242240,100,765978700,100
2025-06,413,26,01372-00199-00026,Rural Reconstruction Foundation,285,Clients' Savings,8911345837,38.31,5798693839,31.11
2025-06,413,26,01372-00199-00026,Rural Reconstruction Foundation,285,Loan from PKSF,1893422731,8.14,1832828491,9.83
2025-06,413,26,01372-00199-00026,Rural Reconstruction Foundation,285,Loan from Commercial Banks,8575940317,36.87,7779547661,41.74
2025-06,413,26,01372-00199-00026,Rural Reconstruction Foundation,285,Cumulative Surplus,3109650911,13.37,2613241799,14.02
2025-06,413,26,01372-00199-00026,Rural Reconstruction Foundation,285,Other Fund,769936197,3.31,614933637,3.3
2025-06,413,26,01372-00199-00026,Rural Reconstruction Foundation,285,Total,23260295993,100,18639245428,100
2025-06,414,752,06616-04316-00752,Rural Reconstruction Society (R.R.S),285,Clients' Savings,1612200,15.52,1548800,16.0
2025-06,414,752,06616-04316-00752,Rural Reconstruction Society (R.R.S),285,Cumulative Surplus,6007367,57.84,6291352,65.01
2025-06,414,752,06616-04316-00752,Rural Reconstruction Society (R.R.S),285,Other Fund,2765738,26.63,1837500,18.99
2025-06,414,752,06616-04316-00752,Rural Reconstruction Society (R.R.S),285,Total,10385305,100,9677652,100
2025-06,415,640,00827-01334-00640,Rural Youth Development Organization (RYDO),285,Clients' Savings,28225748,47.51,24733570,49.73
2025-06,415,640,00827-01334-00640,Rural Youth Development Organization (RYDO),285,Other loans,14859100,25.01,12778000,25.69
2025-06,415,640,00827-01334-00640,Rural Youth Development Organization (RYDO),285,Cumulative Surplus,11263405,18.96,11159109,22.44
2025-06,415,640,00827-01334-00640,Rural Youth Development Organization (RYDO),285,Other Fund,5060778,8.52,1063963,2.14
2025-06,415,640,00827-01334-00640,Rural Youth Development Organization (RYDO),285,Total,59409031,100,49734642,100
2025-06,416,833,21112-00034-00833,S T R Foundation,285,Clients' Savings,13473630,46.25,11950949,48.05
2025-06,416,833,21112-00034-00833,S T R Foundation,285,Other loans,1243000,4.27,1243000,5.0
2025-06,416,833,21112-00034-00833,S T R Foundation,285,Cumulative Surplus,14417038,49.49,11676108,46.95
2025-06,416,833,21112-00034-00833,S T R Foundation,285,Total,29133668,100,24870057,100
2025-06,417,582,00784-00485-00582,Society Development Committee (SDC),286,Clients' Savings,19353849,55.2,18055475,56.82
2025-06,417,582,00784-00485-00582,Society Development Committee (SDC),286,Loan from Other MFIs,,0.0,500000,1.57
2025-06,417,582,00784-00485-00582,Society Development Committee (SDC),286,Loan from Commercial Banks,1120000,3.19,1120000,3.52
2025-06,417,582,00784-00485-00582,Society Development Committee (SDC),286,Cumulative Surplus,,0.0,9963550,31.36
2025-06,417,582,00784-00485-00582,Society Development Committee (SDC),286,Other Fund,14584578,41.6,2135800,6.72
2025-06,417,582,00784-00485-00582,Society Development Committee (SDC),286,Total,35058427,100,31774825,100
2025-06,418,122,01117-02418-00122,Saat Ichchha Manabik Unnayan Sangstha (SIMUS),286,Clients' Savings,2241299,42.56,2177809,34.43
2025-06,418,122,01117-02418-00122,Saat Ichchha Manabik Unnayan Sangstha (SIMUS),286,Other loans,2761420,52.43,3714220,58.72
2025-06,418,122,01117-02418-00122,Saat Ichchha Manabik Unnayan Sangstha (SIMUS),286,Cumulative Surplus,223277,4.24,186871,2.95
2025-06,418,122,01117-02418-00122,Saat Ichchha Manabik Unnayan Sangstha (SIMUS),286,Other Fund,40720,0.77,246465,3.9
2025-06,418,122,01117-02418-00122,Saat Ichchha Manabik Unnayan Sangstha (SIMUS),286,Total,5266716,100,6325365,100
2025-06,419,224,00696-01519-00224,Sabalamby Unnayan Samity,286,Clients' Savings,76376262,38.83,66267738,39.05
2025-06,419,224,00696-01519-00224,Sabalamby Unnayan Samity,286,Loan from PKSF,79818000,40.58,69568000,40.99
2025-06,419,224,00696-01519-00224,Sabalamby Unnayan Samity,286,Loan from Other MFIs,,0.0,20310964,11.97
2025-06,419,224,00696-01519-00224,Sabalamby Unnayan Samity,286,Cumulative Surplus,18620234,9.47,13045056,7.69
2025-06,419,224,00696-01519-00224,Sabalamby Unnayan Samity,286,Other Fund,21891996,11.13,522753,0.31
2025-06,419,224,00696-01519-00224,Sabalamby Unnayan Samity,286,Total,196706492,100,169714511,100
2025-06,420,865,21112-00669-00865,SABUJ BANGLA ARTHO SAMAJIK UNNAYAN SANGSTHA,286,Clients' Savings,19701266,44.24,19791566,43.24
2025-06,420,865,21112-00669-00865,SABUJ BANGLA ARTHO SAMAJIK UNNAYAN SANGSTHA,286,Loan from Commercial Banks,,0.0,1882369,4.11
2025-06,420,865,21112-00669-00865,SABUJ BANGLA ARTHO SAMAJIK UNNAYAN SANGSTHA,286,Other loans,19131500,42.96,18987500,41.48
2025-06,420,865,21112-00669-00865,SABUJ BANGLA ARTHO SAMAJIK UNNAYAN SANGSTHA,286,Cumulative Surplus,2363822,5.31,1650569,3.61
2025-06,420,865,21112-00669-00865,SABUJ BANGLA ARTHO SAMAJIK UNNAYAN SANGSTHA,286,Other Fund,3333638,7.49,3460448,7.56
2025-06,420,865,21112-00669-00865,SABUJ BANGLA ARTHO SAMAJIK UNNAYAN SANGSTHA,286,Total,44530226,100,45772452,100
2025-06,421,212,02461-01449-00212,Sachetan Society (SS),286,Clients' Savings,149531457,36.97,164842782,34.41
2025-06,421,212,02461-01449-00212,Sachetan Society (SS),286,Loan from PKSF,154766665,38.27,223783331,46.72
2025-06,421,212,02461-01449-00212,Sachetan Society (SS),286,Loan from Commercial Banks,35064993,8.67,31474882,6.57
2025-06,421,212,02461-01449-00212,Sachetan Society (SS),286,Cumulative Surplus,34189567,8.45,32822951,6.85
2025-06,421,212,02461-01449-00212,Sachetan Society (SS),286,Other Fund,30895444,7.64,26085313,5.45
2025-06,421,212,02461-01449-00212,Sachetan Society (SS),286,Total,404448126,100,479009259,100
2025-06,422,603,05041-02232-00603,SAGAR,286,Clients' Savings,13627858,57.65,11579302,58.46
2025-06,422,603,05041-02232-00603,SAGAR,286,Cumulative Surplus,6063998,25.65,5414112,27.33
2025-06,422,603,05041-02232-00603,SAGAR,286,Other Fund,3947817,16.7,2813423,14.2
2025-06,422,603,05041-02232-00603,SAGAR,286,Total,23639673,100,19806837,100
2025-06,423,117,00508-00062-00117,Sagarika Samaj Unnayan Sangstha (SSUS),286,Clients' Savings,2110844982,40.0,1840249898,41.33
2025-06,423,117,00508-00062-00117,Sagarika Samaj Unnayan Sangstha (SSUS),286,Loan from PKSF,1574895240,29.85,1157869322,26.0
2025-06,423,117,00508-00062-00117,Sagarika Samaj Unnayan Sangstha (SSUS),286,Loan from Commercial Banks,431033416,8.17,513524203,11.53
2025-06,423,117,00508-00062-00117,Sagarika Samaj Unnayan Sangstha (SSUS),286,Other loans,208970000,3.96,,0.0
2025-06,423,117,00508-00062-00117,Sagarika Samaj Unnayan Sangstha (SSUS),286,Cumulative Surplus,774805323,14.68,689707632,15.49
2025-06,423,117,00508-00062-00117,Sagarika Samaj Unnayan Sangstha (SSUS),286,Other Fund,176165154,3.34,251576997,5.65
2025-06,423,117,00508-00062-00117,Sagarika Samaj Unnayan Sangstha (SSUS),286,Total,5276714115,100,4452928052,100
2025-06,424,301,02536-00744-00301,SAHAI- (Sesshashebi Pally Unnayan Sangstha),286,Clients' Savings,3656755,22.53,4079200,25.45
2025-06,424,301,02536-00744-00301,SAHAI- (Sesshashebi Pally Unnayan Sangstha),286,Other loans,669558,4.13,43578,0.27
2025-06,424,301,02536-00744-00301,SAHAI- (Sesshashebi Pally Unnayan Sangstha),286,Cumulative Surplus,6740185,41.54,6718542,41.92
2025-06,424,301,02536-00744-00301,SAHAI- (Sesshashebi Pally Unnayan Sangstha),286,Other Fund,5161025,31.8,5186475,32.36
2025-06,424,301,02536-00744-00301,SAHAI- (Sesshashebi Pally Unnayan Sangstha),286,Total,16227523,100,16027795,100
2025-06,425,155,00251-00155(K)-155,Sajida Foundation (SF),287,Clients' Savings,14270180150,39.59,13437812716,34.51
2025-06,425,155,00251-00155(K)-155,Sajida Foundation (SF),287,Loan from PKSF,1110000000,3.08,,0.0
2025-06,425,155,00251-00155(K)-155,Sajida Foundation (SF),287,Loan from Govt.,410000000,1.14,410000000,1.05
2025-06,425,155,00251-00155(K)-155,Sajida Foundation (SF),287,Loan from Commercial Banks,14110541867,39.15,18801581281,48.28
2025-06,425,155,00251-00155(K)-155,Sajida Foundation (SF),287,Other loans,652658194,1.81,1279816676,3.29
2025-06,425,155,00251-00155(K)-155,Sajida Foundation (SF),287,Cumulative Surplus,4943003736,13.71,4500160760,11.56
2025-06,425,155,00251-00155(K)-155,Sajida Foundation (SF),287,Other Fund,545773279,1.51,512557010,1.32
2025-06,425,155,00251-00155(K)-155,Sajida Foundation (SF),287,Total,36042157226,100,38941928442,100
2025-06,426,6,03073-00100-00006,Samadhan,287,Clients' Savings,822624032,34.82,750350617,37.47
2025-06,426,6,03073-00100-00006,Samadhan,287,Loan from PKSF,843466672,35.7,735283336,36.72
2025-06,426,6,03073-00100-00006,Samadhan,287,Loan from Commercial Banks,224474154,9.5,160464788,8.01
2025-06,426,6,03073-00100-00006,Samadhan,287,Other loans,16000000,0.68,,0.0
2025-06,426,6,03073-00100-00006,Samadhan,287,Cumulative Surplus,413750287,17.51,352092909,17.58
2025-06,426,6,03073-00100-00006,Samadhan,287,Other Fund,42416776,1.8,4285708,0.21
2025-06,426,6,03073-00100-00006,Samadhan,287,Total,2362731921,100,2002477358,100
2025-06,427,838,21112-0809-00838,Samahar-Woman And Child Development Society (Samahar),287,Clients' Savings,45117890,35.01,35712268,32.78
2025-06,427,838,21112-0809-00838,Samahar-Woman And Child Development Society (Samahar),287,Cumulative Surplus,11910232,9.24,9849121,9.04
2025-06,427,838,21112-0809-00838,Samahar-Woman And Child Development Society (Samahar),287,Other Fund,71828130,55.74,63378309,58.18
2025-06,427,838,21112-0809-00838,Samahar-Woman And Child Development Society (Samahar),287,Total,128856252,100,108939698,100
2025-06,428,82,00729-00046-00082,Samaj Unnayan Kendra (SUK),287,Clients' Savings,365045526,33.28,314700253,34.21
2025-06,428,82,00729-00046-00082,Samaj Unnayan Kendra (SUK),287,Loan from Commercial Banks,81489612,7.43,65355585,7.11
2025-06,428,82,00729-00046-00082,Samaj Unnayan Kendra (SUK),287,Other loans,14123561,1.29,9981869,1.09
2025-06,428,82,00729-00046-00082,Samaj Unnayan Kendra (SUK),287,Donors' Fund,1774690,0.16,1767690,0.19
2025-06,428,82,00729-00046-00082,Samaj Unnayan Kendra (SUK),287,Cumulative Surplus,527958088,48.13,440282320,47.87
2025-06,428,82,00729-00046-00082,Samaj Unnayan Kendra (SUK),287,Other Fund,106596794,9.72,87710315,9.54
2025-06,428,82,00729-00046-00082,Samaj Unnayan Kendra (SUK),287,Total,1096988271,100,919798032,100
2025-06,429,150,06113-01586-00150,Samajik Sheba Shongothon,287,Clients' Savings,3477865895,60.97,3157481699,64.75
2025-06,429,150,06113-01586-00150,Samajik Sheba Shongothon,287,Loan from PKSF,631000000,11.06,544949999,11.18
2025-06,429,150,06113-01586-00150,Samajik Sheba Shongothon,287,Loan from Other MFIs,625421121,10.96,,0.0
2025-06,429,150,06113-01586-00150,Samajik Sheba Shongothon,287,Loan from Commercial Banks,,0.0,239764010,4.92
2025-06,429,150,06113-01586-00150,Samajik Sheba Shongothon,287,Cumulative Surplus,623645142,10.93,560018457,11.48
2025-06,429,150,06113-01586-00150,Samajik Sheba Shongothon,287,Other Fund,346123130,6.07,373904305,7.67
2025-06,429,150,06113-01586-00150,Samajik Sheba Shongothon,287,Total,5704055288,100,4876118470,100
2025-06,430,333,01573-00559-00333,Samakal Samaj Unnayan Sangstha (SSUS ),287,Clients' Savings,186154061,21.3,136950539,20.54
2025-06,430,333,01573-00559-00333,Samakal Samaj Unnayan Sangstha (SSUS ),287,Loan from PKSF,527983261,60.4,416041594,62.39
2025-06,430,333,01573-00559-00333,Samakal Samaj Unnayan Sangstha (SSUS ),287,Cumulative Surplus,135972963,15.56,113840102,17.07
2025-06,430,333,01573-00559-00333,Samakal Samaj Unnayan Sangstha (SSUS ),287,Other Fund,24027482,2.75,,0.0
2025-06,430,333,01573-00559-00333,Samakal Samaj Unnayan Sangstha (SSUS ),287,Total,874137767,100,666832235,100
2025-06,431,684,01967-01203-00684,Samannita Attonirvorsheel Samaj Unnyon Sangstha (SISDA),287,Clients' Savings,4017627,26.26,3256168,27.2
2025-06,431,684,01967-01203-00684,Samannita Attonirvorsheel Samaj Unnyon Sangstha (SISDA),287,Loan from Govt.,411080,2.69,566280,4.73
2025-06,431,684,01967-01203-00684,Samannita Attonirvorsheel Samaj Unnyon Sangstha (SISDA),287,Loan from Commercial Banks,2250000,14.71,,0.0
2025-06,431,684,01967-01203-00684,Samannita Attonirvorsheel Samaj Unnyon Sangstha (SISDA),287,Other loans,3451575,22.56,4014575,33.54
2025-06,431,684,01967-01203-00684,Samannita Attonirvorsheel Samaj Unnyon Sangstha (SISDA),287,Donors' Fund,78500,0.51,78500,0.66
2025-06,431,684,01967-01203-00684,Samannita Attonirvorsheel Samaj Unnyon Sangstha (SISDA),287,Cumulative Surplus,3553646,23.23,2753199,23.0
2025-06,431,684,01967-01203-00684,Samannita Attonirvorsheel Samaj Unnyon Sangstha (SISDA),287,Other Fund,1535119,10.04,1301159,10.87
2025-06,431,684,01967-01203-00684,Samannita Attonirvorsheel Samaj Unnyon Sangstha (SISDA),287,Total,15297547,100,11969881,100
2025-06,432,51,01230-00434-00051,Samannita Unnayan Seba Sangathan (SUSS),288,Clients' Savings,102855855,25.51,88331569,22.77
2025-06,432,51,01230-00434-00051,Samannita Unnayan Seba Sangathan (SUSS),288,Loan from PKSF,235999988,58.52,234466656,60.44
2025-06,432,51,01230-00434-00051,Samannita Unnayan Seba Sangathan (SUSS),288,Loan from Govt.,6928572,1.72,1785713,0.46
2025-06,432,51,01230-00434-00051,Samannita Unnayan Seba Sangathan (SUSS),288,Loan from Commercial Banks,3639666,0.9,6963885,1.8
2025-06,432,51,01230-00434-00051,Samannita Unnayan Seba Sangathan (SUSS),288,Cumulative Surplus,30119657,7.47,35682846,9.2
2025-06,432,51,01230-00434-00051,Samannita Unnayan Seba Sangathan (SUSS),288,Other Fund,23732041,5.88,20670592,5.33
2025-06,432,51,01230-00434-00051,Samannita Unnayan Seba Sangathan (SUSS),288,Total,403275779,100,387901261,100
2025-06,433,364,01466-03813-00364,Samata Unnyan Sangstha,288,Clients' Savings,12660975,54.19,11441634,51.71
2025-06,433,364,01466-03813-00364,Samata Unnyan Sangstha,288,Other loans,,0.0,4017626,18.16
2025-06,433,364,01466-03813-00364,Samata Unnyan Sangstha,288,Cumulative Surplus,3771100,16.14,3085739,13.95
2025-06,433,364,01466-03813-00364,Samata Unnyan Sangstha,288,Other Fund,6932626,29.67,3579685,16.18
2025-06,433,364,01466-03813-00364,Samata Unnyan Sangstha,288,Total,23364701,100,22124684,100
2025-06,434,289,00615-03147-00289,Sammannita Samaj Unnayan Sangstha (ICDA),288,Clients' Savings,32399395,39.81,40379647,35.98
2025-06,434,289,00615-03147-00289,Sammannita Samaj Unnayan Sangstha (ICDA),288,Loan from PKSF,26200000,32.19,54216655,48.31
2025-06,434,289,00615-03147-00289,Sammannita Samaj Unnayan Sangstha (ICDA),288,Loan from Govt.,9000000,11.06,,0.0
2025-06,434,289,00615-03147-00289,Sammannita Samaj Unnayan Sangstha (ICDA),288,Other loans,1720000,2.11,,0.0
2025-06,434,289,00615-03147-00289,Sammannita Samaj Unnayan Sangstha (ICDA),288,Cumulative Surplus,-2539343,-3.12,538027,0.48
2025-06,434,289,00615-03147-00289,Sammannita Samaj Unnayan Sangstha (ICDA),288,Other Fund,14614158,17.95,17100850,15.24
2025-06,434,289,00615-03147-00289,Sammannita Samaj Unnayan Sangstha (ICDA),288,Total,81394210,100,112235179,100
2025-06,435,619,00016-03290-00619,Sammilon Foundation (SF),288,Clients' Savings,32407451,74.57,26975659,72.64
2025-06,435,619,00016-03290-00619,Sammilon Foundation (SF),288,Other loans,5500000,12.66,5500000,14.81
2025-06,435,619,00016-03290-00619,Sammilon Foundation (SF),288,Cumulative Surplus,4060537,9.34,3743800,10.08
2025-06,435,619,00016-03290-00619,Sammilon Foundation (SF),288,Other Fund,1492674,3.43,917462,2.47
2025-06,435,619,00016-03290-00619,Sammilon Foundation (SF),288,Total,43460662,100,37136921,100
2025-06,436,696,01645-04174-00696,Sanchayan Unnayan Sangstha (SUS),288,Clients' Savings,6082916,39.56,5561823,40.98
2025-06,436,696,01645-04174-00696,Sanchayan Unnayan Sangstha (SUS),288,Other loans,1728517,11.24,1536337,11.32
2025-06,436,696,01645-04174-00696,Sanchayan Unnayan Sangstha (SUS),288,Cumulative Surplus,6338905,41.22,5408929,39.85
2025-06,436,696,01645-04174-00696,Sanchayan Unnayan Sangstha (SUS),288,Other Fund,1226732,7.98,1065027,7.85
2025-06,436,696,01645-04174-00696,Sanchayan Unnayan Sangstha (SUS),288,Total,15377070,100,13572116,100
2025-06,437,857,21112-00362-00857,SANCO (Social Advancement Networking Community Organization),288,Clients' Savings,2320713,21.69,1917886,18.43
2025-06,437,857,21112-00362-00857,SANCO (Social Advancement Networking Community Organization),288,Loan from Govt.,225475,2.11,,0.0
2025-06,437,857,21112-00362-00857,SANCO (Social Advancement Networking Community Organization),288,Other loans,4091489,38.23,4106735,39.46
2025-06,437,857,21112-00362-00857,SANCO (Social Advancement Networking Community Organization),288,Cumulative Surplus,3311428,30.94,3102815,29.81
2025-06,437,857,21112-00362-00857,SANCO (Social Advancement Networking Community Organization),288,Other Fund,751979,7.03,1280268,12.3
2025-06,437,857,21112-00362-00857,SANCO (Social Advancement Networking Community Organization),288,Total,10701084,100,10407704,100
2025-06,438,409,02117-01261-00409,Sangkalpa Trust (ST),288,Clients' Savings,24348015,19.43,19077342,16.54
2025-06,438,409,02117-01261-00409,Sangkalpa Trust (ST),288,Loan from PKSF,73000000,58.26,63000000,54.61
2025-06,438,409,02117-01261-00409,Sangkalpa Trust (ST),288,Other loans,11470972,9.15,11494502,9.96
2025-06,438,409,02117-01261-00409,Sangkalpa Trust (ST),288,Cumulative Surplus,-23435565,-18.7,5704696,4.94
2025-06,438,409,02117-01261-00409,Sangkalpa Trust (ST),288,Other Fund,39920626,31.86,16094255,13.95
2025-06,438,409,02117-01261-00409,Sangkalpa Trust (ST),288,Total,125304048,100,115370795,100
2025-06,439,188,03782-00958-00188,SANGRAM (Sangathita Gramunnyan Karmasuchi),289,Clients' Savings,499160142,23.07,474500009,24.56
2025-06,439,188,03782-00958-00188,SANGRAM (Sangathita Gramunnyan Karmasuchi),289,Loan from PKSF,1098711907,50.77,803416649,41.59
2025-06,439,188,03782-00958-00188,SANGRAM (Sangathita Gramunnyan Karmasuchi),289,Loan from Commercial Banks,90977905,4.2,275829030,14.28
2025-06,439,188,03782-00958-00188,SANGRAM (Sangathita Gramunnyan Karmasuchi),289,Other loans,,0.0,3853064,0.2
2025-06,439,188,03782-00958-00188,SANGRAM (Sangathita Gramunnyan Karmasuchi),289,Cumulative Surplus,349806839,16.16,263148385,13.62
2025-06,439,188,03782-00958-00188,SANGRAM (Sangathita Gramunnyan Karmasuchi),289,Other Fund,125360378,5.79,110945991,5.74
2025-06,439,188,03782-00958-00188,SANGRAM (Sangathita Gramunnyan Karmasuchi),289,Total,2164017171,100,1931693128,100
2025-06,440,121,01884-02230-00121,Saptagram Nari Swanirvar Parishad,289,Clients' Savings,15610200,19.83,16313650,19.85
2025-06,440,121,01884-02230-00121,Saptagram Nari Swanirvar Parishad,289,Other loans,100000,0.13,,0.0
2025-06,440,121,01884-02230-00121,Saptagram Nari Swanirvar Parishad,289,Donors' Fund,30000,0.04,,0.0
2025-06,440,121,01884-02230-00121,Saptagram Nari Swanirvar Parishad,289,Cumulative Surplus,26639615,33.85,26598438,32.37
2025-06,440,121,01884-02230-00121,Saptagram Nari Swanirvar Parishad,289,Other Fund,36330489,46.16,39265407,47.78
2025-06,440,121,01884-02230-00121,Saptagram Nari Swanirvar Parishad,289,Total,78710304,100,82177495,100
2025-06,441,741,03394-01823-00741,Sathi Samaj Unnayan Sangstha,289,Clients' Savings,5092511,57.03,4888991,53.81
2025-06,441,741,03394-01823-00741,Sathi Samaj Unnayan Sangstha,289,Other loans,,0.0,380000,4.18
2025-06,441,741,03394-01823-00741,Sathi Samaj Unnayan Sangstha,289,Cumulative Surplus,3837350,42.97,3816059,42.0
2025-06,441,741,03394-01823-00741,Sathi Samaj Unnayan Sangstha,289,Total,8929861,100,9085050,100
2025-06,442,749,04532-02311-00749,Satkhira Manob Unnayan Sangstha,289,Clients' Savings,22107869,63.76,21449741,40.93
2025-06,442,749,04532-02311-00749,Satkhira Manob Unnayan Sangstha,289,Loan from Commercial Banks,,0.0,900000,1.72
2025-06,442,749,04532-02311-00749,Satkhira Manob Unnayan Sangstha,289,Donors' Fund,,0.0,19272500,36.77
2025-06,442,749,04532-02311-00749,Satkhira Manob Unnayan Sangstha,289,Cumulative Surplus,11353464,32.75,9838063,18.77
2025-06,442,749,04532-02311-00749,Satkhira Manob Unnayan Sangstha,289,Other Fund,1209921,3.49,948886,1.81
2025-06,442,749,04532-02311-00749,Satkhira Manob Unnayan Sangstha,289,Total,34671254,100,52409190,100
2025-06,443,225,00895-00696-00225,Satkhira Unnayan Sangstha (SUS),289,Clients' Savings,661424204,29.96,599622214,32.85
2025-06,443,225,00895-00696-00225,Satkhira Unnayan Sangstha (SUS),289,Loan from PKSF,776024980,35.15,674296445,36.94
2025-06,443,225,00895-00696-00225,Satkhira Unnayan Sangstha (SUS),289,Loan from Other MFIs,,0.0,78488955,4.3
2025-06,443,225,00895-00696-00225,Satkhira Unnayan Sangstha (SUS),289,Loan from Commercial Banks,153111519,6.93,114391583,6.27
2025-06,443,225,00895-00696-00225,Satkhira Unnayan Sangstha (SUS),289,Other loans,57838955,2.62,,0.0
2025-06,443,225,00895-00696-00225,Satkhira Unnayan Sangstha (SUS),289,Donors' Fund,6276124,0.28,6276124,0.34
2025-06,443,225,00895-00696-00225,Satkhira Unnayan Sangstha (SUS),289,Cumulative Surplus,418544944,18.96,302400959,16.57
2025-06,443,225,00895-00696-00225,Satkhira Unnayan Sangstha (SUS),289,Other Fund,134833619,6.11,49926884,2.74
2025-06,443,225,00895-00696-00225,Satkhira Unnayan Sangstha (SUS),289,Total,2208054345,100,1825403164,100
2025-06,444,229,03074-04616-00229,SDS (Shariatpur Development Society),289,Clients' Savings,1888144363,29.2,1553721028,29.25
2025-06,444,229,03074-04616-00229,SDS (Shariatpur Development Society),289,Loan from PKSF,2179211382,33.7,1700910398,32.02
2025-06,444,229,03074-04616-00229,SDS (Shariatpur Development Society),289,Loan from Commercial Banks,491577976,7.6,628600266,11.83
2025-06,444,229,03074-04616-00229,SDS (Shariatpur Development Society),289,Cumulative Surplus,1664518100,25.74,1287521309,24.24
2025-06,444,229,03074-04616-00229,SDS (Shariatpur Development Society),289,Other Fund,243681454,3.77,140848689,2.65
2025-06,444,229,03074-04616-00229,SDS (Shariatpur Development Society),289,Total,6467133275,100,5311601690,100
2025-06,445,688,05267-02974-00688,Seba Artha Samajik Unnayan Sangstha,289,Clients' Savings,13434643,17.39,13938776,18.42
2025-06,445,688,05267-02974-00688,Seba Artha Samajik Unnayan Sangstha,289,Other loans,48714500,63.07,46847500,61.92
2025-06,445,688,05267-02974-00688,Seba Artha Samajik Unnayan Sangstha,289,Cumulative Surplus,9288809,12.03,9185403,12.14
2025-06,445,688,05267-02974-00688,Seba Artha Samajik Unnayan Sangstha,289,Other Fund,5804557,7.51,5687535,7.52
2025-06,445,688,05267-02974-00688,Seba Artha Samajik Unnayan Sangstha,289,Total,77242509,100,75659214,100
2025-06,446,530,01689-01092-00530,Seba Environment Development Society,290,Clients' Savings,15404500,37.05,15121930,39.6
2025-06,446,530,01689-01092-00530,Seba Environment Development Society,290,Other loans,6834062,16.44,6854033,17.95
2025-06,446,530,01689-01092-00530,Seba Environment Development Society,290,Donors' Fund,40000,0.1,40000,0.1
2025-06,446,530,01689-01092-00530,Seba Environment Development Society,290,Cumulative Surplus,16358027,39.34,13868284,36.32
2025-06,446,530,01689-01092-00530,Seba Environment Development Society,290,Other Fund,2940905,7.07,2298512,6.02
2025-06,446,530,01689-01092-00530,Seba Environment Development Society,290,Total,41577494,100,38182759,100
2025-06,447,835,21112-01126-00835,Seba Foundation,290,Clients' Savings,66062174,82.55,57430948,67.67
2025-06,447,835,21112-01126-00835,Seba Foundation,290,Loan from Commercial Banks,3500000,4.37,3500000,4.12
2025-06,447,835,21112-01126-00835,Seba Foundation,290,Other loans,,0.0,15200000,17.91
2025-06,447,835,21112-01126-00835,Seba Foundation,290,Cumulative Surplus,3253301,4.07,3111735,3.67
2025-06,447,835,21112-01126-00835,Seba Foundation,290,Other Fund,7212941,9.01,5631205,6.63
2025-06,447,835,21112-01126-00835,Seba Foundation,290,Total,80028416,100,84873888,100
2025-06,448,822,21112-01018-00822,Seba Gram Unnayan Sangstha,290,Clients' Savings,1573890,7.33,1441223,7.15
2025-06,448,822,21112-01018-00822,Seba Gram Unnayan Sangstha,290,Donors' Fund,11862611,55.26,11191143,55.51
2025-06,448,822,21112-01018-00822,Seba Gram Unnayan Sangstha,290,Cumulative Surplus,6222806,28.99,6034675,29.93
2025-06,448,822,21112-01018-00822,Seba Gram Unnayan Sangstha,290,Other Fund,1807660,8.42,1494885,7.41
2025-06,448,822,21112-01018-00822,Seba Gram Unnayan Sangstha,290,Total,21466967,100,20161926,100
2025-06,449,320,02821-04576-00320,SEBA- Social Edifi cation of Benign Assimilation Society (SEBA),290,Clients' Savings,8654795,44.53,10531211,45.88
2025-06,449,320,02821-04576-00320,SEBA- Social Edifi cation of Benign Assimilation Society (SEBA),290,Loan from Other MFIs,4982492,25.64,,0.0
2025-06,449,320,02821-04576-00320,SEBA- Social Edifi cation of Benign Assimilation Society (SEBA),290,Other loans,,0.0,6187500,26.95
2025-06,449,320,02821-04576-00320,SEBA- Social Edifi cation of Benign Assimilation Society (SEBA),290,Cumulative Surplus,3418379,17.59,3916025,17.06
2025-06,449,320,02821-04576-00320,SEBA- Social Edifi cation of Benign Assimilation Society (SEBA),290,Other Fund,2378866,12.24,2320918,10.11
2025-06,449,320,02821-04576-00320,SEBA- Social Edifi cation of Benign Assimilation Society (SEBA),290,Total,19434532,100,22955654,100
2025-06,450,881,21112-00440-00881,Sebar Agrodrut (Ekati Samajik Unnayanamulaka Sanstha),290,Clients' Savings,2468930,29.79,2637204,26.86
2025-06,450,881,21112-00440-00881,Sebar Agrodrut (Ekati Samajik Unnayanamulaka Sanstha),290,Other loans,434400,5.24,1381000,14.06
2025-06,450,881,21112-00440-00881,Sebar Agrodrut (Ekati Samajik Unnayanamulaka Sanstha),290,Donors' Fund,,0.0,3500000,35.65
2025-06,450,881,21112-00440-00881,Sebar Agrodrut (Ekati Samajik Unnayanamulaka Sanstha),290,Cumulative Surplus,4583144,55.3,1281426,13.05
2025-06,450,881,21112-00440-00881,Sebar Agrodrut (Ekati Samajik Unnayanamulaka Sanstha),290,Other Fund,800880,9.66,1019160,10.38
2025-06,450,881,21112-00440-00881,Sebar Agrodrut (Ekati Samajik Unnayanamulaka Sanstha),290,Total,8287354,100,9818790,100
2025-06,451,814,21112-00509-00814,Seed Program of Grameen Society,290,Clients' Savings,38108168,28.65,42336215,26.57
2025-06,451,814,21112-00509-00814,Seed Program of Grameen Society,290,Other loans,53661543,40.35,83945455,52.68
2025-06,451,814,21112-00509-00814,Seed Program of Grameen Society,290,Cumulative Surplus,28251817,21.24,22579224,14.17
2025-06,451,814,21112-00509-00814,Seed Program of Grameen Society,290,Other Fund,12976710,9.76,10499783,6.59
2025-06,451,814,21112-00509-00814,Seed Program of Grameen Society,290,Total,132998238,100,159360677,100
2025-06,452,768,21112-00125-00768,Sejuti Health & Education Development Foundation,290,Clients' Savings,3126332,23.81,3829230,30.43
2025-06,452,768,21112-00125-00768,Sejuti Health & Education Development Foundation,290,Loan from Commercial Banks,1391880,10.6,1718125,13.66
2025-06,452,768,21112-00125-00768,Sejuti Health & Education Development Foundation,290,Other loans,4222362,32.15,4229548,33.62
2025-06,452,768,21112-00125-00768,Sejuti Health & Education Development Foundation,290,Cumulative Surplus,2967094,22.59,1651825,13.13
2025-06,452,768,21112-00125-00768,Sejuti Health & Education Development Foundation,290,Other Fund,1425416,10.85,1153139,9.17
2025-06,452,768,21112-00125-00768,Sejuti Health & Education Development Foundation,290,Total,13133084,100,12581867,100
2025-06,453,308,02630-02645-00308,Self-Help & Rehabilitation Programme (SHARP),290,Clients' Savings,418724153,28.71,432972640,28.41
2025-06,453,308,02630-02645-00308,Self-Help & Rehabilitation Programme (SHARP),290,Loan from PKSF,644070000,44.16,613712003,40.27
2025-06,453,308,02630-02645-00308,Self-Help & Rehabilitation Programme (SHARP),290,Loan from Commercial Banks,75805269,5.2,69681834,4.57
2025-06,453,308,02630-02645-00308,Self-Help & Rehabilitation Programme (SHARP),290,Other loans,42460000,2.91,66980000,4.39
2025-06,453,308,02630-02645-00308,Self-Help & Rehabilitation Programme (SHARP),290,Cumulative Surplus,277407832,19.02,264918757,17.38
2025-06,453,308,02630-02645-00308,Self-Help & Rehabilitation Programme (SHARP),290,Other Fund,,0.0,75772344,4.97
2025-06,453,308,02630-02645-00308,Self-Help & Rehabilitation Programme (SHARP),290,Total,1458467254,100,1524037578,100
2025-06,454,371,04086-04801-00371,Self-Employment for Rural Destitute Women Through Cottage industries (SERWTCI),291,Clients' Savings,21587552,6.77,41829765,9.66
2025-06,454,371,04086-04801-00371,Self-Employment for Rural Destitute Women Through Cottage industries (SERWTCI),291,Other loans,17965024,5.64,1715350,0.4
2025-06,454,371,04086-04801-00371,Self-Employment for Rural Destitute Women Through Cottage industries (SERWTCI),291,Donors' Fund,141797800,44.49,141797800,32.74
2025-06,454,371,04086-04801-00371,Self-Employment for Rural Destitute Women Through Cottage industries (SERWTCI),291,Cumulative Surplus,-2750711,-0.86,-2750711,-0.64
2025-06,454,371,04086-04801-00371,Self-Employment for Rural Destitute Women Through Cottage industries (SERWTCI),291,Other Fund,140144380,43.97,250550352,57.84
2025-06,454,371,04086-04801-00371,Self-Employment for Rural Destitute Women Through Cottage industries (SERWTCI),291,Total,318744045,100,433142556,100
2025-06,455,400,00608-01405-00400,Shahajira Mohila O Shishu Unnayan Sangstha,291,Clients' Savings,782013,9.21,952447,10.87
2025-06,455,400,00608-01405-00400,Shahajira Mohila O Shishu Unnayan Sangstha,291,Loan from Commercial Banks,4500000,53.0,4500000,51.38
2025-06,455,400,00608-01405-00400,Shahajira Mohila O Shishu Unnayan Sangstha,291,Other loans,153668,1.81,130818,1.49
2025-06,455,400,00608-01405-00400,Shahajira Mohila O Shishu Unnayan Sangstha,291,Cumulative Surplus,2534732,29.86,2494878,28.48
2025-06,455,400,00608-01405-00400,Shahajira Mohila O Shishu Unnayan Sangstha,291,Other Fund,519601,6.12,680913,7.77
2025-06,455,400,00608-01405-00400,Shahajira Mohila O Shishu Unnayan Sangstha,291,Total,8490014,100,8759056,100
2025-06,456,18,00176-00059-00018,Shakti Foundation for Disadvantaged Women (Shakti Foundation),291,Clients' Savings,13205424761,39.42,9745320835,31.16
2025-06,456,18,00176-00059-00018,Shakti Foundation for Disadvantaged Women (Shakti Foundation),291,Loan from PKSF,891500000,2.66,493000000,1.58
2025-06,456,18,00176-00059-00018,Shakti Foundation for Disadvantaged Women (Shakti Foundation),291,Loan from Commercial Banks,14278665312,42.63,16087387928,51.44
2025-06,456,18,00176-00059-00018,Shakti Foundation for Disadvantaged Women (Shakti Foundation),291,Cumulative Surplus,3754938036,11.21,3291771199,10.53
2025-06,456,18,00176-00059-00018,Shakti Foundation for Disadvantaged Women (Shakti Foundation),291,Other Fund,1367481567,4.08,1657241010,5.3
2025-06,456,18,00176-00059-00018,Shakti Foundation for Disadvantaged Women (Shakti Foundation),291,Total,33498009676,100,31274720972,100
2025-06,457,526,02946-04128-00526,Shalom,291,Clients' Savings,49642506,39.93,59094366,41.77
2025-06,457,526,02946-04128-00526,Shalom,291,Cumulative Surplus,59721452,48.04,56250133,39.76
2025-06,457,526,02946-04128-00526,Shalom,291,Other Fund,14954389,12.03,26146298,18.48
2025-06,457,526,02946-04128-00526,Shalom,291,Total,124318347,100,141490797,100
2025-06,458,674,00760-01412-00674,Shamoli Polli Unnayan Sangstha,291,Clients' Savings,12490325,29.36,12464755,36.06
2025-06,458,674,00760-01412-00674,Shamoli Polli Unnayan Sangstha,291,Other loans,14868000,34.94,,0.0
2025-06,458,674,00760-01412-00674,Shamoli Polli Unnayan Sangstha,291,Cumulative Surplus,10308020,24.23,8869474,25.66
2025-06,458,674,00760-01412-00674,Shamoli Polli Unnayan Sangstha,291,Other Fund,4881418,11.47,13228543,38.27
2025-06,458,674,00760-01412-00674,Shamoli Polli Unnayan Sangstha,291,Total,42547763,100,34562772,100
2025-06,459,460,00926-01517-00460,Shanti Preyo Sangstha (spsorg),291,Clients' Savings,28856522,50.39,34697074,34.67
2025-06,459,460,00926-01517-00460,Shanti Preyo Sangstha (spsorg),291,Other loans,,0.0,38105376,38.08
2025-06,459,460,00926-01517-00460,Shanti Preyo Sangstha (spsorg),291,Cumulative Surplus,23014677,40.19,20971682,20.96
2025-06,459,460,00926-01517-00460,Shanti Preyo Sangstha (spsorg),291,Other Fund,5390716,9.41,6299066,6.29
2025-06,459,460,00926-01517-00460,Shanti Preyo Sangstha (spsorg),291,Total,57261915,100,100073198,100
2025-06,460,53,05318-00561-00053,Shapla Gram Unnayan Sangstha,291,Clients' Savings,428800430,26.44,373146732,25.62
2025-06,460,53,05318-00561-00053,Shapla Gram Unnayan Sangstha,291,Loan from PKSF,466550000,28.77,440241665,30.22
2025-06,460,53,05318-00561-00053,Shapla Gram Unnayan Sangstha,291,Loan from Govt.,14285716,0.88,2678574,0.18
2025-06,460,53,05318-00561-00053,Shapla Gram Unnayan Sangstha,291,Loan from Commercial Banks,407207215,25.11,415519930,28.52
2025-06,460,53,05318-00561-00053,Shapla Gram Unnayan Sangstha,291,Other loans,53000000,3.27,47000000,3.23
2025-06,460,53,05318-00561-00053,Shapla Gram Unnayan Sangstha,291,Cumulative Surplus,189291160,11.67,134135560,9.21
2025-06,460,53,05318-00561-00053,Shapla Gram Unnayan Sangstha,291,Other Fund,62403364,3.85,43979263,3.02
2025-06,460,53,05318-00561-00053,Shapla Gram Unnayan Sangstha,291,Total,1621537885,100,1456701724,100
2025-06,461,196,01188-00449-00196,Shaplaful,292,Clients' Savings,10680496,28.14,13764285,34.21
2025-06,461,196,01188-00449-00196,Shaplaful,292,Loan from PKSF,26954159,71.01,27304159,67.87
2025-06,461,196,01188-00449-00196,Shaplaful,292,Cumulative Surplus,-3908395,-10.3,-4077902,-10.14
2025-06,461,196,01188-00449-00196,Shaplaful,292,Other Fund,4230010,11.14,3240000,8.05
2025-06,461,196,01188-00449-00196,Shaplaful,292,Total,37956270,100,40230542,100
2025-06,462,426,00256-03650-00426,Shawdesh Unnayan Kendra-SUK,292,Clients' Savings,15880774,22.72,17110110,27.26
2025-06,462,426,00256-03650-00426,Shawdesh Unnayan Kendra-SUK,292,Other loans,,0.0,5799996,9.24
2025-06,462,426,00256-03650-00426,Shawdesh Unnayan Kendra-SUK,292,Donors' Fund,,0.0,782097,1.25
2025-06,462,426,00256-03650-00426,Shawdesh Unnayan Kendra-SUK,292,Cumulative Surplus,37688189,53.91,16461557,26.23
2025-06,462,426,00256-03650-00426,Shawdesh Unnayan Kendra-SUK,292,Other Fund,16338528,23.37,22615850,36.03
2025-06,462,426,00256-03650-00426,Shawdesh Unnayan Kendra-SUK,292,Total,69907491,100,62769610,100
2025-06,463,718,05632-02919-00718,Shefali Mohila Kallayan Sango (smks),292,Clients' Savings,2417385,22.96,2619769,23.59
2025-06,463,718,05632-02919-00718,Shefali Mohila Kallayan Sango (smks),292,Other loans,4454301,42.3,4803101,43.24
2025-06,463,718,05632-02919-00718,Shefali Mohila Kallayan Sango (smks),292,Cumulative Surplus,2614731,24.83,2673668,24.07
2025-06,463,718,05632-02919-00718,Shefali Mohila Kallayan Sango (smks),292,Other Fund,1044537,9.92,1011016,9.1
2025-06,463,718,05632-02919-00718,Shefali Mohila Kallayan Sango (smks),292,Total,10530954,100,11107554,100
2025-06,464,678,02991-02053-00678,SHESO(Organization Of Social Health Education & Sanitation),292,Clients' Savings,60779764,74.84,64587259,75.0
2025-06,464,678,02991-02053-00678,SHESO(Organization Of Social Health Education & Sanitation),292,Other loans,1071325,1.32,1039930,1.21
2025-06,464,678,02991-02053-00678,SHESO(Organization Of Social Health Education & Sanitation),292,Cumulative Surplus,13176104,16.22,12592295,14.62
2025-06,464,678,02991-02053-00678,SHESO(Organization Of Social Health Education & Sanitation),292,Other Fund,6185195,7.62,7891701,9.16
2025-06,464,678,02991-02053-00678,SHESO(Organization Of Social Health Education & Sanitation),292,Total,81212388,100,86111185,100
2025-06,465,198,00188-00254-00198,Shetu Bangladesh,292,Clients' Savings,3991430,85.18,3870294,65.16
2025-06,465,198,00188-00254-00198,Shetu Bangladesh,292,Other loans,100000,2.13,,0.0
2025-06,465,198,00188-00254-00198,Shetu Bangladesh,292,Cumulative Surplus,-60306,-1.29,1666231,28.05
2025-06,465,198,00188-00254-00198,Shetu Bangladesh,292,Other Fund,654608,13.97,402701,6.78
2025-06,465,198,00188-00254-00198,Shetu Bangladesh,292,Total,4685732,100,5939226,100
2025-06,466,63,01101-02096-00063,Sheva Nari O Shishu Kallyan Kendra,292,Clients' Savings,556113798,43.03,492637716,40.24
2025-06,466,63,01101-02096-00063,Sheva Nari O Shishu Kallyan Kendra,292,Loan from PKSF,519509532,40.2,513335723,41.93
2025-06,466,63,01101-02096-00063,Sheva Nari O Shishu Kallyan Kendra,292,Loan from Commercial Banks,8237371,0.64,32678294,2.67
2025-06,466,63,01101-02096-00063,Sheva Nari O Shishu Kallyan Kendra,292,Cumulative Surplus,90623000,7.01,64163000,5.24
2025-06,466,63,01101-02096-00063,Sheva Nari O Shishu Kallyan Kendra,292,Other Fund,117809674,9.12,121357474,9.91
2025-06,466,63,01101-02096-00063,Sheva Nari O Shishu Kallyan Kendra,292,Total,1292293375,100,1224172207,100
2025-06,467,668,01388-01705-00668,Shikha Samaj Kalyan Sangstha,292,Clients' Savings,15306493,40.22,14888075,41.66
2025-06,467,668,01388-01705-00668,Shikha Samaj Kalyan Sangstha,292,Loan from Commercial Banks,,0.0,1800000,5.04
2025-06,467,668,01388-01705-00668,Shikha Samaj Kalyan Sangstha,292,Other loans,,0.0,7055000,19.74
2025-06,467,668,01388-01705-00668,Shikha Samaj Kalyan Sangstha,292,Cumulative Surplus,7367459,19.36,7141726,19.98
2025-06,467,668,01388-01705-00668,Shikha Samaj Kalyan Sangstha,292,Other Fund,15380296,40.42,4854450,13.58
2025-06,467,668,01388-01705-00668,Shikha Samaj Kalyan Sangstha,292,Total,38054248,100,35739251,100
2025-06,468,468,02516-01291-00468,Shiropa Development Society,292,Clients' Savings,276437023,24.37,208024746,22.86
2025-06,468,468,02516-01291-00468,Shiropa Development Society,292,Loan from PKSF,532299999,46.93,432066667,47.47
2025-06,468,468,02516-01291-00468,Shiropa Development Society,292,Loan from Commercial Banks,104317243,9.2,80288142,8.82
2025-06,468,468,02516-01291-00468,Shiropa Development Society,292,Other loans,20500000,1.81,13300000,1.46
2025-06,468,468,02516-01291-00468,Shiropa Development Society,292,Cumulative Surplus,159507543,14.06,136433752,14.99
2025-06,468,468,02516-01291-00468,Shiropa Development Society,292,Other Fund,41134093,3.63,40032969,4.4
2025-06,468,468,02516-01291-00468,Shiropa Development Society,292,Total,1134195901,100,910146276,100
2025-06,469,1,05136-00895-00001,Shishu Niloy Foundation,293,Clients' Savings,2335409838,36.76,1917757162,38.05
2025-06,469,1,05136-00895-00001,Shishu Niloy Foundation,293,Loan from PKSF,1613920828,25.4,1298737489,25.77
2025-06,469,1,05136-00895-00001,Shishu Niloy Foundation,293,Loan from Commercial Banks,524695247,8.26,481498992,9.55
2025-06,469,1,05136-00895-00001,Shishu Niloy Foundation,293,Other loans,27100000,0.43,,0.0
2025-06,469,1,05136-00895-00001,Shishu Niloy Foundation,293,Cumulative Surplus,1676855981,26.4,1330880646,26.41
2025-06,469,1,05136-00895-00001,Shishu Niloy Foundation,293,Other Fund,174855923,2.75,11070583,0.22
2025-06,469,1,05136-00895-00001,Shishu Niloy Foundation,293,Total,6352837817,100,5039944872,100
2025-06,470,216,01359-03407-00216,"Shishu Sasthya Foundation, Bangladesh",293,Clients' Savings,19958348,25.48,21466440,25.79
2025-06,470,216,01359-03407-00216,"Shishu Sasthya Foundation, Bangladesh",293,Other loans,14300000,18.25,19000000,22.83
2025-06,470,216,01359-03407-00216,"Shishu Sasthya Foundation, Bangladesh",293,Donors' Fund,,0.0,37496402,45.05
2025-06,470,216,01359-03407-00216,"Shishu Sasthya Foundation, Bangladesh",293,Other Fund,44082577,56.27,5266842,6.33
2025-06,470,216,01359-03407-00216,"Shishu Sasthya Foundation, Bangladesh",293,Total,78340925,100,83229684,100
2025-06,471,207,01116-00072-00207,Shataphool Bangladesh,293,Clients' Savings,619162626,29.39,514745881,27.95
2025-06,471,207,01116-00072-00207,Shataphool Bangladesh,293,Loan from PKSF,986642039,46.84,837028934,45.45
2025-06,471,207,01116-00072-00207,Shataphool Bangladesh,293,Loan from Commercial Banks,39285720,1.86,84309522,4.58
2025-06,471,207,01116-00072-00207,Shataphool Bangladesh,293,Other loans,136143811,6.46,81284049,4.41
2025-06,471,207,01116-00072-00207,Shataphool Bangladesh,293,Donors' Fund,10735051,0.51,10735051,0.58
2025-06,471,207,01116-00072-00207,Shataphool Bangladesh,293,Cumulative Surplus,263676500,12.52,240332958,13.05
2025-06,471,207,01116-00072-00207,Shataphool Bangladesh,293,Other Fund,50922096,2.42,73130502,3.97
2025-06,471,207,01116-00072-00207,Shataphool Bangladesh,293,Total,2106567843,100,1841566897,100
2025-06,472,687,00818-01310-00687,Shusamaj Foundation,293,Clients' Savings,5837713,51.45,6175746,52.94
2025-06,472,687,00818-01310-00687,Shusamaj Foundation,293,Loan from Other MFIs,885508,7.8,,0.0
2025-06,472,687,00818-01310-00687,Shusamaj Foundation,293,Loan from Commercial Banks,539000,4.75,539000,4.62
2025-06,472,687,00818-01310-00687,Shusamaj Foundation,293,Other loans,533352,4.7,580892,4.98
2025-06,472,687,00818-01310-00687,Shusamaj Foundation,293,Cumulative Surplus,3511059,30.94,3507340,30.07
2025-06,472,687,00818-01310-00687,Shusamaj Foundation,293,Other Fund,40000,0.35,862608,7.39
2025-06,472,687,00818-01310-00687,Shusamaj Foundation,293,Total,11346632,100,11665586,100
2025-06,473,38,00345-00075-00038,SHUSHILAN,293,Clients' Savings,57921097,41.96,55103895,59.1
2025-06,473,38,00345-00075-00038,SHUSHILAN,293,Loan from Commercial Banks,30000000,21.73,,0.0
2025-06,473,38,00345-00075-00038,SHUSHILAN,293,Other loans,10446795,7.57,1071427,1.15
2025-06,473,38,00345-00075-00038,SHUSHILAN,293,Cumulative Surplus,19511829,14.14,19229435,20.62
2025-06,473,38,00345-00075-00038,SHUSHILAN,293,Other Fund,20153250,14.6,17837789,19.13
2025-06,473,38,00345-00075-00038,SHUSHILAN,293,Total,138032971,100,93242546,100
2025-06,474,790,21112-00483-00790,Sirajgonj Manab Kallan & Somaj Unnoan Songstha,293,Clients' Savings,7367360,29.86,6224537,33.21
2025-06,474,790,21112-00483-00790,Sirajgonj Manab Kallan & Somaj Unnoan Songstha,293,Loan from Govt.,32000,0.13,,0.0
2025-06,474,790,21112-00483-00790,Sirajgonj Manab Kallan & Somaj Unnoan Songstha,293,Loan from Other MFIs,1225566,4.97,,0.0
2025-06,474,790,21112-00483-00790,Sirajgonj Manab Kallan & Somaj Unnoan Songstha,293,Donors' Fund,13330150,54.03,,0.0
2025-06,474,790,21112-00483-00790,Sirajgonj Manab Kallan & Somaj Unnoan Songstha,293,Cumulative Surplus,1042990,4.23,888863,4.74
2025-06,474,790,21112-00483-00790,Sirajgonj Manab Kallan & Somaj Unnoan Songstha,293,Other Fund,1672612,6.78,11631657,62.05
2025-06,474,790,21112-00483-00790,Sirajgonj Manab Kallan & Somaj Unnoan Songstha,293,Total,24670678,100,18745057,100
2025-06,475,549,01742-01625-00549,Sisa Jubo Samaj Kallayan Sangstha,294,Clients' Savings,2176405,27.82,3533707,41.38
2025-06,475,549,01742-01625-00549,Sisa Jubo Samaj Kallayan Sangstha,294,Cumulative Surplus,2573928,32.9,2521480,29.53
2025-06,475,549,01742-01625-00549,Sisa Jubo Samaj Kallayan Sangstha,294,Other Fund,3072452,39.28,2483734,29.09
2025-06,475,549,01742-01625-00549,Sisa Jubo Samaj Kallayan Sangstha,294,Total,7822785,100,8538921,100
2025-06,476,45,01621-00534-00045,SKS Foundation,294,Clients' Savings,4591395208,32.89,4501820285,36.17
2025-06,476,45,01621-00534-00045,SKS Foundation,294,Loan from PKSF,1951473309,13.98,1790983308,14.39
2025-06,476,45,01621-00534-00045,SKS Foundation,294,Loan from Govt.,500000000,3.58,,0.0
2025-06,476,45,01621-00534-00045,SKS Foundation,294,Loan from Other MFIs,,0.0,113697053,0.91
2025-06,476,45,01621-00534-00045,SKS Foundation,294,Loan from Commercial Banks,2816990890,20.18,3391913567,27.25
2025-06,476,45,01621-00534-00045,SKS Foundation,294,Other loans,2218075035,15.89,353800143,2.84
2025-06,476,45,01621-00534-00045,SKS Foundation,294,Cumulative Surplus,1693209664,12.13,1333043518,10.71
2025-06,476,45,01621-00534-00045,SKS Foundation,294,Other Fund,188134407,1.35,962002068,7.73
2025-06,476,45,01621-00534-00045,SKS Foundation,294,Total,13959278512,100,12447259943,100
2025-06,477,47,01300-00405-00047,Social Advancement Through Unity (SATU),294,Clients' Savings,2698821873,52.74,2090989469,50.7
2025-06,477,47,01300-00405-00047,Social Advancement Through Unity (SATU),294,Loan from PKSF,740870808,14.48,861483303,20.89
2025-06,477,47,01300-00405-00047,Social Advancement Through Unity (SATU),294,Loan from Commercial Banks,612309478,11.97,305315944,7.4
2025-06,477,47,01300-00405-00047,Social Advancement Through Unity (SATU),294,Other loans,154428818,3.02,124046207,3.01
2025-06,477,47,01300-00405-00047,Social Advancement Through Unity (SATU),294,Cumulative Surplus,661754163,12.93,587646427,14.25
2025-06,477,47,01300-00405-00047,Social Advancement Through Unity (SATU),294,Other Fund,248858320,4.86,154916130,3.76
2025-06,477,47,01300-00405-00047,Social Advancement Through Unity (SATU),294,Total,5117043460,100,4124397480,100
2025-06,478,831,21112-00367-00831,Social Advancement Community Organization (SACO),294,Clients' Savings,1210215,19.71,1111785,18.53
2025-06,478,831,21112-00367-00831,Social Advancement Community Organization (SACO),294,Donors' Fund,1000000,16.29,1000000,16.67
2025-06,478,831,21112-00367-00831,Social Advancement Community Organization (SACO),294,Cumulative Surplus,3929490,64.0,3158231,52.65
2025-06,478,831,21112-00367-00831,Social Advancement Community Organization (SACO),294,Other Fund,,0.0,728365,12.14
2025-06,478,831,21112-00367-00831,Social Advancement Community Organization (SACO),294,Total,6139705,100,5998381,100
2025-06,479,537,00151-01548-00537,Social Advancement for Village Environment (SAVE),294,Clients' Savings,13847771,43.16,13075682,39.59
2025-06,479,537,00151-01548-00537,Social Advancement for Village Environment (SAVE),294,Loan from Commercial Banks,,0.0,1500000,4.54
2025-06,479,537,00151-01548-00537,Social Advancement for Village Environment (SAVE),294,Other loans,8500000,26.49,9280000,28.1
2025-06,479,537,00151-01548-00537,Social Advancement for Village Environment (SAVE),294,Cumulative Surplus,6139630,19.13,6016092,18.22
2025-06,479,537,00151-01548-00537,Social Advancement for Village Environment (SAVE),294,Other Fund,3600075,11.22,3155941,9.56
2025-06,479,537,00151-01548-00537,Social Advancement for Village Environment (SAVE),294,Total,32087476,100,33027715,100
2025-06,480,44,00014-00052-00044,Social And Economic Enhancement Programme-Seep,294,Clients' Savings,415760807,40.58,469785330,39.94
2025-06,480,44,00014-00052-00044,Social And Economic Enhancement Programme-Seep,294,Loan from PKSF,248500000,24.25,239000000,20.32
2025-06,480,44,00014-00052-00044,Social And Economic Enhancement Programme-Seep,294,Loan from Commercial Banks,156992868,15.32,238931906,20.31
2025-06,480,44,00014-00052-00044,Social And Economic Enhancement Programme-Seep,294,Other loans,62975603,6.15,13688198,1.16
2025-06,480,44,00014-00052-00044,Social And Economic Enhancement Programme-Seep,294,Donors' Fund,2200000,0.21,2200000,0.19
2025-06,480,44,00014-00052-00044,Social And Economic Enhancement Programme-Seep,294,Cumulative Surplus,74332770,7.25,136872413,11.64
2025-06,480,44,00014-00052-00044,Social And Economic Enhancement Programme-Seep,294,Other Fund,63861691,6.23,75767821,6.44
2025-06,480,44,00014-00052-00044,Social And Economic Enhancement Programme-Seep,294,Total,1024623739,100,1176245668,100
2025-06,481,542,00952-00132-00542,Social Assistance and Rehabilitation for the Physically Vulnerable,295,Clients' Savings,378039926,30.74,260882091,31.61
2025-06,481,542,00952-00132-00542,Social Assistance and Rehabilitation for the Physically Vulnerable,295,Loan from PKSF,591916665,48.12,385100001,46.67
2025-06,481,542,00952-00132-00542,Social Assistance and Rehabilitation for the Physically Vulnerable,295,Cumulative Surplus,170356278,13.85,118076497,14.31
2025-06,481,542,00952-00132-00542,Social Assistance and Rehabilitation for the Physically Vulnerable,295,Other Fund,89658664,7.29,61154887,7.41
2025-06,481,542,00952-00132-00542,Social Assistance and Rehabilitation for the Physically Vulnerable,295,Total,1229971533,100,825213476,100
2025-06,482,666,06990-02845-00666,Social Association for Future Establishment (SAFE),295,Clients' Savings,4905108,35.93,8963175,66.17
2025-06,482,666,06990-02845-00666,Social Association for Future Establishment (SAFE),295,Other loans,,0.0,2980000,22.0
2025-06,482,666,06990-02845-00666,Social Association for Future Establishment (SAFE),295,Donors' Fund,,0.0,787714,5.82
2025-06,482,666,06990-02845-00666,Social Association for Future Establishment (SAFE),295,Cumulative Surplus,1064544,7.8,163217,1.21
2025-06,482,666,06990-02845-00666,Social Association for Future Establishment (SAFE),295,Other Fund,7683237,56.28,650625,4.8
2025-06,482,666,06990-02845-00666,Social Association for Future Establishment (SAFE),295,Total,13652889,100,13544731,100
2025-06,483,531,06344-01621-00531,Social Development Association,295,Clients' Savings,31263541,43.23,33225965,33.75
2025-06,483,531,06344-01621-00531,Social Development Association,295,Loan from Other MFIs,,0.0,400000,0.41
2025-06,483,531,06344-01621-00531,Social Development Association,295,Other loans,10345260,14.3,28887260,29.35
2025-06,483,531,06344-01621-00531,Social Development Association,295,Cumulative Surplus,23144130,32.0,20986857,21.32
2025-06,483,531,06344-01621-00531,Social Development Association,295,Other Fund,7571613,10.47,14936169,15.17
2025-06,483,531,06344-01621-00531,Social Development Association,295,Total,72324544,100,98436251,100
2025-06,484,702,02703-01896-00702,Social Development Committee (SDC),295,Clients' Savings,9007500,27.8,10070225,29.0
2025-06,484,702,02703-01896-00702,Social Development Committee (SDC),295,Cumulative Surplus,2774747,8.56,3189762,9.19
2025-06,484,702,02703-01896-00702,Social Development Committee (SDC),295,Other Fund,20615733,63.63,21466527,61.82
2025-06,484,702,02703-01896-00702,Social Development Committee (SDC),295,Total,32397980,100,34726514,100
2025-06,485,590,00845-01185-00590,Social Development Organization (SDO),295,Clients' Savings,28715033,35.02,25929110,36.21
2025-06,485,590,00845-01185-00590,Social Development Organization (SDO),295,Loan from Other MFIs,22836500,27.85,,0.0
2025-06,485,590,00845-01185-00590,Social Development Organization (SDO),295,Other loans,800000,0.98,20830500,29.09
2025-06,485,590,00845-01185-00590,Social Development Organization (SDO),295,Cumulative Surplus,19297291,23.54,16069050,22.44
2025-06,485,590,00845-01185-00590,Social Development Organization (SDO),295,Other Fund,10339158,12.61,8770148,12.25
2025-06,485,590,00845-01185-00590,Social Development Organization (SDO),295,Total,81987982,100,71598808,100
2025-06,486,635,00946-04331-00635,Social Development Programme,295,Clients' Savings,13900839,14.27,15997378,11.48
2025-06,486,635,00946-04331-00635,Social Development Programme,295,Loan from Commercial Banks,55000000,56.45,55000000,39.46
2025-06,486,635,00946-04331-00635,Social Development Programme,295,Other loans,15232599,15.63,56446288,40.5
2025-06,486,635,00946-04331-00635,Social Development Programme,295,Cumulative Surplus,5337353,5.48,5079625,3.64
2025-06,486,635,00946-04331-00635,Social Development Programme,295,Other Fund,7964128,8.17,6841138,4.91
2025-06,486,635,00946-04331-00635,Social Development Programme,295,Total,97434919,100,139364429,100
2025-06,487,802,21112-00729-00802,Social Development Service (SDS),295,Clients' Savings,3496216,28.07,4055484,29.52
2025-06,487,802,21112-00729-00802,Social Development Service (SDS),295,Other loans,3301973,26.51,4334780,31.56
2025-06,487,802,21112-00729-00802,Social Development Service (SDS),295,Cumulative Surplus,4520780,36.3,4721371,34.37
2025-06,487,802,21112-00729-00802,Social Development Service (SDS),295,Other Fund,1134776,9.11,625329,4.55
2025-06,487,802,21112-00729-00802,Social Development Service (SDS),295,Total,12453745,100,13736964,100
2025-06,488,88,01910-00250-00088,Social Earn Baking Advancement (SEBA),295,Clients' Savings,49301293,22.85,61315038,23.84
2025-06,488,88,01910-00250-00088,Social Earn Baking Advancement (SEBA),295,Loan from Commercial Banks,,0.0,25436054,9.89
2025-06,488,88,01910-00250-00088,Social Earn Baking Advancement (SEBA),295,Other loans,19790084,9.17,42023422,16.34
2025-06,488,88,01910-00250-00088,Social Earn Baking Advancement (SEBA),295,Cumulative Surplus,129072008,59.82,128436653,49.93
2025-06,488,88,01910-00250-00088,Social Earn Baking Advancement (SEBA),295,Other Fund,17617835,8.16,,0.0
2025-06,488,88,01910-00250-00088,Social Earn Baking Advancement (SEBA),295,Total,215781220,100,257211167,100
2025-06,489,743,02091-00494-00743,Social Equality for Effective Development (SEED),296,Clients' Savings,4600496,21.13,7714726,28.91
2025-06,489,743,02091-00494-00743,Social Equality for Effective Development (SEED),296,Loan from Commercial Banks,5242429,24.08,9398165,35.22
2025-06,489,743,02091-00494-00743,Social Equality for Effective Development (SEED),296,Other loans,4541599,20.86,2929748,10.98
2025-06,489,743,02091-00494-00743,Social Equality for Effective Development (SEED),296,Cumulative Surplus,4285774,19.69,3873619,14.51
2025-06,489,743,02091-00494-00743,Social Equality for Effective Development (SEED),296,Other Fund,3097076,14.23,2770842,10.38
2025-06,489,743,02091-00494-00743,Social Equality for Effective Development (SEED),296,Total,21767374,100,26687100,100
2025-06,490,846,21112-00403-00846,Social Organization For Poverty Alleviation (SOPAN),296,Clients' Savings,4656241,42.29,4179267,36.9
2025-06,490,846,21112-00403-00846,Social Organization For Poverty Alleviation (SOPAN),296,Other loans,4582000,41.62,5737000,50.65
2025-06,490,846,21112-00403-00846,Social Organization For Poverty Alleviation (SOPAN),296,Cumulative Surplus,704626,6.4,564766,4.99
2025-06,490,846,21112-00403-00846,Social Organization For Poverty Alleviation (SOPAN),296,Other Fund,1066866,9.69,846322,7.47
2025-06,490,846,21112-00403-00846,Social Organization For Poverty Alleviation (SOPAN),296,Total,11009733,100,11327355,100
2025-06,491,215,00736-02038-00215,Social Organization for Voluntary Advancement (SOVA),296,Clients' Savings,14945396,36.75,14365395,38.17
2025-06,491,215,00736-02038-00215,Social Organization for Voluntary Advancement (SOVA),296,Cumulative Surplus,20497425,50.41,18852101,50.09
2025-06,491,215,00736-02038-00215,Social Organization for Voluntary Advancement (SOVA),296,Other Fund,5221025,12.84,4420095,11.74
2025-06,491,215,00736-02038-00215,Social Organization for Voluntary Advancement (SOVA),296,Total,40663846,100,37637591,100
2025-06,492,808,21112-01212-00808,SOCIAL PROGRESIVE SOCIETY,296,Clients' Savings,5538397,51.69,5194531,35.13
2025-06,492,808,21112-01212-00808,SOCIAL PROGRESIVE SOCIETY,296,Other loans,6895531,64.36,9066647,61.31
2025-06,492,808,21112-01212-00808,SOCIAL PROGRESIVE SOCIETY,296,Cumulative Surplus,-2043863,-19.08,286294,1.94
2025-06,492,808,21112-01212-00808,SOCIAL PROGRESIVE SOCIETY,296,Other Fund,323541,3.02,240831,1.63
2025-06,492,808,21112-01212-00808,SOCIAL PROGRESIVE SOCIETY,296,Total,10713606,100,14788303,100
2025-06,493,14,00161-00209-00014,Social Upliftment Society (SUS),296,Clients' Savings,789661570,38.24,721479810,37.95
2025-06,493,14,00161-00209-00014,Social Upliftment Society (SUS),296,Loan from PKSF,776826662,37.61,647306662,34.05
2025-06,493,14,00161-00209-00014,Social Upliftment Society (SUS),296,Loan from Other MFIs,20467458,0.99,23066134,1.21
2025-06,493,14,00161-00209-00014,Social Upliftment Society (SUS),296,Loan from Commercial Banks,,0.0,16471348,0.87
2025-06,493,14,00161-00209-00014,Social Upliftment Society (SUS),296,Cumulative Surplus,456899882,22.12,474602261,24.96
2025-06,493,14,00161-00209-00014,Social Upliftment Society (SUS),296,Other Fund,21401744,1.04,18157650,0.96
2025-06,493,14,00161-00209-00014,Social Upliftment Society (SUS),296,Total,2065257316,100,1901083865,100
2025-06,494,283,05797-03838-00283,Society for Action Research and Development,296,Clients' Savings,110361398,49.23,106578220,48.19
2025-06,494,283,05797-03838-00283,Society for Action Research and Development,296,Loan from Commercial Banks,46371116,20.69,48282232,21.83
2025-06,494,283,05797-03838-00283,Society for Action Research and Development,296,Cumulative Surplus,51866914,23.14,51616210,23.34
2025-06,494,283,05797-03838-00283,Society for Action Research and Development,296,Other Fund,15558106,6.94,14665860,6.63
2025-06,494,283,05797-03838-00283,Society for Action Research and Development,296,Total,224157534,100,221142522,100
2025-06,495,319,05744-04167-00319,Society For Advancement Of Rural Areas (SARA),296,Clients' Savings,37069473,36.34,35449485,36.09
2025-06,495,319,05744-04167-00319,Society For Advancement Of Rural Areas (SARA),296,Loan from Other MFIs,965075,0.95,965075,0.98
2025-06,495,319,05744-04167-00319,Society For Advancement Of Rural Areas (SARA),296,Other loans,9815038,9.62,9060525,9.22
2025-06,495,319,05744-04167-00319,Society For Advancement Of Rural Areas (SARA),296,Cumulative Surplus,50972228,49.97,50274548,51.18
2025-06,495,319,05744-04167-00319,Society For Advancement Of Rural Areas (SARA),296,Other Fund,3187699,3.12,2485344,2.53
2025-06,495,319,05744-04167-00319,Society For Advancement Of Rural Areas (SARA),296,Total,102009513,100,98234977,100
2025-06,496,154,01239-03336-00154,Society for Development Initiatives (SDI),297,Clients' Savings,3385876774,40.77,2425217092,39.66
2025-06,496,154,01239-03336-00154,Society for Development Initiatives (SDI),297,Loan from PKSF,1301099988,15.67,1223791652,20.01
2025-06,496,154,01239-03336-00154,Society for Development Initiatives (SDI),297,Loan from Commercial Banks,1677916250,20.21,933528096,15.26
2025-06,496,154,01239-03336-00154,Society for Development Initiatives (SDI),297,Cumulative Surplus,1226362572,14.77,986200784,16.13
2025-06,496,154,01239-03336-00154,Society for Development Initiatives (SDI),297,Other Fund,712982569,8.59,546833964,8.94
2025-06,496,154,01239-03336-00154,Society for Development Initiatives (SDI),297,Total,8304238153,100,6115571588,100
2025-06,497,111,01076-00719-00111,Society for Family Happiness & Prosperity,297,Clients' Savings,2480247275,56.23,2346670006,54.54
2025-06,497,111,01076-00719-00111,Society for Family Happiness & Prosperity,297,Loan from PKSF,54400000,1.23,32000000,0.74
2025-06,497,111,01076-00719-00111,Society for Family Happiness & Prosperity,297,Loan from Commercial Banks,609592730,13.82,804904693,18.71
2025-06,497,111,01076-00719-00111,Society for Family Happiness & Prosperity,297,Other loans,875000,0.02,,0.0
2025-06,497,111,01076-00719-00111,Society for Family Happiness & Prosperity,297,Donors' Fund,,0.0,875000,0.02
2025-06,497,111,01076-00719-00111,Society for Family Happiness & Prosperity,297,Cumulative Surplus,598266256,13.56,524411887,12.19
2025-06,497,111,01076-00719-00111,Society for Family Happiness & Prosperity,297,Other Fund,667588352,15.13,593480831,13.79
2025-06,497,111,01076-00719-00111,Society for Family Happiness & Prosperity,297,Total,4410969613,100,4302342417,100
2025-06,498,279,01874-02086-00279,Society for Project Implementation Research Evaluation & Training (SOPIRET),297,Clients' Savings,921725230,31.49,788707237,31.73
2025-06,498,279,01874-02086-00279,Society for Project Implementation Research Evaluation & Training (SOPIRET),297,Loan from PKSF,831316666,28.4,713209999,28.69
2025-06,498,279,01874-02086-00279,Society for Project Implementation Research Evaluation & Training (SOPIRET),297,Cumulative Surplus,895670182,30.6,757323333,30.47
2025-06,498,279,01874-02086-00279,Society for Project Implementation Research Evaluation & Training (SOPIRET),297,Other Fund,278648212,9.52,226405063,9.11
2025-06,498,279,01874-02086-00279,Society for Project Implementation Research Evaluation & Training (SOPIRET),297,Total,2927360290,100,2485645632,100
2025-06,499,836,21112-00746-00836,Society for Research and Development Steps),297,Clients' Savings,4524268,20.77,2233631,15.09
2025-06,499,836,21112-00746-00836,Society for Research and Development Steps),297,Loan from Other MFIs,15551681,71.38,4731119,31.97
2025-06,499,836,21112-00746-00836,Society for Research and Development Steps),297,Other loans,,0.0,5839966,39.46
2025-06,499,836,21112-00746-00836,Society for Research and Development Steps),297,Cumulative Surplus,617737,2.84,28207,0.19
2025-06,499,836,21112-00746-00836,Society for Research and Development Steps),297,Other Fund,1093652,5.02,1967191,13.29
2025-06,499,836,21112-00746-00836,Society for Research and Development Steps),297,Total,21787338,100,14800114,100
2025-06,500,534,01278-03047-00534,Society for Social Advancement of Rural People,297,Clients' Savings,11653962,12.19,12617183,13.57
2025-06,500,534,01278-03047-00534,Society for Social Advancement of Rural People,297,Loan from Commercial Banks,8174502,8.55,13492353,14.51
2025-06,500,534,01278-03047-00534,Society for Social Advancement of Rural People,297,Other loans,49073954,51.33,43483149,46.75
2025-06,500,534,01278-03047-00534,Society for Social Advancement of Rural People,297,Cumulative Surplus,12658642,13.24,10928424,11.75
2025-06,500,534,01278-03047-00534,Society for Social Advancement of Rural People,297,Other Fund,14037829,14.68,12483157,13.42
2025-06,500,534,01278-03047-00534,Society for Social Advancement of Rural People,297,Total,95598889,100,93004266,100
2025-06,501,738,03395-00446-00738,Society for UDDOG.,297,Clients' Savings,15405913,57.12,15073321,60.2
2025-06,501,738,03395-00446-00738,Society for UDDOG.,297,Other loans,,0.0,3464962,13.84
2025-06,501,738,03395-00446-00738,Society for UDDOG.,297,Cumulative Surplus,6972475,25.85,6501324,25.96
2025-06,501,738,03395-00446-00738,Society for UDDOG.,297,Other Fund,4593597,17.03,,0.0
2025-06,501,738,03395-00446-00738,Society for UDDOG.,297,Total,26971985,100,25039607,100
2025-06,502,500,06259-04852-00500,Society for Unhappy & Needy,298,Clients' Savings,5047159,18.76,4392391,18.76
2025-06,502,500,06259-04852-00500,Society for Unhappy & Needy,298,Cumulative Surplus,21569228,80.17,18737727,80.02
2025-06,502,500,06259-04852-00500,Society for Unhappy & Needy,298,Other Fund,287166,1.07,285026,1.22
2025-06,502,500,06259-04852-00500,Society for Unhappy & Needy,298,Total,26903553,100,23415144,100
2025-06,503,287,01151-00141-00287,Socio Economic Backing Association (SEBA),298,Clients' Savings,4123742595,48.18,2934593303,36.12
2025-06,503,287,01151-00141-00287,Socio Economic Backing Association (SEBA),298,Loan from Commercial Banks,2461710202,28.76,2330219590,28.68
2025-06,503,287,01151-00141-00287,Socio Economic Backing Association (SEBA),298,Other loans,,0.0,969459237,11.93
2025-06,503,287,01151-00141-00287,Socio Economic Backing Association (SEBA),298,Cumulative Surplus,1372260048,16.03,1192063663,14.67
2025-06,503,287,01151-00141-00287,Socio Economic Backing Association (SEBA),298,Other Fund,600934383,7.02,698361099,8.6
2025-06,503,287,01151-00141-00287,Socio Economic Backing Association (SEBA),298,Total,8558647228,100,8124696892,100
2025-06,504,424,02168-04123-00424,Socio Economic Development Agency (SEDA),298,Clients' Savings,6927997,21.67,9645833,30.45
2025-06,504,424,02168-04123-00424,Socio Economic Development Agency (SEDA),298,Loan from Commercial Banks,14327853,44.83,7143362,22.55
2025-06,504,424,02168-04123-00424,Socio Economic Development Agency (SEDA),298,Other loans,2465000,7.71,6940000,21.91
2025-06,504,424,02168-04123-00424,Socio Economic Development Agency (SEDA),298,Donors' Fund,886680,2.77,886680,2.8
2025-06,504,424,02168-04123-00424,Socio Economic Development Agency (SEDA),298,Cumulative Surplus,4868592,15.23,4662307,14.72
2025-06,504,424,02168-04123-00424,Socio Economic Development Agency (SEDA),298,Other Fund,2486958,7.78,2400246,7.58
2025-06,504,424,02168-04123-00424,Socio Economic Development Agency (SEDA),298,Total,31963080,100,31678428,100
2025-06,505,532,01826-01668-00532,Socio Economic Health Education Organization,298,Clients' Savings,1281686613,29.26,1145780114,29.16
2025-06,505,532,01826-01668-00532,Socio Economic Health Education Organization,298,Loan from Commercial Banks,1804025889,41.19,1578677028,40.18
2025-06,505,532,01826-01668-00532,Socio Economic Health Education Organization,298,Other loans,32178580,0.73,31331900,0.8
2025-06,505,532,01826-01668-00532,Socio Economic Health Education Organization,298,Cumulative Surplus,997811707,22.78,950785850,24.2
2025-06,505,532,01826-01668-00532,Socio Economic Health Education Organization,298,Other Fund,264323701,6.03,222645485,5.67
2025-06,505,532,01826-01668-00532,Socio Economic Health Education Organization,298,Total,4380026490,100,3929220377,100
2025-06,506,746,03845-04957-00746,Socio Economy Advancement Organization,298,Clients' Savings,8375996,37.32,8220209,45.23
2025-06,506,746,03845-04957-00746,Socio Economy Advancement Organization,298,Other loans,2471900,11.01,,0.0
2025-06,506,746,03845-04957-00746,Socio Economy Advancement Organization,298,Cumulative Surplus,8656609,38.57,7788243,42.85
2025-06,506,746,03845-04957-00746,Socio Economy Advancement Organization,298,Other Fund,2941022,13.1,2166008,11.92
2025-06,506,746,03845-04957-00746,Socio Economy Advancement Organization,298,Total,22445527,100,18174460,100
2025-06,507,11,01294-02087-00011,Sojag,298,Clients' Savings,861509792,49.67,785356643,49.76
2025-06,507,11,01294-02087-00011,Sojag,298,Loan from PKSF,301000000,17.35,272000000,17.23
2025-06,507,11,01294-02087-00011,Sojag,298,Loan from Commercial Banks,405000000,23.35,344885070,21.85
2025-06,507,11,01294-02087-00011,Sojag,298,Other loans,,0.0,67000000,4.24
2025-06,507,11,01294-02087-00011,Sojag,298,Cumulative Surplus,82514949,4.76,63733095,4.04
2025-06,507,11,01294-02087-00011,Sojag,298,Other Fund,84509024,4.87,45387501,2.88
2025-06,507,11,01294-02087-00011,Sojag,298,Total,1734533765,100,1578362309,100
2025-06,508,246,01402-00515-00246,SOLIDARITY,298,Clients' Savings,9111959,35.45,5051213,22.62
2025-06,508,246,01402-00515-00246,SOLIDARITY,298,Loan from PKSF,13610411,52.96,18498213,82.85
2025-06,508,246,01402-00515-00246,SOLIDARITY,298,Cumulative Surplus,-12241463,-47.63,-12370399,-55.4
2025-06,508,246,01402-00515-00246,SOLIDARITY,298,Other Fund,15219532,59.22,11149256,49.93
2025-06,508,246,01402-00515-00246,SOLIDARITY,298,Total,25700439,100,22328283,100
2025-06,509,890,32021-00353-00890,Somaj Unnayun Songstha (SDS),299,Clients' Savings,2445161,19.63,2081443,15.77
2025-06,509,890,32021-00353-00890,Somaj Unnayun Songstha (SDS),299,Other loans,7277475,58.42,,0.0
2025-06,509,890,32021-00353-00890,Somaj Unnayun Songstha (SDS),299,Donors' Fund,,0.0,9000000,68.17
2025-06,509,890,32021-00353-00890,Somaj Unnayun Songstha (SDS),299,Cumulative Surplus,2027705,16.28,1640328,12.42
2025-06,509,890,32021-00353-00890,Somaj Unnayun Songstha (SDS),299,Other Fund,707436,5.68,480698,3.64
2025-06,509,890,32021-00353-00890,Somaj Unnayun Songstha (SDS),299,Total,12457777,100,13202469,100
2025-06,510,594,01682-00678-00594,Somaj Unnoyan Karjocrom (SUK),299,Clients' Savings,7780745,27.7,7917862,29.08
2025-06,510,594,01682-00678-00594,Somaj Unnoyan Karjocrom (SUK),299,Loan from Commercial Banks,6000000,21.36,5941287,21.82
2025-06,510,594,01682-00678-00594,Somaj Unnoyan Karjocrom (SUK),299,Other loans,11460000,40.8,10150000,37.28
2025-06,510,594,01682-00678-00594,Somaj Unnoyan Karjocrom (SUK),299,Cumulative Surplus,1458819,5.19,1321441,4.85
2025-06,510,594,01682-00678-00594,Somaj Unnoyan Karjocrom (SUK),299,Other Fund,1389550,4.95,1896180,6.96
2025-06,510,594,01682-00678-00594,Somaj Unnoyan Karjocrom (SUK),299,Total,28089114,100,27226770,100
2025-06,511,377,00203-00656-00377,Sonali Bhabishyat,299,Clients' Savings,11389884,76.32,10150160,76.34
2025-06,511,377,00203-00656-00377,Sonali Bhabishyat,299,Cumulative Surplus,2908051,19.49,2561925,19.27
2025-06,511,377,00203-00656-00377,Sonali Bhabishyat,299,Other Fund,626372,4.2,584775,4.4
2025-06,511,377,00203-00656-00377,Sonali Bhabishyat,299,Total,14924307,100,13296860,100
2025-06,512,765,21112-01180-00765,SONAR BANGLA POLLI UNNAYAN SANGSTHA,299,Clients' Savings,93805590,30.57,76486706,28.12
2025-06,512,765,21112-01180-00765,SONAR BANGLA POLLI UNNAYAN SANGSTHA,299,Loan from PKSF,40800000,13.29,22950000,8.44
2025-06,512,765,21112-01180-00765,SONAR BANGLA POLLI UNNAYAN SANGSTHA,299,Loan from Commercial Banks,5000000,1.63,18593701,6.84
2025-06,512,765,21112-01180-00765,SONAR BANGLA POLLI UNNAYAN SANGSTHA,299,Other loans,128435000,41.85,121200000,44.56
2025-06,512,765,21112-01180-00765,SONAR BANGLA POLLI UNNAYAN SANGSTHA,299,Cumulative Surplus,26767588,8.72,21299863,7.83
2025-06,512,765,21112-01180-00765,SONAR BANGLA POLLI UNNAYAN SANGSTHA,299,Other Fund,12089897,3.94,11480906,4.22
2025-06,512,765,21112-01180-00765,SONAR BANGLA POLLI UNNAYAN SANGSTHA,299,Total,306898075,100,272011176,100
2025-06,513,60,01539-01289-00060,Social Organization for children & Nation (Soochana),299,Clients' Savings,9847400,56.74,6227962,57.38
2025-06,513,60,01539-01289-00060,Social Organization for children & Nation (Soochana),299,Donors' Fund,2020000,11.64,,0.0
2025-06,513,60,01539-01289-00060,Social Organization for children & Nation (Soochana),299,Cumulative Surplus,2744268,15.81,2571159,23.69
2025-06,513,60,01539-01289-00060,Social Organization for children & Nation (Soochana),299,Other Fund,2742734,15.8,2055474,18.94
2025-06,513,60,01539-01289-00060,Social Organization for children & Nation (Soochana),299,Total,17354402,100,10854595,100
2025-06,514,733,00124-00809-00733,Sopnil Bangladesh Foundation,299,Clients' Savings,4143335,51.68,4341538,52.53
2025-06,514,733,00124-00809-00733,Sopnil Bangladesh Foundation,299,Other loans,1816148,22.65,1930148,23.35
2025-06,514,733,00124-00809-00733,Sopnil Bangladesh Foundation,299,Cumulative Surplus,1626686,20.29,1488817,18.01
2025-06,514,733,00124-00809-00733,Sopnil Bangladesh Foundation,299,Other Fund,431089,5.38,504455,6.1
2025-06,514,733,00124-00809-00733,Sopnil Bangladesh Foundation,299,Total,8017258,100,8264958,100
2025-06,515,503,04014-03552-00503,Soul Foundation For Disadvantaged Women,299,Clients' Savings,14532772,40.56,15330120,43.99
2025-06,515,503,04014-03552-00503,Soul Foundation For Disadvantaged Women,299,Other loans,12200000,34.05,10850000,31.13
2025-06,515,503,04014-03552-00503,Soul Foundation For Disadvantaged Women,299,Cumulative Surplus,6986604,19.5,6949301,19.94
2025-06,515,503,04014-03552-00503,Soul Foundation For Disadvantaged Women,299,Other Fund,2110570,5.89,1722964,4.94
2025-06,515,503,04014-03552-00503,Soul Foundation For Disadvantaged Women,299,Total,35829946,100,34852385,100
2025-06,516,302,00452-03124-00302,South Asia Partnership Bangladesh (SAP-BD),299,Clients' Savings,253223221,31.53,228730279,32.59
2025-06,516,302,00452-03124-00302,South Asia Partnership Bangladesh (SAP-BD),299,Loan from PKSF,367333315,45.73,306091651,43.62
2025-06,516,302,00452-03124-00302,South Asia Partnership Bangladesh (SAP-BD),299,Other loans,10042967,1.25,8520132,1.21
2025-06,516,302,00452-03124-00302,South Asia Partnership Bangladesh (SAP-BD),299,Cumulative Surplus,88769296,11.05,87657689,12.49
2025-06,516,302,00452-03124-00302,South Asia Partnership Bangladesh (SAP-BD),299,Other Fund,83826837,10.44,70736857,10.08
2025-06,516,302,00452-03124-00302,South Asia Partnership Bangladesh (SAP-BD),299,Total,803195636,100,701736608,100
2025-06,517,805,21112-00121-00805,SRISTY SAMAJIK UNNAYAN SANGSTHA,300,Clients' Savings,1311219,9.47,1324464,9.19
2025-06,517,805,21112-00121-00805,SRISTY SAMAJIK UNNAYAN SANGSTHA,300,Other loans,11315500,81.73,12040500,83.55
2025-06,517,805,21112-00121-00805,SRISTY SAMAJIK UNNAYAN SANGSTHA,300,Cumulative Surplus,774888,5.6,689799,4.79
2025-06,517,805,21112-00121-00805,SRISTY SAMAJIK UNNAYAN SANGSTHA,300,Other Fund,443401,3.2,357156,2.48
2025-06,517,805,21112-00121-00805,SRISTY SAMAJIK UNNAYAN SANGSTHA,300,Total,13845008,100,14411919,100
2025-06,518,239,00675-01941-00239,Srizony Foundation,300,Clients' Savings,346783314,29.15,331240240,28.97
2025-06,518,239,00675-01941-00239,Srizony Foundation,300,Loan from PKSF,58333332,4.9,117649998,10.29
2025-06,518,239,00675-01941-00239,Srizony Foundation,300,Loan from Commercial Banks,,0.0,13149273,1.15
2025-06,518,239,00675-01941-00239,Srizony Foundation,300,Other loans,437309446,36.77,299472296,26.2
2025-06,518,239,00675-01941-00239,Srizony Foundation,300,Cumulative Surplus,220013202,18.5,258312205,22.59
2025-06,518,239,00675-01941-00239,Srizony Foundation,300,Other Fund,127028749,10.68,123415943,10.8
2025-06,518,239,00675-01941-00239,Srizony Foundation,300,Total,1189468043,100,1143239955,100
2025-06,519,327,03227-00309-00327,Step Towards Empowerment of the Poor,300,Clients' Savings,70643382,43.92,77408290,34.56
2025-06,519,327,03227-00309-00327,Step Towards Empowerment of the Poor,300,Loan from PKSF,4100000,2.55,7100000,3.17
2025-06,519,327,03227-00309-00327,Step Towards Empowerment of the Poor,300,Loan from Other MFIs,,0.0,5902195,2.64
2025-06,519,327,03227-00309-00327,Step Towards Empowerment of the Poor,300,Loan from Commercial Banks,3740825,2.33,10558761,4.71
2025-06,519,327,03227-00309-00327,Step Towards Empowerment of the Poor,300,Other loans,,0.0,28575000,12.76
2025-06,519,327,03227-00309-00327,Step Towards Empowerment of the Poor,300,Cumulative Surplus,80082539,49.78,29096975,12.99
2025-06,519,327,03227-00309-00327,Step Towards Empowerment of the Poor,300,Other Fund,2292619,1.43,65311683,29.16
2025-06,519,327,03227-00309-00327,Step Towards Empowerment of the Poor,300,Total,160859365,100,223952904,100
2025-06,520,297,01996-00602-00297,Sthanio Unnayan Sangstha,300,Clients' Savings,20645806,31.28,19241082,28.41
2025-06,520,297,01996-00602-00297,Sthanio Unnayan Sangstha,300,Other loans,35655000,54.03,40151226,59.28
2025-06,520,297,01996-00602-00297,Sthanio Unnayan Sangstha,300,Cumulative Surplus,6660600,10.09,5805105,8.57
2025-06,520,297,01996-00602-00297,Sthanio Unnayan Sangstha,300,Other Fund,3032079,4.59,2532710,3.74
2025-06,520,297,01996-00602-00297,Sthanio Unnayan Sangstha,300,Total,65993485,100,67730123,100
2025-06,521,476,03853-01807-00476,Stitching Land Ontwikkelings Project Bangladesh,300,Clients' Savings,41414388,31.48,38967778,43.27
2025-06,521,476,03853-01807-00476,Stitching Land Ontwikkelings Project Bangladesh,300,Other loans,33970160,25.82,279280,0.31
2025-06,521,476,03853-01807-00476,Stitching Land Ontwikkelings Project Bangladesh,300,Cumulative Surplus,46015929,34.97,42623563,47.33
2025-06,521,476,03853-01807-00476,Stitching Land Ontwikkelings Project Bangladesh,300,Other Fund,10167932,7.73,8182248,9.09
2025-06,521,476,03853-01807-00476,Stitching Land Ontwikkelings Project Bangladesh,300,Total,131568409,100,90052869,100
2025-06,522,267,02373-04595-00267,Suchana Samaj Unnayan Sangstha,300,Clients' Savings,20246644,20.75,22672611,17.23
2025-06,522,267,02373-04595-00267,Suchana Samaj Unnayan Sangstha,300,Loan from PKSF,56949955,58.36,92016622,69.94
2025-06,522,267,02373-04595-00267,Suchana Samaj Unnayan Sangstha,300,Other loans,2115590,2.17,925054,0.7
2025-06,522,267,02373-04595-00267,Suchana Samaj Unnayan Sangstha,300,Cumulative Surplus,-1350733,-1.38,15941442,12.12
2025-06,522,267,02373-04595-00267,Suchana Samaj Unnayan Sangstha,300,Other Fund,19616659,20.1,,0.0
2025-06,522,267,02373-04595-00267,Suchana Samaj Unnayan Sangstha,300,Total,97578115,100,131555729,100
2025-06,523,698,05400-01060-00698,Supta Protiva Bikash Sangstha,301,Clients' Savings,11137256,27.75,9440293,25.13
2025-06,523,698,05400-01060-00698,Supta Protiva Bikash Sangstha,301,Other loans,19175000,47.78,20850000,55.51
2025-06,523,698,05400-01060-00698,Supta Protiva Bikash Sangstha,301,Cumulative Surplus,7213848,17.98,5229551,13.92
2025-06,523,698,05400-01060-00698,Supta Protiva Bikash Sangstha,301,Other Fund,2604292,6.49,2039236,5.43
2025-06,523,698,05400-01060-00698,Supta Protiva Bikash Sangstha,301,Total,40130396,100,37559080,100
2025-06,524,886,32021-00139-00886,Surjer Alo Jonokallayn Songstha (SPWO),301,Clients' Savings,3160338,17.8,2573548,19.33
2025-06,524,886,32021-00139-00886,Surjer Alo Jonokallayn Songstha (SPWO),301,Other loans,8866630,49.93,8866630,66.59
2025-06,524,886,32021-00139-00886,Surjer Alo Jonokallayn Songstha (SPWO),301,Cumulative Surplus,3314709,18.67,1260597,9.47
2025-06,524,886,32021-00139-00886,Surjer Alo Jonokallayn Songstha (SPWO),301,Other Fund,2417000,13.61,615242,4.62
2025-06,524,886,32021-00139-00886,Surjer Alo Jonokallayn Songstha (SPWO),301,Total,17758677,100,13316017,100
2025-06,525,751,02604-04329-00751,Surovi,301,Clients' Savings,2866443,32.97,2781413,31.78
2025-06,525,751,02604-04329-00751,Surovi,301,Loan from Commercial Banks,22291,0.26,,0.0
2025-06,525,751,02604-04329-00751,Surovi,301,Cumulative Surplus,3009684,34.62,3174608,36.27
2025-06,525,751,02604-04329-00751,Surovi,301,Other Fund,2796103,32.16,2796599,31.95
2025-06,525,751,02604-04329-00751,Surovi,301,Total,8694521,100,8752620,100
2025-06,526,811,21112-00467-00811,Swadesh Sheba (SS),301,Clients' Savings,1305198,19.03,1627860,21.61
2025-06,526,811,21112-00467-00811,Swadesh Sheba (SS),301,Donors' Fund,,0.0,3947145,52.4
2025-06,526,811,21112-00467-00811,Swadesh Sheba (SS),301,Cumulative Surplus,1464517,21.35,1340922,17.8
2025-06,526,811,21112-00467-00811,Swadesh Sheba (SS),301,Other Fund,4090589,59.63,616324,8.18
2025-06,526,811,21112-00467-00811,Swadesh Sheba (SS),301,Total,6860304,100,7532251,100
2025-06,527,559,01259-00750-00559,Swadesh Unnayan Sangstha- Gopalgonj (SUSG),301,Clients' Savings,15390570,33.29,16228146,38.44
2025-06,527,559,01259-00750-00559,Swadesh Unnayan Sangstha- Gopalgonj (SUSG),301,Cumulative Surplus,20334797,43.98,19278994,45.67
2025-06,527,559,01259-00750-00559,Swadesh Unnayan Sangstha- Gopalgonj (SUSG),301,Other Fund,10512692,22.74,6708017,15.89
2025-06,527,559,01259-00750-00559,Swadesh Unnayan Sangstha- Gopalgonj (SUSG),301,Total,46238059,100,42215157,100
2025-06,528,608,00848-00578-00608,Swakalpa Society (Swakalpo),301,Clients' Savings,5856206,25.68,4700268,23.92
2025-06,528,608,00848-00578-00608,Swakalpa Society (Swakalpo),301,Loan from PKSF,,0.0,4240000,21.58
2025-06,528,608,00848-00578-00608,Swakalpa Society (Swakalpo),301,Other loans,6040000,26.48,2871575,14.62
2025-06,528,608,00848-00578-00608,Swakalpa Society (Swakalpo),301,Cumulative Surplus,5595262,24.53,5563808,28.32
2025-06,528,608,00848-00578-00608,Swakalpa Society (Swakalpo),301,Other Fund,5314455,23.3,2271266,11.56
2025-06,528,608,00848-00578-00608,Swakalpa Society (Swakalpo),301,Total,22805923,100,19646917,100
2025-06,529,93,01547-00063-00093,Taltala Jubo Unnayon Sangothon (TYDA),301,Clients' Savings,2795981,30.9,3808986,52.14
2025-06,529,93,01547-00063-00093,Taltala Jubo Unnayon Sangothon (TYDA),301,Other loans,769000,8.5,,0.0
2025-06,529,93,01547-00063-00093,Taltala Jubo Unnayon Sangothon (TYDA),301,Cumulative Surplus,3241586,35.83,2923108,40.01
2025-06,529,93,01547-00063-00093,Taltala Jubo Unnayon Sangothon (TYDA),301,Other Fund,2241381,24.77,573243,7.85
2025-06,529,93,01547-00063-00093,Taltala Jubo Unnayon Sangothon (TYDA),301,Total,9047948,100,7305337,100
2025-06,530,653,02370-00151-00653,Tarana Trust,301,Clients' Savings,34925204,51.38,27235715,47.25
2025-06,530,653,02370-00151-00653,Tarana Trust,301,Loan from Commercial Banks,3016272,4.44,4716008,8.18
2025-06,530,653,02370-00151-00653,Tarana Trust,301,Other loans,17552100,25.82,15523317,26.93
2025-06,530,653,02370-00151-00653,Tarana Trust,301,Cumulative Surplus,7867906,11.58,6452218,11.19
2025-06,530,653,02370-00151-00653,Tarana Trust,301,Other Fund,4611292,6.78,3719955,6.45
2025-06,530,653,02370-00151-00653,Tarana Trust,301,Total,67972774,100,57647213,100
2025-06,531,523,01152-01809-00523,Training Assistance & Rural Advancement Non-Govt. Organization (Tarango),302,Clients' Savings,60349224,37.66,48859683,37.14
2025-06,531,523,01152-01809-00523,Training Assistance & Rural Advancement Non-Govt. Organization (Tarango),302,Loan from PKSF,55600000,34.7,49000000,37.25
2025-06,531,523,01152-01809-00523,Training Assistance & Rural Advancement Non-Govt. Organization (Tarango),302,Other loans,14516156,9.06,10714932,8.15
2025-06,531,523,01152-01809-00523,Training Assistance & Rural Advancement Non-Govt. Organization (Tarango),302,Cumulative Surplus,21532214,13.44,16217679,12.33
2025-06,531,523,01152-01809-00523,Training Assistance & Rural Advancement Non-Govt. Organization (Tarango),302,Other Fund,8248783,5.15,6755213,5.14
2025-06,531,523,01152-01809-00523,Training Assistance & Rural Advancement Non-Govt. Organization (Tarango),302,Total,160246377,100,131547507,100
2025-06,532,699,01822-02985-00699,Technical Assistance For Rural Development,302,Clients' Savings,61797130,48.16,61264286,46.02
2025-06,532,699,01822-02985-00699,Technical Assistance For Rural Development,302,Loan from Commercial Banks,3900000,3.04,,0.0
2025-06,532,699,01822-02985-00699,Technical Assistance For Rural Development,302,Other loans,35576000,27.73,35649572,26.78
2025-06,532,699,01822-02985-00699,Technical Assistance For Rural Development,302,Cumulative Surplus,4494724,3.5,12803348,9.62
2025-06,532,699,01822-02985-00699,Technical Assistance For Rural Development,302,Other Fund,22545162,17.57,23393701,17.57
2025-06,532,699,01822-02985-00699,Technical Assistance For Rural Development,302,Total,128313016,100,133110907,100
2025-06,533,621,00428-01937-00621,Tekshoi Unnayan Sangstha (TUS),302,Clients' Savings,88933803,60.4,75495858,58.43
2025-06,533,621,00428-01937-00621,Tekshoi Unnayan Sangstha (TUS),302,Loan from Commercial Banks,12677819,8.61,4432629,3.43
2025-06,533,621,00428-01937-00621,Tekshoi Unnayan Sangstha (TUS),302,Other loans,30269216,20.56,33434889,25.88
2025-06,533,621,00428-01937-00621,Tekshoi Unnayan Sangstha (TUS),302,Cumulative Surplus,6568208,4.46,6103444,4.72
2025-06,533,621,00428-01937-00621,Tekshoi Unnayan Sangstha (TUS),302,Other Fund,8793619,5.97,9744774,7.54
2025-06,533,621,00428-01937-00621,Tekshoi Unnayan Sangstha (TUS),302,Total,147242665,100,129211594,100
2025-06,534,550,01921-04875-00550,Thanapara Swallows Development Society,302,Clients' Savings,6398027,41.66,6532066,46.78
2025-06,534,550,01921-04875-00550,Thanapara Swallows Development Society,302,Other loans,1120000,7.29,932900,6.68
2025-06,534,550,01921-04875-00550,Thanapara Swallows Development Society,302,Cumulative Surplus,5942279,38.69,4822574,34.54
2025-06,534,550,01921-04875-00550,Thanapara Swallows Development Society,302,Other Fund,1897112,12.35,1675145,12.0
2025-06,534,550,01921-04875-00550,Thanapara Swallows Development Society,302,Total,15357418,100,13962685,100
2025-06,535,105,00704-00470-00105,TMSS,302,Clients' Savings,27385329982,42.29,22491926061,36.01
2025-06,535,105,00704-00470-00105,TMSS,302,Loan from PKSF,6745821014,10.42,6354552840,10.17
2025-06,535,105,00704-00470-00105,TMSS,302,Loan from Commercial Banks,5283359768,8.16,7769481593,12.44
2025-06,535,105,00704-00470-00105,TMSS,302,Other loans,143186154,0.22,95592367,0.15
2025-06,535,105,00704-00470-00105,TMSS,302,Cumulative Surplus,23168249396,35.78,21289169222,34.08
2025-06,535,105,00704-00470-00105,TMSS,302,Other Fund,2034721139,3.14,4466951433,7.15
2025-06,535,105,00704-00470-00105,TMSS,302,Total,64760667453,100.0,62467673516,100
2025-06,536,521,00803-00269-00521,Tribedi Mahila Samaj Unnayan Sangstha,302,Clients' Savings,14170545,39.18,12937745,37.37
2025-06,536,521,00803-00269-00521,Tribedi Mahila Samaj Unnayan Sangstha,302,Other loans,498795,1.38,248745,0.72
2025-06,536,521,00803-00269-00521,Tribedi Mahila Samaj Unnayan Sangstha,302,Cumulative Surplus,21401759,59.18,21283247,61.47
2025-06,536,521,00803-00269-00521,Tribedi Mahila Samaj Unnayan Sangstha,302,Other Fund,94287,0.26,154287,0.45
2025-06,536,521,00803-00269-00521,Tribedi Mahila Samaj Unnayan Sangstha,302,Total,36165386,100,34624024,100
2025-06,537,858,21112-00344-00858,Trishna Samaj Kallyan Sangstha,303,Clients' Savings,4682982,46.56,3793310,47.53
2025-06,537,858,21112-00344-00858,Trishna Samaj Kallyan Sangstha,303,Cumulative Surplus,4073869,40.5,3231102,40.49
2025-06,537,858,21112-00344-00858,Trishna Samaj Kallyan Sangstha,303,Other Fund,1300977,12.93,956159,11.98
2025-06,537,858,21112-00344-00858,Trishna Samaj Kallyan Sangstha,303,Total,10057828,100,7980571,100
2025-06,538,587,01714-01452-00587,Udayan Samity (US),303,Clients' Savings,8173206,54.04,8705134,58.04
2025-06,538,587,01714-01452-00587,Udayan Samity (US),303,Cumulative Surplus,6606365,43.68,5959702,39.74
2025-06,538,587,01714-01452-00587,Udayan Samity (US),303,Other Fund,343704,2.27,333552,2.22
2025-06,538,587,01714-01452-00587,Udayan Samity (US),303,Total,15123275,100,14998388,100
2025-06,539,577,01027-03176-00577,Udayan Sangstha,303,Clients' Savings,4615077,59.06,4330921,39.71
2025-06,539,577,01027-03176-00577,Udayan Sangstha,303,Other loans,,0.0,3720000,34.11
2025-06,539,577,01027-03176-00577,Udayan Sangstha,303,Cumulative Surplus,1795493,22.98,1625030,14.9
2025-06,539,577,01027-03176-00577,Udayan Sangstha,303,Other Fund,1403946,17.97,1230146,11.28
2025-06,539,577,01027-03176-00577,Udayan Sangstha,303,Total,7814516,100,10906097,100
2025-06,540,165,00389-00173-00165,Udoy (Akti SamajKallyanmulak Protisthan,303,Clients' Savings,5492798,15.51,7683467,20.43
2025-06,540,165,00389-00173-00165,Udoy (Akti SamajKallyanmulak Protisthan,303,Loan from Commercial Banks,15775619,44.54,24347840,64.73
2025-06,540,165,00389-00173-00165,Udoy (Akti SamajKallyanmulak Protisthan,303,Other loans,10632280,30.02,,0.0
2025-06,540,165,00389-00173-00165,Udoy (Akti SamajKallyanmulak Protisthan,303,Cumulative Surplus,2901887,8.19,4973552,13.22
2025-06,540,165,00389-00173-00165,Udoy (Akti SamajKallyanmulak Protisthan,303,Other Fund,617334,1.74,611734,1.63
2025-06,540,165,00389-00173-00165,Udoy (Akti SamajKallyanmulak Protisthan,303,Total,35419918,100,37616593,100
2025-06,541,415,01868-02583-00415,UJAN (Akti Manab Kallyan Sangstha),303,Clients' Savings,16618271,77.43,20604567,76.13
2025-06,541,415,01868-02583-00415,UJAN (Akti Manab Kallyan Sangstha),303,Loan from Other MFIs,99942,0.47,149942,0.55
2025-06,541,415,01868-02583-00415,UJAN (Akti Manab Kallyan Sangstha),303,Cumulative Surplus,341916,1.59,1993762,7.37
2025-06,541,415,01868-02583-00415,UJAN (Akti Manab Kallyan Sangstha),303,Other Fund,4400848,20.51,4316748,15.95
2025-06,541,415,01868-02583-00415,UJAN (Akti Manab Kallyan Sangstha),303,Total,21460977,100,27065019,100
2025-06,542,3,00123-00848-00003,United Development Initiatives for Programmed Actions-(UDDIPAN),303,Clients' Savings,15329818465,58.29,14249738936,52.94
2025-06,542,3,00123-00848-00003,United Development Initiatives for Programmed Actions-(UDDIPAN),303,Loan from PKSF,235800000,0.9,556683332,2.07
2025-06,542,3,00123-00848-00003,United Development Initiatives for Programmed Actions-(UDDIPAN),303,Loan from Govt.,,0.0,353500000,1.31
2025-06,542,3,00123-00848-00003,United Development Initiatives for Programmed Actions-(UDDIPAN),303,Loan from Commercial Banks,3601405129,13.69,6489737639,24.11
2025-06,542,3,00123-00848-00003,United Development Initiatives for Programmed Actions-(UDDIPAN),303,Other loans,3657693666,13.91,153902024,0.57
2025-06,542,3,00123-00848-00003,United Development Initiatives for Programmed Actions-(UDDIPAN),303,Cumulative Surplus,3055689167,11.62,4411940107,16.39
2025-06,542,3,00123-00848-00003,United Development Initiatives for Programmed Actions-(UDDIPAN),303,Other Fund,416668703,1.58,701497415,2.61
2025-06,542,3,00123-00848-00003,United Development Initiatives for Programmed Actions-(UDDIPAN),303,Total,26297942346,100,26916999453,100
2025-06,543,435,00772-03919-00435,United Social Human Advancement Foundation (USHA),303,Clients' Savings,553429530,48.69,506529065,47.64
2025-06,543,435,00772-03919-00435,United Social Human Advancement Foundation (USHA),303,Loan from Commercial Banks,330523597,29.08,318334532,29.94
2025-06,543,435,00772-03919-00435,United Social Human Advancement Foundation (USHA),303,Cumulative Surplus,153196234,13.48,143785889,13.52
2025-06,543,435,00772-03919-00435,United Social Human Advancement Foundation (USHA),303,Other Fund,99490303,8.75,94698874,8.91
2025-06,543,435,00772-03919-00435,United Social Human Advancement Foundation (USHA),303,Total,1136639664,100,1063348360,100
2025-06,544,744,04072-03936-00744,Unmesh,303,Clients' Savings,21623253,65.3,19638419,63.29
2025-06,544,744,04072-03936-00744,Unmesh,303,Other loans,8783822,26.53,8647809,27.87
2025-06,544,744,04072-03936-00744,Unmesh,303,Cumulative Surplus,1290288,3.9,,0.0
2025-06,544,744,04072-03936-00744,Unmesh,303,Other Fund,1414682,4.27,2741937,8.84
2025-06,544,744,04072-03936-00744,Unmesh,303,Total,33112045,100,31028165,100
2025-06,545,113,01224-00043-00113,UNNAYAN,304,Clients' Savings,241127576,23.37,247134682,23.17
2025-06,545,113,01224-00043-00113,UNNAYAN,304,Loan from PKSF,463074166,44.88,587916665,55.11
2025-06,545,113,01224-00043-00113,UNNAYAN,304,Loan from Commercial Banks,55160154,5.35,44170779,4.14
2025-06,545,113,01224-00043-00113,UNNAYAN,304,Other loans,51000000,4.94,,0.0
2025-06,545,113,01224-00043-00113,UNNAYAN,304,Cumulative Surplus,152400484,14.77,166947830,15.65
2025-06,545,113,01224-00043-00113,UNNAYAN,304,Other Fund,69035061,6.69,20581547,1.93
2025-06,545,113,01224-00043-00113,UNNAYAN,304,Total,1031797441,100,1066751503,100
2025-06,546,57,01403-01118-00057,Unnayan Prochesta (UP),304,Clients' Savings,256782492,23.15,208979602,24.36
2025-06,546,57,01403-01118-00057,Unnayan Prochesta (UP),304,Loan from PKSF,679107359,61.22,520115536,60.62
2025-06,546,57,01403-01118-00057,Unnayan Prochesta (UP),304,Loan from Commercial Banks,,0.0,24915574,2.9
2025-06,546,57,01403-01118-00057,Unnayan Prochesta (UP),304,Cumulative Surplus,109473800,9.87,84432222,9.84
2025-06,546,57,01403-01118-00057,Unnayan Prochesta (UP),304,Other Fund,63962939,5.77,19562595,2.28
2025-06,546,57,01403-01118-00057,Unnayan Prochesta (UP),304,Total,1109326590,100,858005529,100
2025-06,547,329,01164-02190-00329,Unnayan Sahayak Sangstha (USS),304,Clients' Savings,52102835,35.08,54876526,38.51
2025-06,547,329,01164-02190-00329,Unnayan Sahayak Sangstha (USS),304,Other loans,,0.0,500000,0.35
2025-06,547,329,01164-02190-00329,Unnayan Sahayak Sangstha (USS),304,Cumulative Surplus,79244810,53.35,72602485,50.94
2025-06,547,329,01164-02190-00329,Unnayan Sahayak Sangstha (USS),304,Other Fund,17183703,11.57,14535946,10.2
2025-06,547,329,01164-02190-00329,Unnayan Sahayak Sangstha (USS),304,Total,148531347,100,142514957,100
2025-06,548,92,05225-02132-00092,Unnayan Sangha (US),304,Clients' Savings,19650952,46.45,21338550,50.51
2025-06,548,92,05225-02132-00092,Unnayan Sangha (US),304,Loan from Other MFIs,10969162,25.93,,0.0
2025-06,548,92,05225-02132-00092,Unnayan Sangha (US),304,Cumulative Surplus,11685816,27.62,12530864,29.66
2025-06,548,92,05225-02132-00092,Unnayan Sangha (US),304,Other Fund,,0.0,8379641,19.83
2025-06,548,92,05225-02132-00092,Unnayan Sangha (US),304,Total,42305930,100,42249055,100
2025-06,549,484,02266-01415-00484,USHA,304,Clients' Savings,38918265,49.54,34488130,44.73
2025-06,549,484,02266-01415-00484,USHA,304,Loan from PKSF,5350000,6.81,500000,0.65
2025-06,549,484,02266-01415-00484,USHA,304,Loan from Other MFIs,,0.0,1200000,1.56
2025-06,549,484,02266-01415-00484,USHA,304,Loan from Commercial Banks,3500000,4.45,13500000,17.51
2025-06,549,484,02266-01415-00484,USHA,304,Cumulative Surplus,25548039,32.52,23080312,29.93
2025-06,549,484,02266-01415-00484,USHA,304,Other Fund,5247154,6.68,4342295,5.63
2025-06,549,484,02266-01415-00484,USHA,304,Total,78563458,100,77110737,100
2025-06,550,632,01700-00203-00632,USHA BANGLADESH,304,Clients' Savings,1839673,34.51,2272215,34.18
2025-06,550,632,01700-00203-00632,USHA BANGLADESH,304,Other loans,203691,3.82,1065427,16.03
2025-06,550,632,01700-00203-00632,USHA BANGLADESH,304,Cumulative Surplus,2227669,41.78,2253577,33.9
2025-06,550,632,01700-00203-00632,USHA BANGLADESH,304,Other Fund,1060575,19.89,1055906,15.89
2025-06,550,632,01700-00203-00632,USHA BANGLADESH,304,Total,5331608,100,6647125,100
2025-06,551,885,32021-00131-00885,Utsorgo Manob Kallayn Songstha,305,Clients' Savings,2041988,34.58,1066299,36.01
2025-06,551,885,32021-00131-00885,Utsorgo Manob Kallayn Songstha,305,Cumulative Surplus,3180549,53.87,1532037,51.73
2025-06,551,885,32021-00131-00885,Utsorgo Manob Kallayn Songstha,305,Other Fund,681866,11.55,363016,12.26
2025-06,551,885,32021-00131-00885,Utsorgo Manob Kallayn Songstha,305,Total,5904403,100,2961352,100
2025-06,552,85,03747-00981-00085,Uttara Development Program Society (UDPS),305,Clients' Savings,1192777328,34.27,780970101,24.48
2025-06,552,85,03747-00981-00085,Uttara Development Program Society (UDPS),305,Loan from PKSF,621112500,17.84,481300000,15.08
2025-06,552,85,03747-00981-00085,Uttara Development Program Society (UDPS),305,Loan from Commercial Banks,416020274,11.95,591047382,18.52
2025-06,552,85,03747-00981-00085,Uttara Development Program Society (UDPS),305,Other loans,90600000,2.6,256699753,8.05
2025-06,552,85,03747-00981-00085,Uttara Development Program Society (UDPS),305,Cumulative Surplus,870574355,25.01,819122822,25.67
2025-06,552,85,03747-00981-00085,Uttara Development Program Society (UDPS),305,Other Fund,289589707,8.32,261614240,8.2
2025-06,552,85,03747-00981-00085,Uttara Development Program Society (UDPS),305,Total,3480674164,100,3190754298,100
2025-06,553,277,01366-02704-00277,Uttaran,305,Clients' Savings,147568451,41.29,155946806,43.75
2025-06,553,277,01366-02704-00277,Uttaran,305,Loan from Commercial Banks,55000000,15.39,88173465,24.73
2025-06,553,277,01366-02704-00277,Uttaran,305,Other loans,45615922,12.76,7968718,2.24
2025-06,553,277,01366-02704-00277,Uttaran,305,Cumulative Surplus,89188250,24.95,86081003,24.15
2025-06,553,277,01366-02704-00277,Uttaran,305,Other Fund,20045730,5.61,18319618,5.14
2025-06,553,277,01366-02704-00277,Uttaran,305,Total,357418353,100,356489610,100
2025-06,554,853,21112-00357-00853,VARSA,305,Clients' Savings,5997153,32.92,5182557,29.93
2025-06,554,853,21112-00357-00853,VARSA,305,Other loans,6628000,36.39,5974000,34.51
2025-06,554,853,21112-00357-00853,VARSA,305,Donors' Fund,3500000,19.22,3500000,20.22
2025-06,554,853,21112-00357-00853,VARSA,305,Cumulative Surplus,1399797,7.68,982291,5.67
2025-06,554,853,21112-00357-00853,VARSA,305,Other Fund,689761,3.79,1674007,9.67
2025-06,554,853,21112-00357-00853,VARSA,305,Total,18214711,100,17312855,100
2025-06,555,351,00287-00086-00351,Village & City Development Society,305,Clients' Savings,351597744,79.86,342265559,80.51
2025-06,555,351,00287-00086-00351,Village & City Development Society,305,Other loans,31138000,7.07,27843000,6.55
2025-06,555,351,00287-00086-00351,Village & City Development Society,305,Cumulative Surplus,51763524,11.76,49496160,11.64
2025-06,555,351,00287-00086-00351,Village & City Development Society,305,Other Fund,5751503,1.31,5499573,1.29
2025-06,555,351,00287-00086-00351,Village & City Development Society,305,Total,440250771,100,425104292,100
2025-06,556,211,02229-00803-00211,Village Development Foundation (VDF),305,Clients' Savings,17601636,48.72,12801829,43.38
2025-06,556,211,02229-00803-00211,Village Development Foundation (VDF),305,Loan from PKSF,30240000,83.7,30340000,102.81
2025-06,556,211,02229-00803-00211,Village Development Foundation (VDF),305,Loan from Commercial Banks,1768500,4.9,2400000,8.13
2025-06,556,211,02229-00803-00211,Village Development Foundation (VDF),305,Cumulative Surplus,-16104352,-44.58,-16031793,-54.33
2025-06,556,211,02229-00803-00211,Village Development Foundation (VDF),305,Other Fund,2622221,7.26,,0.0
2025-06,556,211,02229-00803-00211,Village Development Foundation (VDF),305,Total,36128005,100,29510036,100
2025-06,557,17,01275-00523-00017,Village Education Resource Center (VERC),305,Clients' Savings,1705949632,28.07,1376474957,27.51
2025-06,557,17,01275-00523-00017,Village Education Resource Center (VERC),305,Loan from PKSF,1377539587,22.66,995608335,19.9
2025-06,557,17,01275-00523-00017,Village Education Resource Center (VERC),305,Loan from Commercial Banks,992979428,16.34,814092558,16.27
2025-06,557,17,01275-00523-00017,Village Education Resource Center (VERC),305,Cumulative Surplus,1411232930,23.22,1520975698,30.4
2025-06,557,17,01275-00523-00017,Village Education Resource Center (VERC),305,Other Fund,590351562,9.71,296261430,5.92
2025-06,557,17,01275-00523-00017,Village Education Resource Center (VERC),305,Total,6078053138,100,5003412978,100
2025-06,558,665,01304-00730-00665,Voluntary Activities for Social & Human Advancement Foundation,306,Clients' Savings,37411286,50.13,30309866,35.67
2025-06,558,665,01304-00730-00665,Voluntary Activities for Social & Human Advancement Foundation,306,Loan from Commercial Banks,2000000,2.68,117953,0.14
2025-06,558,665,01304-00730-00665,Voluntary Activities for Social & Human Advancement Foundation,306,Other loans,250481,0.34,25494149,30.01
2025-06,558,665,01304-00730-00665,Voluntary Activities for Social & Human Advancement Foundation,306,Cumulative Surplus,23204910,31.09,19156695,22.55
2025-06,558,665,01304-00730-00665,Voluntary Activities for Social & Human Advancement Foundation,306,Other Fund,11763002,15.76,9882901,11.63
2025-06,558,665,01304-00730-00665,Voluntary Activities for Social & Human Advancement Foundation,306,Total,74629679,100,84961564,100
2025-06,559,338,00010-00891-00338,Voluntary Association for Rural People,306,Clients' Savings,18795226,60.65,20501489,71.38
2025-06,559,338,00010-00891-00338,Voluntary Association for Rural People,306,Loan from Commercial Banks,5857173,18.9,2500000,8.7
2025-06,559,338,00010-00891-00338,Voluntary Association for Rural People,306,Cumulative Surplus,5035421,16.25,4463781,15.54
2025-06,559,338,00010-00891-00338,Voluntary Association for Rural People,306,Other Fund,1303990,4.21,1257165,4.38
2025-06,559,338,00010-00891-00338,Voluntary Association for Rural People,306,Total,30991810,100,28722435,100
2025-06,560,230,01743-04193-00230,Voluntary Organization for Rural Development (VORD),306,Clients' Savings,2713757,26.73,2884594,28.2
2025-06,560,230,01743-04193-00230,Voluntary Organization for Rural Development (VORD),306,Donors' Fund,983819,9.69,983819,9.62
2025-06,560,230,01743-04193-00230,Voluntary Organization for Rural Development (VORD),306,Cumulative Surplus,3947748,38.88,3931222,38.44
2025-06,560,230,01743-04193-00230,Voluntary Organization for Rural Development (VORD),306,Other Fund,2508960,24.71,2428020,23.74
2025-06,560,230,01743-04193-00230,Voluntary Organization for Rural Development (VORD),306,Total,10154284,100,10227655,100
2025-06,561,243,00029-00197-00243,VPKA Foundation,306,Clients' Savings,158425082,25.55,131267972,27.11
2025-06,561,243,00029-00197-00243,VPKA Foundation,306,Loan from PKSF,301833333,48.67,242366664,50.05
2025-06,561,243,00029-00197-00243,VPKA Foundation,306,Loan from Govt.,5857144,0.94,1071427,0.22
2025-06,561,243,00029-00197-00243,VPKA Foundation,306,Other loans,10500000,1.69,,0.0
2025-06,561,243,00029-00197-00243,VPKA Foundation,306,Cumulative Surplus,76887108,12.4,60102639,12.41
2025-06,561,243,00029-00197-00243,VPKA Foundation,306,Other Fund,66625596,10.74,49444905,10.21
2025-06,561,243,00029-00197-00243,VPKA Foundation,306,Total,620128263,100,484253607,100
2025-06,562,23,04908-00607-00023,Wave Foundation,306,Clients' Savings,2015888262,21.41,1684564111,21.72
2025-06,562,23,04908-00607-00023,Wave Foundation,306,Loan from PKSF,1775617914,18.86,1513118967,19.51
2025-06,562,23,04908-00607-00023,Wave Foundation,306,Loan from Commercial Banks,2396004081,25.45,2193987879,28.29
2025-06,562,23,04908-00607-00023,Wave Foundation,306,Other loans,1831120465,19.45,1105817967,14.26
2025-06,562,23,04908-00607-00023,Wave Foundation,306,Cumulative Surplus,1071971347,11.38,989773988,12.76
2025-06,562,23,04908-00607-00023,Wave Foundation,306,Other Fund,325389689,3.46,268879774,3.47
2025-06,562,23,04908-00607-00023,Wave Foundation,306,Total,9415991758,100,7756142686,100
2025-06,563,656,04902-02805-00656,Women Job Creation Centre,306,Clients' Savings,3691081,43.37,4437215,40.41
2025-06,563,656,04902-02805-00656,Women Job Creation Centre,306,Other loans,4050,0.05,400000,3.64
2025-06,563,656,04902-02805-00656,Women Job Creation Centre,306,Cumulative Surplus,3335338,39.19,2900506,26.41
2025-06,563,656,04902-02805-00656,Women Job Creation Centre,306,Other Fund,1479592,17.39,3243085,29.53
2025-06,563,656,04902-02805-00656,Women Job Creation Centre,306,Total,8510061,100,10980806,100
2025-06,564,386,00036-03978-00386,World Concern Bangladesh,306,Clients' Savings,185801265,34.42,174436743,35.03
2025-06,564,386,00036-03978-00386,World Concern Bangladesh,306,Donors' Fund,82659591,15.31,82659591,16.6
2025-06,564,386,00036-03978-00386,World Concern Bangladesh,306,Cumulative Surplus,203979395,37.79,180604355,36.26
2025-06,564,386,00036-03978-00386,World Concern Bangladesh,306,Other Fund,67346826,12.48,60322596,12.11
2025-06,564,386,00036-03978-00386,World Concern Bangladesh,306,Total,539787077,100,498023285,100
2025-06,565,335,00299-01249-00335,Young Power in Social Action (YPSA),307,Clients' Savings,1263915132,32.52,1069921769,32.94
2025-06,565,335,00299-01249-00335,Young Power in Social Action (YPSA),307,Loan from PKSF,1943304216,50.0,1607205631,49.48
2025-06,565,335,00299-01249-00335,Young Power in Social Action (YPSA),307,Other loans,31428574,0.81,4464287,0.14
2025-06,565,335,00299-01249-00335,Young Power in Social Action (YPSA),307,Cumulative Surplus,535888445,13.79,434291307,13.37
2025-06,565,335,00299-01249-00335,Young Power in Social Action (YPSA),307,Other Fund,112017917,2.88,132311494,4.07
2025-06,565,335,00299-01249-00335,Young Power in Social Action (YPSA),307,Total,3886554284,100,3248194488,100
2025-06,566,551,04978-00711-00551,Young Women’s Christian Association of Bangladesh (YWCA),307,Clients' Savings,238140117,54.68,236716313,56.41
2025-06,566,551,04978-00711-00551,Young Women’s Christian Association of Bangladesh (YWCA),307,Loan from Other MFIs,27183865,6.24,,0.0
2025-06,566,551,04978-00711-00551,Young Women’s Christian Association of Bangladesh (YWCA),307,Other loans,,0.0,4390473,1.05
2025-06,566,551,04978-00711-00551,Young Women’s Christian Association of Bangladesh (YWCA),307,Cumulative Surplus,107366261,24.65,98457768,23.46
2025-06,566,551,04978-00711-00551,Young Women’s Christian Association of Bangladesh (YWCA),307,Other Fund,62808298,14.42,80061550,19.08
2025-06,566,551,04978-00711-00551,Young Women’s Christian Association of Bangladesh (YWCA),307,Total,435498541,100,419626104,100
2025-06,567,734,00056-01720-00734,Youth Initiative For Socio-Economic Activity,307,Clients' Savings,10460479,38.16,7517137,53.45
2025-06,567,734,00056-01720-00734,Youth Initiative For Socio-Economic Activity,307,Other loans,9000000,32.83,,0.0
2025-06,567,734,00056-01720-00734,Youth Initiative For Socio-Economic Activity,307,Donors' Fund,292792,1.07,292792,2.08
2025-06,567,734,00056-01720-00734,Youth Initiative For Socio-Economic Activity,307,Cumulative Surplus,7005090,25.55,5933471,42.19
2025-06,567,734,00056-01720-00734,Youth Initiative For Socio-Economic Activity,307,Other Fund,656742,2.4,320000,2.28
2025-06,567,734,00056-01720-00734,Youth Initiative For Socio-Economic Activity,307,Total,27415103,100,14063400,100
2025-06,568,337,00599-00018-00337,Zagoroni,307,Clients' Savings,72013241,56.27,68217229,57.09
2025-06,568,337,00599-00018-00337,Zagoroni,307,Other loans,11060364,8.64,12450000,10.42
2025-06,568,337,00599-00018-00337,Zagoroni,307,Cumulative Surplus,17625888,13.77,18605973,15.57
2025-06,568,337,00599-00018-00337,Zagoroni,307,Other Fund,27268729,21.31,20216814,16.92
2025-06,568,337,00599-00018-00337,Zagoroni,307,Total,127968222,100,119490016,100
2025-06,569,818,21112-00702-00818,Zilik Foundation (ZF),307,Clients' Savings,1881370,20.78,2688053,27.26
2025-06,569,818,21112-00702-00818,Zilik Foundation (ZF),307,Donors' Fund,1282324,14.16,,0.0
2025-06,569,818,21112-00702-00818,Zilik Foundation (ZF),307,Cumulative Surplus,5890164,65.06,1282325,13.0
2025-06,569,818,21112-00702-00818,Zilik Foundation (ZF),307,Other Fund,,0.0,5890164,59.73
2025-06,569,818,21112-00702-00818,Zilik Foundation (ZF),307,Total,9053858,100,9860542,100
